CO_ESCOLA;NO_ESCOLA;CO_MUNICIPIO;NO_MUNICIPIO;DEPENDENCIA;LOCALIZACAO;FONTE_IDENTIFICACAO;QTD_REGISTROS;QTD_PARTICIPANTES_CN;MEDIA_CN;QTD_PARTICIPANTES_CH;MEDIA_CH;QTD_PARTICIPANTES_LC;MEDIA_LC;QTD_PARTICIPANTES_MT;MEDIA_MT;QTD_PRESENTES_REDACAO;QTD_REDACOES_SEM_PROBLEMAS;PERCENTUAL_REDACOES_SEM_PROBLEMAS;MEDIA_REDACAO_GERAL;MEDIA_REDACAO_SEM_PROBLEMAS;IN_AGUA_POTAVEL;IN_ENERGIA_REDE_PUBLICA;IN_ESGOTO_REDE_PUBLICA;IN_LIXO_SERVICO_COLETA;IN_BIBLIOTECA;IN_BIBLIOTECA_SALA_LEITURA;IN_LABORATORIO_CIENCIAS;IN_LABORATORIO_INFORMATICA;IN_QUADRA_ESPORTES;IN_REFEITORIO;IN_INTERNET;IN_INTERNET_ALUNOS;IN_INTERNET_APRENDIZAGEM;IN_BANDA_LARGA;QT_DESKTOP_ALUNO;QT_COMP_PORTATIL_ALUNO;QT_TABLET_ALUNO;IN_BANHEIRO_PNE;IN_SALA_ATENDIMENTO_ESPECIAL;IN_ACESSIBILIDADE_RAMPAS;IN_ACESSIBILIDADE_PISOS_TATEIS;IN_ACESSIBILIDADE_SINALIZACAO;IN_ACESSIBILIDADE_INEXISTENTE;QT_SALAS_UTILIZADAS;QT_SALAS_UTILIZA_CLIMATIZADAS;QT_SALAS_UTILIZADAS_ACESSIVEIS;TEM_BIBLIOTECA_OU_SALA_LEITURA;QTD_SERVICOS_BASICOS;PERCENTUAL_SERVICOS_BASICOS;QTD_ESPACOS_ESCOLARES;PERCENTUAL_ESPACOS_ESCOLARES;QTD_INFORMACOES_CONECTIVIDADE;QTD_RECURSOS_CONECTIVIDADE;PERCENTUAL_RECURSOS_CONECTIVIDADE;TOTAL_DISPOSITIVOS_ALUNOS;QTD_RECURSOS_ACESSIBILIDADE;PERCENTUAL_RECURSOS_ACESSIBILIDADE;PERCENTUAL_SALAS_CLIMATIZADAS;PERCENTUAL_SALAS_ACESSIVEIS
21000034;CENTRO EDUCA MAIS PROFESSOR AQUILES BATISTA VIEIRA;2100204;Alcântara;2.0;1.0;CENSO_ESCOLAR_2025;92;75;446.48;80;440.53;80;467.91;75;415.48;80;70;87.5;452.5;517.14;1.0;1.0;0.0;1.0;1.0;1.0;1.0;1.0;1.0;0.0;1.0;1.0;1.0;1.0;9.0;5.0;0.0;1.0;1.0;1.0;0.0;0.0;0.0;10.0;10.0;10.0;1.0;3.0;75.0;4.0;80.0;4;4.0;100.0;14.0;3.0;60.0;100.0;100.0
21001685;CENTRO DE ENSINO AMERICA DO NORTE;2101301;Bacuri;2.0;1.0;CENSO_ESCOLAR_2025;38;25;424.86;23;429.99;23;437.5;25;395.88;23;12;52.17;244.35;468.33;1.0;1.0;0.0;1.0;0.0;0.0;0.0;0.0;0.0;0.0;1.0;1.0;1.0;1.0;0.0;2.0;0.0;0.0;0.0;0.0;0.0;0.0;1.0;3.0;0.0;0.0;0.0;3.0;75.0;0.0;0.0;4;4.0;100.0;2.0;0.0;0.0;0.0;0.0
21001898;CENTRO DE ENSINO AMADO JOAQUIM;2100832;Apicum-Açu;2.0;1.0;CENSO_ESCOLAR_2025;102;72;443.37;80;444.88;80;467.89;72;439.73;80;71;88.75;495.75;558.59;1.0;1.0;0.0;1.0;1.0;1.0;1.0;1.0;0.0;0.0;1.0;1.0;0.0;1.0;1.0;1.0;0.0;1.0;0.0;0.0;0.0;0.0;0.0;19.0;8.0;8.0;1.0;3.0;75.0;3.0;60.0;4;3.0;75.0;2.0;1.0;20.0;42.11;42.11
21001901;CENTRO DE ENSINO CRISTINO PIMENTA;2101301;Bacuri;2.0;1.0;CENSO_ESCOLAR_2025;72;57;427.84;61;447.86;61;458.46;57;432.89;61;50;81.97;446.89;545.2;0.0;1.0;0.0;1.0;1.0;1.0;0.0;0.0;1.0;0.0;1.0;1.0;1.0;1.0;0.0;0.0;0.0;1.0;0.0;1.0;0.0;0.0;0.0;7.0;6.0;0.0;1.0;2.0;50.0;2.0;40.0;4;4.0;100.0;0.0;2.0;40.0;85.71;0.0
21003130;CENTRO EDUCA MAIS ANICETO CANTANHEDE;2101905;Bequimão;2.0;1.0;CENSO_ESCOLAR_2025;23;13;453.62;16;434.93;16;455.26;13;377.17;16;12;75.0;396.25;528.33;1.0;1.0;0.0;1.0;1.0;1.0;0.0;0.0;0.0;0.0;1.0;1.0;1.0;1.0;6.0;0.0;0.0;1.0;1.0;1.0;1.0;0.0;0.0;6.0;0.0;0.0;1.0;3.0;75.0;1.0;20.0;4;4.0;100.0;6.0;4.0;80.0;0.0;0.0
21003173;CENTRO DE ENSINO MANOEL BECKMAN;2101905;Bequimão;2.0;1.0;CENSO_ESCOLAR_2025;98;63;430.33;69;428.02;69;444.87;63;407.87;69;53;76.81;377.97;492.08;1.0;1.0;0.0;1.0;0.0;1.0;0.0;0.0;0.0;0.0;1.0;1.0;1.0;1.0;1.0;0.0;0.0;0.0;0.0;1.0;0.0;0.0;0.0;9.0;0.0;0.0;1.0;3.0;75.0;1.0;20.0;4;4.0;100.0;1.0;1.0;20.0;0.0;0.0
21003947;CENTRO DE ENSINO PAULO CORDEIRO FILHO;2102408;Cajapió;2.0;1.0;CENSO_ESCOLAR_2025;52;44;436.82;45;430.61;45;451.55;44;422.3;45;39;86.67;507.56;585.64;1.0;1.0;0.0;0.0;1.0;1.0;0.0;1.0;0.0;0.0;1.0;1.0;0.0;1.0;10.0;0.0;0.0;0.0;0.0;1.0;0.0;0.0;0.0;8.0;8.0;8.0;1.0;2.0;50.0;2.0;40.0;4;3.0;75.0;10.0;1.0;20.0;100.0;100.0
21004013;CENTRO EDUCA MAIS DR DEUSDETH CORTEZ VIEIRA DA SILVA;2101350;Bacurituba;2.0;1.0;CENSO_ESCOLAR_2025;73;55;426.42;55;438.64;55;455.27;55;399.94;55;48;87.27;449.09;514.58;1.0;1.0;0.0;1.0;0.0;1.0;0.0;1.0;0.0;0.0;1.0;1.0;1.0;1.0;9.0;5.0;0.0;1.0;0.0;1.0;0.0;0.0;0.0;5.0;5.0;5.0;1.0;3.0;75.0;2.0;40.0;4;4.0;100.0;14.0;2.0;40.0;100.0;100.0
21004447;CENTRO DE ENSINO PEDRO NEIVA DE SANTANA;2103109;Cedral;2.0;1.0;CENSO_ESCOLAR_2025;147;111;436.8;116;446.3;116;467.07;111;412.3;116;94;81.03;447.59;552.34;1.0;1.0;0.0;1.0;1.0;1.0;0.0;1.0;0.0;0.0;1.0;1.0;1.0;1.0;5.0;4.0;0.0;1.0;1.0;1.0;0.0;0.0;0.0;6.0;6.0;6.0;1.0;3.0;75.0;2.0;40.0;4;4.0;100.0;9.0;3.0;60.0;100.0;100.0
21004455;CENTRO DE ENSINO JOSE RIBAMAR EWERTON;2109056;Porto Rico do Maranhão;2.0;1.0;CENSO_ESCOLAR_2025;55;43;423.22;48;440.18;48;457.31;43;392.93;48;45;93.75;499.17;532.44;1.0;1.0;0.0;1.0;1.0;1.0;0.0;0.0;1.0;0.0;1.0;1.0;1.0;1.0;1.0;0.0;0.0;1.0;0.0;1.0;0.0;0.0;0.0;4.0;4.0;4.0;1.0;3.0;75.0;2.0;40.0;4;4.0;100.0;1.0;2.0;40.0;100.0;100.0
21004528;CENTRO DE ENSINO GERVASIO PROTASIO DOS SANTOS;2103703;Cururupu;2.0;1.0;CENSO_ESCOLAR_2025;113;69;455.07;74;476.29;74;490.11;69;455.1;74;68;91.89;535.14;582.35;1.0;1.0;0.0;1.0;1.0;1.0;0.0;0.0;0.0;1.0;1.0;1.0;1.0;1.0;1.0;2.0;0.0;1.0;0.0;1.0;0.0;0.0;0.0;10.0;10.0;0.0;1.0;3.0;75.0;2.0;40.0;4;4.0;100.0;3.0;2.0;40.0;100.0;0.0
21005680;CENTRO DE ENSINO PROFESSORA JOANA BATISTA DIAS;2103703;Cururupu;2.0;1.0;CENSO_ESCOLAR_2025;43;28;426.93;30;437.81;30;472.84;28;412.09;30;23;76.67;391.33;510.43;1.0;1.0;0.0;1.0;0.0;0.0;0.0;0.0;0.0;0.0;1.0;0.0;1.0;1.0;2.0;1.0;0.0;0.0;0.0;0.0;0.0;0.0;1.0;3.0;0.0;0.0;0.0;3.0;75.0;0.0;0.0;4;3.0;75.0;3.0;0.0;0.0;0.0;0.0
21005990;CENTRO DE ENSINO RAIMUNDO RODRIGUES;2111789;Serrano do Maranhão;2.0;1.0;CENSO_ESCOLAR_2025;61;46;406.91;48;417.24;48;431.89;46;399.35;48;40;83.33;382.5;459.0;1.0;1.0;0.0;1.0;1.0;1.0;0.0;1.0;0.0;0.0;1.0;0.0;1.0;1.0;1.0;1.0;2.0;0.0;1.0;1.0;1.0;1.0;0.0;8.0;8.0;0.0;1.0;3.0;75.0;2.0;40.0;4;3.0;75.0;4.0;4.0;80.0;100.0;0.0
21006032;CENTRO DE ENSINO NOSSA SENHORA DA ASSUNCAO;2104909;Guimarães;2.0;1.0;CENSO_ESCOLAR_2025;70;60;460.23;64;463.71;64;481.28;60;434.74;64;54;84.38;490.62;581.48;1.0;1.0;0.0;1.0;1.0;1.0;0.0;0.0;1.0;0.0;0.0;0.0;0.0;;0.0;0.0;0.0;1.0;0.0;1.0;0.0;0.0;0.0;7.0;7.0;0.0;1.0;3.0;75.0;2.0;40.0;3;0.0;0.0;0.0;2.0;40.0;100.0;0.0
21007357;CENTRO DE ENSINO EUCLIDES RIBEIRO;2106805;Mirinzal;2.0;1.0;CENSO_ESCOLAR_2025;74;64;457.17;64;460.72;64;477.39;64;435.17;64;56;87.5;498.44;569.64;1.0;1.0;0.0;1.0;1.0;1.0;0.0;0.0;0.0;0.0;1.0;0.0;1.0;0.0;1.0;2.0;0.0;0.0;0.0;0.0;0.0;0.0;1.0;9.0;6.0;0.0;1.0;3.0;75.0;1.0;20.0;4;2.0;50.0;3.0;0.0;0.0;66.67;0.0
21007365;CENTRO DE EDUCACAO QUILOMBOLA EPITACIO AZEVEDO FLOR;2103125;Central do Maranhão;2.0;1.0;CENSO_ESCOLAR_2025;111;62;439.48;65;427.0;65;461.13;62;414.52;65;57;87.69;439.08;500.7;1.0;1.0;0.0;1.0;1.0;1.0;0.0;0.0;1.0;1.0;1.0;1.0;1.0;0.0;0.0;0.0;0.0;1.0;1.0;1.0;0.0;0.0;0.0;7.0;7.0;0.0;1.0;3.0;75.0;3.0;60.0;4;3.0;75.0;0.0;3.0;60.0;100.0;0.0
21007373;CENTRO DE EDUCACAO QUILOMBOLA BENEDITO FONTES;2106805;Mirinzal;2.0;2.0;CENSO_ESCOLAR_2025;44;36;435.98;42;449.22;42;436.94;36;399.26;42;35;83.33;405.71;486.86;1.0;1.0;0.0;1.0;1.0;1.0;0.0;0.0;0.0;0.0;1.0;1.0;0.0;0.0;4.0;1.0;10.0;1.0;1.0;1.0;0.0;0.0;0.0;5.0;2.0;4.0;1.0;3.0;75.0;1.0;20.0;4;2.0;50.0;15.0;3.0;60.0;40.0;80.0
21007446;CENTRO DE ENSINO ERASMO DIAS;2107506;Paço do Lumiar;2.0;1.0;CENSO_ESCOLAR_2025;306;255;460.14;260;466.38;260;497.86;255;444.22;260;222;85.38;489.62;573.42;1.0;1.0;1.0;1.0;1.0;1.0;1.0;1.0;1.0;1.0;1.0;1.0;1.0;1.0;0.0;2.0;0.0;1.0;0.0;1.0;0.0;0.0;0.0;19.0;19.0;19.0;1.0;4.0;100.0;5.0;100.0;4;4.0;100.0;2.0;2.0;40.0;100.0;100.0
21007454;CENTRO EDUCA MAIS DR LUIZ SERGIO CABRAL BARRETO;2107506;Paço do Lumiar;2.0;2.0;CENSO_ESCOLAR_2025;57;39;446.55;41;473.86;41;465.71;39;457.73;41;37;90.24;458.05;507.57;1.0;1.0;0.0;1.0;1.0;1.0;0.0;1.0;1.0;1.0;1.0;0.0;1.0;1.0;5.0;2.0;0.0;1.0;0.0;1.0;0.0;0.0;0.0;8.0;8.0;8.0;1.0;3.0;75.0;4.0;80.0;4;3.0;75.0;7.0;2.0;40.0;100.0;100.0
21008299;CENTRO EDUCA MAIS PIRES COLLINS;2107506;Paço do Lumiar;2.0;2.0;CENSO_ESCOLAR_2025;67;27;453.78;30;467.48;30;484.17;27;437.16;30;25;83.33;474.0;568.8;1.0;1.0;0.0;1.0;1.0;1.0;1.0;1.0;1.0;0.0;1.0;0.0;1.0;0.0;0.0;3.0;0.0;1.0;0.0;1.0;1.0;0.0;0.0;6.0;6.0;0.0;1.0;3.0;75.0;4.0;80.0;4;2.0;50.0;3.0;3.0;60.0;100.0;0.0
21008388;CENTRO DE ENSINO VITORIO SILVA;2107506;Paço do Lumiar;2.0;2.0;CENSO_ESCOLAR_2025;36;29;452.92;30;444.7;30;484.65;29;444.16;30;28;93.33;527.33;565.0;1.0;1.0;0.0;1.0;0.0;0.0;0.0;1.0;0.0;0.0;1.0;1.0;1.0;1.0;5.0;4.0;0.0;1.0;0.0;1.0;0.0;0.0;0.0;5.0;5.0;0.0;0.0;3.0;75.0;1.0;20.0;4;4.0;100.0;9.0;2.0;40.0;100.0;0.0
21008396;CENTRO DE ENSINO PROFESSOR ROBSON CAMPOS MARTINS;2107506;Paço do Lumiar;2.0;1.0;CENSO_ESCOLAR_2025;244;189;454.44;198;454.46;198;481.81;189;444.07;198;172;86.87;462.53;532.44;1.0;1.0;1.0;1.0;1.0;1.0;1.0;0.0;1.0;1.0;1.0;1.0;1.0;1.0;1.0;4.0;0.0;1.0;1.0;1.0;0.0;0.0;0.0;18.0;15.0;13.0;1.0;4.0;100.0;4.0;80.0;4;4.0;100.0;5.0;3.0;60.0;83.33;72.22
21008574;CENTRO DE ENSINO JOAQUIM AROSO;2109452;Raposa;2.0;1.0;CENSO_ESCOLAR_2025;67;52;447.17;53;431.94;53;476.25;52;442.47;53;48;90.57;521.51;575.83;1.0;1.0;0.0;1.0;1.0;1.0;1.0;0.0;0.0;0.0;1.0;1.0;1.0;1.0;0.0;4.0;0.0;1.0;0.0;1.0;1.0;1.0;0.0;11.0;10.0;6.0;1.0;3.0;75.0;2.0;40.0;4;4.0;100.0;4.0;4.0;80.0;90.91;54.55
21008604;CENTRO DE ENSINO PROFESSOR MACHADINHO;2107506;Paço do Lumiar;2.0;1.0;CENSO_ESCOLAR_2025;71;45;444.18;49;459.87;49;467.54;45;422.62;49;41;83.67;433.47;518.05;1.0;1.0;0.0;1.0;1.0;1.0;0.0;1.0;0.0;0.0;1.0;0.0;0.0;1.0;2.0;0.0;0.0;1.0;0.0;1.0;0.0;0.0;0.0;5.0;5.0;5.0;1.0;3.0;75.0;2.0;40.0;4;2.0;50.0;2.0;2.0;40.0;100.0;100.0
21008680;CENTRO EDUCA MAIS DOMINGOS VIEIRA FILHO;2107506;Paço do Lumiar;2.0;1.0;CENSO_ESCOLAR_2025;147;138;472.14;140;476.5;140;507.48;138;447.4;140;129;92.14;640.43;695.04;1.0;1.0;0.0;1.0;1.0;1.0;1.0;1.0;1.0;1.0;1.0;1.0;1.0;1.0;14.0;0.0;0.0;1.0;1.0;1.0;0.0;0.0;0.0;17.0;17.0;17.0;1.0;3.0;75.0;5.0;100.0;4;4.0;100.0;14.0;3.0;60.0;100.0;100.0
21008728;CENTRO EDUCA MAIS CIDADE DE SAO JOSE DE RIBAMAR;2111201;São José de Ribamar;2.0;1.0;CENSO_ESCOLAR_2025;89;74;437.31;76;432.59;76;456.07;74;429.78;76;65;85.53;463.42;541.85;1.0;1.0;0.0;1.0;1.0;1.0;1.0;1.0;1.0;1.0;1.0;1.0;1.0;1.0;12.0;5.0;0.0;1.0;0.0;1.0;0.0;0.0;0.0;14.0;14.0;2.0;1.0;3.0;75.0;5.0;100.0;4;4.0;100.0;17.0;2.0;40.0;100.0;14.29
21009473;CENTRO EDUCA MAIS SALUSTIANO TRINDADE;2111201;São José de Ribamar;2.0;2.0;CENSO_ESCOLAR_2025;70;41;445.88;43;453.1;43;471.22;41;417.98;43;36;83.72;406.05;485.0;0.0;1.0;0.0;1.0;1.0;1.0;1.0;1.0;1.0;0.0;1.0;1.0;0.0;1.0;3.0;5.0;0.0;1.0;0.0;1.0;0.0;0.0;0.0;9.0;9.0;9.0;1.0;2.0;50.0;4.0;80.0;4;3.0;75.0;8.0;2.0;40.0;100.0;100.0
21009686;CENTRO DE ENSINO DR TARQUINIO LOPES FILHO;2111201;São José de Ribamar;2.0;2.0;CENSO_ESCOLAR_2025;50;36;464.45;38;450.78;38;482.65;36;454.67;38;33;86.84;488.42;562.42;1.0;1.0;0.0;1.0;1.0;1.0;0.0;0.0;0.0;0.0;1.0;0.0;1.0;1.0;0.0;0.0;0.0;1.0;1.0;1.0;1.0;0.0;0.0;6.0;6.0;6.0;1.0;3.0;75.0;1.0;20.0;4;3.0;75.0;0.0;4.0;80.0;100.0;100.0
21009694;COLEGIO MILITAR 2 DE JULHO UNIDADE XIII;2111201;São José de Ribamar;2.0;1.0;CENSO_ESCOLAR_2025;127;122;470.34;124;487.73;124;503.81;122;463.73;124;117;94.35;577.74;612.31;1.0;1.0;0.0;1.0;1.0;1.0;0.0;1.0;1.0;0.0;1.0;1.0;1.0;1.0;0.0;10.0;0.0;1.0;0.0;1.0;1.0;0.0;0.0;6.0;6.0;6.0;1.0;3.0;75.0;3.0;60.0;4;4.0;100.0;10.0;3.0;60.0;100.0;100.0
21009716;CENTRO EDUCA MAIS RIBEIRO DO AMARAL;2111201;São José de Ribamar;2.0;2.0;CENSO_ESCOLAR_2025;36;29;447.44;32;458.64;32;488.18;29;438.83;32;24;75.0;448.12;597.5;1.0;1.0;0.0;1.0;1.0;1.0;1.0;0.0;1.0;0.0;1.0;1.0;1.0;1.0;4.0;4.0;0.0;1.0;0.0;1.0;1.0;0.0;0.0;8.0;8.0;0.0;1.0;3.0;75.0;3.0;60.0;4;4.0;100.0;8.0;3.0;60.0;100.0;0.0
21009783;CENTRO DE ENSINO ANJO DA GUARDA;2111300;São Luís;2.0;1.0;CENSO_ESCOLAR_2025;55;46;438.06;49;455.42;49;454.12;46;412.83;49;39;79.59;371.43;466.67;1.0;1.0;0.0;1.0;1.0;1.0;0.0;0.0;1.0;0.0;1.0;1.0;1.0;1.0;0.0;5.0;0.0;1.0;0.0;1.0;0.0;0.0;0.0;6.0;6.0;0.0;1.0;3.0;75.0;2.0;40.0;4;4.0;100.0;5.0;2.0;40.0;100.0;0.0
21009805;CENTRO DE ENSINO BERNARDO COELHO DE ALMEIDA;2111300;São Luís;2.0;1.0;CENSO_ESCOLAR_2025;55;39;469.94;41;473.0;41;491.29;39;444.67;41;35;85.37;441.46;517.14;1.0;1.0;1.0;1.0;1.0;1.0;1.0;1.0;0.0;0.0;1.0;1.0;1.0;1.0;0.0;2.0;0.0;1.0;0.0;0.0;0.0;0.0;0.0;8.0;5.0;0.0;1.0;4.0;100.0;3.0;60.0;4;4.0;100.0;2.0;1.0;20.0;62.5;0.0
21009848;CENTRO DE ENSINO LICEU MARANHENSE;2111300;São Luís;2.0;1.0;CENSO_ESCOLAR_2025;467;374;460.45;386;471.2;386;498.98;374;448.28;386;345;89.38;523.63;585.86;1.0;1.0;1.0;1.0;1.0;1.0;1.0;1.0;1.0;0.0;1.0;1.0;1.0;1.0;23.0;5.0;0.0;1.0;1.0;1.0;0.0;0.0;0.0;49.0;49.0;49.0;1.0;4.0;100.0;4.0;80.0;4;4.0;100.0;28.0;3.0;60.0;100.0;100.0
21009864;CENTRO EDUCA MAIS COELHO NETO;2111300;São Luís;2.0;1.0;CENSO_ESCOLAR_2025;51;30;456.09;33;446.28;33;468.58;30;442.46;33;23;69.7;388.48;557.39;1.0;1.0;1.0;1.0;1.0;1.0;0.0;1.0;0.0;1.0;1.0;0.0;1.0;1.0;3.0;0.0;0.0;1.0;1.0;1.0;1.0;0.0;0.0;15.0;15.0;15.0;1.0;4.0;100.0;3.0;60.0;4;3.0;75.0;3.0;4.0;80.0;100.0;100.0
21009872;INSTITUTO ESTADUAL DE EDUCACAO CIENCIA E TECNOLOGIA DO MA - IEMA PLENO SAO LUIS GONCALVES DIAS;2111300;São Luís;2.0;1.0;CENSO_ESCOLAR_2025;147;123;456.36;128;465.11;128;496.69;123;441.26;128;119;92.97;543.75;584.87;1.0;1.0;1.0;1.0;1.0;1.0;1.0;1.0;1.0;1.0;1.0;1.0;1.0;1.0;30.0;6.0;0.0;1.0;1.0;0.0;0.0;0.0;0.0;15.0;15.0;0.0;1.0;4.0;100.0;5.0;100.0;4;4.0;100.0;36.0;2.0;40.0;100.0;0.0
21010102;CENTRO EDUCA MAIS CIDADE OPERARIA II;2111300;São Luís;2.0;1.0;CENSO_ESCOLAR_2025;145;115;461.66;121;466.85;121;489.44;115;451.55;121;106;87.6;523.14;597.17;1.0;1.0;1.0;1.0;1.0;1.0;1.0;1.0;1.0;1.0;1.0;1.0;1.0;1.0;10.0;2.0;0.0;1.0;1.0;1.0;0.0;0.0;0.0;14.0;14.0;14.0;1.0;4.0;100.0;5.0;100.0;4;4.0;100.0;12.0;3.0;60.0;100.0;100.0
21011125;INSTITUTO ESTADUAL DE EDUCACAO CIENCIA E TECNOLOGIA DO MA- IEMA PLENO SAO LUIS-NEWTON BARJONAS LOBAO;2111300;São Luís;2.0;1.0;CENSO_ESCOLAR_2025;131;102;468.19;107;464.67;107;497.66;102;472.2;107;96;89.72;520.19;579.79;1.0;1.0;1.0;1.0;1.0;1.0;1.0;1.0;1.0;1.0;0.0;0.0;0.0;;5.0;1.0;0.0;1.0;0.0;1.0;0.0;0.0;0.0;36.0;0.0;28.0;1.0;4.0;100.0;5.0;100.0;3;0.0;0.0;6.0;2.0;40.0;0.0;77.78
21011133;CENTRO EDUCA MAIS JOAO FRANCISCO LISBOA;2111300;São Luís;2.0;1.0;CENSO_ESCOLAR_2025;123;116;479.33;118;490.82;118;523.83;116;489.7;118;106;89.83;568.31;632.64;1.0;1.0;1.0;1.0;1.0;1.0;1.0;1.0;1.0;1.0;1.0;1.0;1.0;1.0;17.0;6.0;0.0;1.0;0.0;1.0;1.0;0.0;0.0;34.0;34.0;26.0;1.0;4.0;100.0;5.0;100.0;4;4.0;100.0;23.0;3.0;60.0;100.0;76.47
21013926;INSTITUTO ESTADUAL DE EDUCACAO CIENCIA E TECNOLOGIA DO MA - IEMA PLENO SAO LUIS BACELAR PORTELA;2111300;São Luís;2.0;1.0;CENSO_ESCOLAR_2025;151;125;471.49;128;490.44;128;511.95;125;486.41;128;118;92.19;509.53;552.71;1.0;1.0;1.0;1.0;1.0;1.0;1.0;1.0;1.0;1.0;1.0;1.0;0.0;1.0;19.0;1.0;0.0;1.0;1.0;1.0;0.0;0.0;0.0;15.0;15.0;0.0;1.0;4.0;100.0;5.0;100.0;4;3.0;75.0;20.0;3.0;60.0;100.0;0.0
21015023;CENTRO EDUCA MAIS PROFESSORA MARGARIDA PIRES LEAL;2111300;São Luís;2.0;1.0;CENSO_ESCOLAR_2025;118;111;480.8;112;499.71;112;517.32;111;483.39;112;103;91.96;581.25;632.04;1.0;1.0;1.0;1.0;1.0;1.0;1.0;1.0;1.0;1.0;1.0;1.0;1.0;1.0;12.0;8.0;0.0;1.0;1.0;1.0;0.0;1.0;0.0;13.0;13.0;4.0;1.0;4.0;100.0;5.0;100.0;4;4.0;100.0;20.0;4.0;80.0;100.0;30.77
21016070;CENTRO DE ENSINO ESTADO DO RIO GRANDE DO NORTE;2111300;São Luís;2.0;1.0;CENSO_ESCOLAR_2025;168;142;455.38;145;468.66;145;487.61;142;464.18;145;125;86.21;500.28;580.32;1.0;1.0;1.0;1.0;1.0;1.0;1.0;1.0;1.0;0.0;1.0;1.0;1.0;1.0;8.0;11.0;0.0;1.0;0.0;1.0;0.0;0.0;0.0;14.0;14.0;0.0;1.0;4.0;100.0;4.0;80.0;4;4.0;100.0;19.0;2.0;40.0;100.0;0.0
21016283;CENTRO EDUCA MAIS PADRE JOSE BRAULIO SOUSA AYRES;2111300;São Luís;2.0;1.0;CENSO_ESCOLAR_2025;49;31;434.86;33;450.2;33;480.12;31;420.66;33;32;96.97;545.45;562.5;1.0;1.0;0.0;1.0;1.0;1.0;1.0;1.0;1.0;0.0;1.0;1.0;1.0;1.0;8.0;0.0;20.0;1.0;1.0;1.0;0.0;0.0;0.0;9.0;9.0;9.0;1.0;3.0;75.0;4.0;80.0;4;4.0;100.0;28.0;3.0;60.0;100.0;100.0
21016356;CENTRO DE ENSINO DR ANTONIO JORGE DINO;2111300;São Luís;2.0;1.0;CENSO_ESCOLAR_2025;31;25;457.31;25;455.6;25;478.23;25;437.12;25;21;84.0;470.4;560.0;1.0;1.0;1.0;1.0;1.0;1.0;0.0;0.0;0.0;0.0;1.0;0.0;0.0;1.0;0.0;2.0;0.0;1.0;0.0;1.0;0.0;0.0;0.0;6.0;0.0;0.0;1.0;4.0;100.0;1.0;20.0;4;2.0;50.0;2.0;2.0;40.0;0.0;0.0
21016631;CENTRO DE ENSINO PROFESSORA JANILDE SILVA DE AQUINO;2111300;São Luís;2.0;1.0;CENSO_ESCOLAR_2025;55;50;453.69;50;477.56;50;506.88;50;451.27;50;44;88.0;517.2;587.73;1.0;1.0;1.0;1.0;1.0;1.0;1.0;1.0;1.0;1.0;1.0;1.0;1.0;1.0;14.0;7.0;0.0;1.0;0.0;1.0;1.0;0.0;0.0;6.0;6.0;0.0;1.0;4.0;100.0;5.0;100.0;4;4.0;100.0;21.0;3.0;60.0;100.0;0.0
21016640;CENTRO EDUCA MAIS ESTADO DO AMAZONAS;2111300;São Luís;2.0;1.0;CENSO_ESCOLAR_2025;11;8;439.75;8;447.9;8;481.88;8;444.39;8;8;100.0;547.5;547.5;1.0;1.0;1.0;1.0;1.0;1.0;0.0;1.0;1.0;1.0;1.0;1.0;1.0;1.0;15.0;0.0;0.0;1.0;1.0;1.0;0.0;0.0;0.0;5.0;5.0;0.0;1.0;4.0;100.0;4.0;80.0;4;4.0;100.0;15.0;3.0;60.0;100.0;0.0
21016682;CENTRO DE ENSINO GENERAL ARTUR CARVALHO;2111300;São Luís;2.0;1.0;CENSO_ESCOLAR_2025;85;66;455.88;70;455.66;70;479.24;66;433.13;70;57;81.43;442.57;543.51;1.0;1.0;1.0;1.0;1.0;1.0;0.0;0.0;1.0;0.0;1.0;0.0;1.0;1.0;0.0;0.0;0.0;1.0;0.0;1.0;1.0;0.0;0.0;13.0;13.0;6.0;1.0;4.0;100.0;2.0;40.0;4;3.0;75.0;0.0;3.0;60.0;100.0;46.15
21016690;CENTRO DE ENSINO HUMBERTO DE CAMPOS;2111300;São Luís;2.0;1.0;CENSO_ESCOLAR_2025;85;68;470.18;71;475.67;71;505.78;68;457.08;71;64;90.14;494.08;548.12;1.0;1.0;1.0;1.0;1.0;1.0;0.0;0.0;1.0;1.0;1.0;1.0;1.0;1.0;1.0;1.0;3.0;1.0;0.0;1.0;1.0;0.0;0.0;8.0;8.0;8.0;1.0;4.0;100.0;3.0;60.0;4;4.0;100.0;5.0;3.0;60.0;100.0;100.0
21016704;CENTRO DE ENSINO JAPIACU;2111300;São Luís;2.0;1.0;CENSO_ESCOLAR_2025;32;30;467.45;30;474.68;30;498.67;30;464.73;30;30;100.0;526.67;526.67;1.0;1.0;1.0;1.0;1.0;1.0;1.0;1.0;1.0;0.0;1.0;1.0;1.0;1.0;0.0;0.0;10.0;1.0;1.0;1.0;1.0;0.0;0.0;11.0;0.0;11.0;1.0;4.0;100.0;4.0;80.0;4;4.0;100.0;10.0;4.0;80.0;0.0;100.0
21016720;CENTRO DE ENSINO JOSE GIORCELLI COSTA;2111300;São Luís;2.0;1.0;CENSO_ESCOLAR_2025;22;20;421.46;21;449.94;21;466.45;20;416.78;21;13;61.9;300.95;486.15;1.0;1.0;1.0;1.0;1.0;1.0;0.0;0.0;0.0;0.0;0.0;0.0;0.0;;0.0;3.0;0.0;1.0;0.0;1.0;1.0;0.0;0.0;7.0;7.0;0.0;1.0;4.0;100.0;1.0;20.0;3;0.0;0.0;3.0;3.0;60.0;100.0;0.0
21016763;CENTRO DE ENSINO JACKSON LAGO;2111300;São Luís;2.0;1.0;CENSO_ESCOLAR_2025;80;70;468.68;71;479.71;71;511.74;70;462.29;71;68;95.77;563.66;588.53;1.0;1.0;1.0;1.0;1.0;1.0;0.0;0.0;0.0;0.0;1.0;0.0;1.0;1.0;3.0;8.0;2.0;1.0;1.0;1.0;0.0;0.0;0.0;8.0;8.0;8.0;1.0;4.0;100.0;1.0;20.0;4;3.0;75.0;13.0;3.0;60.0;100.0;100.0
21016798;COLEGIO MILITAR 2 DE JULHO - ANEXO PIO XII;2111300;São Luís;2.0;1.0;CENSO_ESCOLAR_2025;143;138;497.18;138;514.16;138;534.82;138;517.27;138;135;97.83;667.83;682.67;1.0;1.0;1.0;1.0;1.0;1.0;0.0;0.0;1.0;1.0;1.0;0.0;0.0;1.0;1.0;0.0;0.0;1.0;0.0;1.0;0.0;0.0;0.0;15.0;15.0;15.0;1.0;4.0;100.0;3.0;60.0;4;2.0;50.0;1.0;2.0;40.0;100.0;100.0
21016887;CENTRO DE ENSINO SOTERO DOS REIS;2111300;São Luís;2.0;1.0;CENSO_ESCOLAR_2025;41;31;425.75;31;440.83;31;462.25;31;417.77;31;27;87.1;439.35;504.44;1.0;1.0;1.0;1.0;1.0;1.0;0.0;1.0;1.0;1.0;1.0;0.0;0.0;0.0;1.0;2.0;1.0;1.0;1.0;1.0;0.0;0.0;0.0;19.0;0.0;2.0;1.0;4.0;100.0;4.0;80.0;4;1.0;25.0;4.0;3.0;60.0;0.0;10.53
21016925;CENTRO DE ENSINO BARBOSA DE GODOIS;2111300;São Luís;2.0;1.0;CENSO_ESCOLAR_2025;84;72;446.84;74;465.51;74;487.72;72;445.87;74;68;91.89;483.51;526.18;1.0;1.0;1.0;1.0;1.0;1.0;0.0;0.0;1.0;0.0;1.0;1.0;1.0;1.0;3.0;5.0;1.0;1.0;0.0;1.0;1.0;0.0;0.0;9.0;0.0;0.0;1.0;4.0;100.0;2.0;40.0;4;4.0;100.0;9.0;3.0;60.0;0.0;0.0
21016933;CENTRO EDUCA MAIS BENEDITO LEITE;2111300;São Luís;2.0;1.0;CENSO_ESCOLAR_2025;65;51;449.16;51;458.63;51;492.17;51;443.66;51;37;72.55;401.96;554.05;1.0;1.0;1.0;1.0;1.0;1.0;1.0;1.0;1.0;0.0;1.0;1.0;1.0;1.0;25.0;0.0;0.0;1.0;1.0;1.0;0.0;0.0;0.0;17.0;17.0;5.0;1.0;4.0;100.0;4.0;80.0;4;4.0;100.0;25.0;3.0;60.0;100.0;29.41
21016950;CENTRO EDUCA MAIS PROFESSOR LUIZ ALVES FERREIRA;2111300;São Luís;2.0;1.0;CENSO_ESCOLAR_2025;25;20;457.95;23;457.98;23;471.79;20;447.69;23;19;82.61;433.04;524.21;1.0;1.0;1.0;1.0;1.0;1.0;1.0;1.0;1.0;0.0;1.0;1.0;1.0;1.0;8.0;4.0;0.0;1.0;1.0;0.0;0.0;0.0;0.0;7.0;7.0;7.0;1.0;4.0;100.0;4.0;80.0;4;4.0;100.0;12.0;2.0;40.0;100.0;100.0
21017018;CENTRO DE ENSINO ODYLO COSTA FILHO;2111300;São Luís;2.0;1.0;CENSO_ESCOLAR_2025;46;25;452.01;29;464.07;29;481.7;25;439.73;29;19;65.52;377.93;576.84;1.0;1.0;1.0;1.0;0.0;0.0;0.0;0.0;0.0;0.0;1.0;1.0;0.0;1.0;0.0;1.0;0.0;1.0;0.0;1.0;0.0;0.0;0.0;4.0;0.0;0.0;0.0;4.0;100.0;0.0;0.0;4;3.0;75.0;1.0;2.0;40.0;0.0;0.0
21017042;INSTITUTO ESTADUAL DE EDUCACAO CIENCIA E TECNOLOGIA DO MA -IEMA UNIDADAE PLENA -SAO LUIS SOUSANDRADE;2111300;São Luís;2.0;1.0;CENSO_ESCOLAR_2025;44;40;469.71;40;482.62;40;503.5;40;483.45;40;36;90.0;555.0;616.67;1.0;1.0;1.0;1.0;1.0;1.0;1.0;1.0;0.0;1.0;1.0;0.0;0.0;0.0;8.0;0.0;0.0;1.0;0.0;1.0;0.0;0.0;0.0;16.0;16.0;1.0;1.0;4.0;100.0;4.0;80.0;4;1.0;25.0;8.0;2.0;40.0;100.0;6.25
21017093;CENTRO EDUCA MAIS ALMIRANTE TAMANDARE;2111300;São Luís;2.0;1.0;CENSO_ESCOLAR_2025;220;197;465.83;207;477.84;207;502.06;197;460.62;207;181;87.44;553.62;633.15;1.0;1.0;1.0;1.0;1.0;1.0;1.0;1.0;1.0;1.0;1.0;1.0;1.0;1.0;3.0;0.0;0.0;1.0;0.0;1.0;0.0;0.0;0.0;21.0;21.0;21.0;1.0;4.0;100.0;5.0;100.0;4;4.0;100.0;3.0;2.0;40.0;100.0;100.0
21017107;CENTRO EDUCA MAIS ESTEFANIA ROSA DA SILVA;2111300;São Luís;2.0;1.0;CENSO_ESCOLAR_2025;72;65;450.45;67;459.38;67;501.13;65;476.4;67;56;83.58;514.33;615.36;1.0;1.0;1.0;1.0;1.0;1.0;1.0;1.0;1.0;0.0;1.0;1.0;1.0;1.0;0.0;4.0;0.0;1.0;0.0;1.0;0.0;0.0;0.0;9.0;9.0;0.0;1.0;4.0;100.0;4.0;80.0;4;4.0;100.0;4.0;2.0;40.0;100.0;0.0
21017115;CENTRO DE ENSINO CIDADE OPERARIA I;2111300;São Luís;2.0;1.0;CENSO_ESCOLAR_2025;200;145;468.15;153;482.45;153;499.95;145;447.52;153;134;87.58;498.04;568.66;1.0;1.0;1.0;1.0;1.0;1.0;1.0;1.0;1.0;1.0;1.0;0.0;0.0;1.0;9.0;0.0;0.0;1.0;0.0;1.0;0.0;0.0;0.0;11.0;11.0;0.0;1.0;4.0;100.0;5.0;100.0;4;2.0;50.0;9.0;2.0;40.0;100.0;0.0
21017123;CENTRO DE ENSINO SAO CRISTOVAO;2111300;São Luís;2.0;1.0;CENSO_ESCOLAR_2025;230;173;457.28;185;460.98;185;483.47;173;436.36;185;166;89.73;543.68;605.9;1.0;1.0;1.0;1.0;1.0;1.0;1.0;0.0;0.0;0.0;1.0;0.0;0.0;1.0;0.0;2.0;0.0;1.0;1.0;0.0;0.0;0.0;0.0;10.0;10.0;1.0;1.0;4.0;100.0;2.0;40.0;4;2.0;50.0;2.0;2.0;40.0;100.0;10.0
21017140;CENTRO DE ENSINO SAO JOSE OPERARIO;2111300;São Luís;2.0;1.0;CENSO_ESCOLAR_2025;211;183;479.11;189;484.34;189;517.98;183;473.2;189;180;95.24;575.87;604.67;1.0;1.0;1.0;1.0;1.0;1.0;1.0;1.0;1.0;1.0;1.0;1.0;0.0;1.0;7.0;4.0;0.0;1.0;0.0;1.0;0.0;0.0;0.0;15.0;15.0;15.0;1.0;4.0;100.0;5.0;100.0;4;3.0;75.0;11.0;2.0;40.0;100.0;100.0
21017190;CENTRO DE ENSINO VICENTE MAIA;2111300;São Luís;2.0;1.0;CENSO_ESCOLAR_2025;119;90;450.01;94;457.55;94;483.33;90;434.41;94;82;87.23;453.4;519.76;1.0;1.0;1.0;1.0;1.0;1.0;0.0;0.0;1.0;0.0;1.0;0.0;0.0;1.0;0.0;0.0;0.0;1.0;0.0;1.0;1.0;0.0;0.0;11.0;11.0;11.0;1.0;4.0;100.0;2.0;40.0;4;2.0;50.0;0.0;3.0;60.0;100.0;100.0
21017212;CENTRO DE ENSINO PAULO FREIRE;2111300;São Luís;2.0;1.0;CENSO_ESCOLAR_2025;133;108;461.68;111;470.44;111;501.97;108;439.59;111;98;88.29;505.41;572.45;1.0;1.0;1.0;1.0;1.0;1.0;0.0;0.0;0.0;0.0;1.0;1.0;1.0;1.0;0.0;2.0;0.0;0.0;0.0;1.0;0.0;0.0;0.0;6.0;6.0;0.0;1.0;4.0;100.0;1.0;20.0;4;4.0;100.0;2.0;1.0;20.0;100.0;0.0
21017239;CENTRO DE ENSINO RENATO ARCHER;2111300;São Luís;2.0;2.0;CENSO_ESCOLAR_2025;46;27;439.37;29;449.74;29;455.89;27;420.55;29;24;82.76;386.9;467.5;1.0;1.0;1.0;1.0;1.0;1.0;0.0;1.0;0.0;0.0;1.0;1.0;1.0;1.0;5.0;2.0;0.0;1.0;0.0;1.0;1.0;0.0;0.0;5.0;5.0;5.0;1.0;4.0;100.0;2.0;40.0;4;4.0;100.0;7.0;3.0;60.0;100.0;100.0
21017484;UFMA - COLEGIO UNIVERSITARIO;2111300;São Luís;1.0;1.0;CENSO_ESCOLAR_2025;99;98;545.39;98;565.1;98;580.24;98;594.38;98;96;97.96;763.27;779.17;1.0;1.0;1.0;1.0;1.0;1.0;1.0;1.0;1.0;1.0;1.0;1.0;1.0;1.0;17.0;0.0;0.0;1.0;1.0;0.0;0.0;0.0;0.0;16.0;16.0;16.0;1.0;4.0;100.0;5.0;100.0;4;4.0;100.0;17.0;2.0;40.0;100.0;100.0
21017638;IFMA - CAMPUS SAO LUIS MARACANA;2111300;São Luís;1.0;2.0;CENSO_ESCOLAR_2025;118;112;487.89;114;492.55;114;506.58;112;460.75;114;104;91.23;540.53;592.5;1.0;1.0;0.0;1.0;1.0;1.0;1.0;1.0;1.0;1.0;1.0;1.0;1.0;1.0;20.0;3.0;0.0;1.0;1.0;1.0;0.0;0.0;0.0;39.0;39.0;0.0;1.0;3.0;75.0;5.0;100.0;4;4.0;100.0;23.0;3.0;60.0;100.0;0.0
21019649;INSTITUTO ESTADUAL DE EDUCACAO CIENCIA E TECNOLOGIA DO MA - IEMA PLENO SAO LUIS RIO ANIL;2111300;São Luís;2.0;1.0;CENSO_ESCOLAR_2025;218;185;469.17;194;483.75;194;511.85;185;471.36;194;173;89.18;529.48;593.76;1.0;1.0;1.0;1.0;1.0;1.0;1.0;1.0;1.0;1.0;1.0;1.0;1.0;1.0;3.0;8.0;40.0;1.0;1.0;1.0;0.0;0.0;0.0;30.0;30.0;30.0;1.0;4.0;100.0;5.0;100.0;4;4.0;100.0;51.0;3.0;60.0;100.0;100.0
21020698;CENTRO DE ENSINO ANTONIO RIBEIRO DA SILVA;2111300;São Luís;2.0;1.0;CENSO_ESCOLAR_2025;48;41;432.11;42;442.1;42;459.63;41;418.36;42;28;66.67;360.48;540.71;1.0;1.0;0.0;1.0;1.0;1.0;0.0;0.0;1.0;0.0;1.0;1.0;1.0;1.0;0.0;2.0;0.0;1.0;0.0;1.0;0.0;0.0;0.0;12.0;12.0;0.0;1.0;3.0;75.0;2.0;40.0;4;4.0;100.0;2.0;2.0;40.0;100.0;0.0
21020825;CENTRO DE ENSINO PROFESSOR EZELBERTO MARTINS;2111300;São Luís;2.0;2.0;CENSO_ESCOLAR_2025;46;35;453.8;39;453.71;39;486.03;35;409.02;39;36;92.31;509.23;551.67;1.0;1.0;0.0;1.0;1.0;1.0;0.0;0.0;0.0;0.0;1.0;0.0;1.0;1.0;1.0;1.0;0.0;1.0;1.0;1.0;0.0;0.0;0.0;9.0;6.0;6.0;1.0;3.0;75.0;1.0;20.0;4;3.0;75.0;2.0;3.0;60.0;66.67;66.67
21020833;CENTRO DE ENSINO DR FRANCISCO DE ASSIS XIMENES ARAGAO FILHO;2111300;São Luís;2.0;1.0;CENSO_ESCOLAR_2025;66;44;439.61;49;443.47;49;467.57;44;427.24;49;36;73.47;415.51;565.56;1.0;1.0;0.0;1.0;1.0;1.0;0.0;0.0;0.0;0.0;1.0;0.0;1.0;0.0;0.0;2.0;0.0;1.0;0.0;1.0;0.0;0.0;0.0;6.0;6.0;0.0;1.0;3.0;75.0;1.0;20.0;4;2.0;50.0;2.0;2.0;40.0;100.0;0.0
21020949;CENTRO EDUCA MAIS JOAQUIM GOMES DE SOUSA;2111300;São Luís;2.0;1.0;CENSO_ESCOLAR_2025;66;56;460.69;58;467.73;58;508.22;56;456.68;58;53;91.38;543.45;594.72;1.0;1.0;1.0;1.0;1.0;1.0;0.0;1.0;1.0;1.0;1.0;1.0;1.0;1.0;5.0;1.0;0.0;1.0;0.0;1.0;0.0;0.0;0.0;16.0;16.0;16.0;1.0;4.0;100.0;4.0;80.0;4;4.0;100.0;6.0;2.0;40.0;100.0;100.0
21020981;CENTRO DE ENSINO PROFESSORA MARIA DO SOCORRO ALMEIDA - ANEXO I - QUEBRA-POTE;2111300;São Luís;2.0;2.0;CENSO_ESCOLAR_2025;15;6;443.02;7;424.27;7;462.93;6;416.03;7;6;85.71;402.86;470.0;1.0;1.0;0.0;1.0;0.0;0.0;0.0;0.0;0.0;0.0;1.0;1.0;1.0;1.0;0.0;3.0;0.0;0.0;0.0;0.0;0.0;0.0;1.0;3.0;0.0;0.0;0.0;3.0;75.0;0.0;0.0;4;4.0;100.0;3.0;0.0;0.0;0.0;0.0
21021015;INSTITUTO ESTADUAL DE EDUCACAO CIENCIA E TECNOLOGIA DO MA - IEMA PLENO SAO LUIS - MANOEL BECKMAN;2111300;São Luís;2.0;1.0;CENSO_ESCOLAR_2025;167;145;473.02;152;487.27;152;508.54;145;462.73;152;136;89.47;530.92;593.38;1.0;1.0;1.0;1.0;1.0;1.0;1.0;1.0;0.0;1.0;1.0;1.0;1.0;1.0;0.0;5.0;0.0;1.0;1.0;1.0;0.0;0.0;0.0;16.0;16.0;16.0;1.0;4.0;100.0;4.0;80.0;4;4.0;100.0;5.0;3.0;60.0;100.0;100.0
21021058;CENTRO EDUCA MAIS MARIA JOSE ARAGAO;2111300;São Luís;2.0;1.0;CENSO_ESCOLAR_2025;193;161;469.18;161;480.84;161;505.46;161;468.59;161;136;84.47;499.01;590.74;1.0;1.0;1.0;1.0;1.0;1.0;0.0;0.0;1.0;1.0;1.0;1.0;1.0;1.0;88.0;4.0;0.0;1.0;1.0;1.0;1.0;0.0;0.0;10.0;10.0;10.0;1.0;4.0;100.0;3.0;60.0;4;4.0;100.0;92.0;4.0;80.0;100.0;100.0
21021171;CENTRO DE ENSINO PROFESSORA MARIA DO SOCORRO ALMEIDA;2111300;São Luís;2.0;1.0;CENSO_ESCOLAR_2025;154;124;475.92;135;467.04;135;493.78;124;453.57;135;124;91.85;507.41;552.42;1.0;1.0;1.0;1.0;1.0;1.0;1.0;1.0;1.0;1.0;1.0;1.0;1.0;1.0;15.0;2.0;0.0;1.0;1.0;1.0;0.0;0.0;0.0;18.0;18.0;18.0;1.0;4.0;100.0;5.0;100.0;4;4.0;100.0;17.0;3.0;60.0;100.0;100.0
21021198;CENTRO EDUCA MAIS PROFESSORA MARIA PINHO;2111300;São Luís;2.0;1.0;CENSO_ESCOLAR_2025;100;97;483.61;97;490.98;97;516.65;97;482.86;97;86;88.66;571.75;644.88;1.0;1.0;1.0;1.0;1.0;1.0;1.0;1.0;1.0;1.0;1.0;1.0;1.0;1.0;22.0;0.0;0.0;1.0;0.0;1.0;0.0;0.0;0.0;9.0;9.0;9.0;1.0;4.0;100.0;5.0;100.0;4;4.0;100.0;22.0;2.0;40.0;100.0;100.0
21021554;INSTITUTO ESTADUAL DE EDUCACAO CIENCIA E TECNOLOGIA DO MA - IEMA PLENO SAO LUS - JARDIM AMERICA;2111300;São Luís;2.0;1.0;CENSO_ESCOLAR_2025;78;61;454.4;67;479.24;67;501.29;61;434.98;67;55;82.09;485.07;590.91;1.0;1.0;1.0;1.0;1.0;1.0;1.0;1.0;1.0;1.0;1.0;1.0;0.0;1.0;10.0;0.0;0.0;1.0;0.0;1.0;0.0;0.0;0.0;23.0;17.0;1.0;1.0;4.0;100.0;5.0;100.0;4;3.0;75.0;10.0;2.0;40.0;73.91;4.35
21021589;CENTRO DE ENSINO GOVERNADOR ARCHER;2111300;São Luís;2.0;1.0;CENSO_ESCOLAR_2025;81;61;452.34;69;469.78;69;479.44;61;453.5;69;59;85.51;453.33;530.17;1.0;1.0;1.0;1.0;1.0;1.0;1.0;1.0;1.0;1.0;1.0;1.0;1.0;1.0;6.0;3.0;0.0;1.0;1.0;1.0;0.0;0.0;0.0;6.0;6.0;6.0;1.0;4.0;100.0;5.0;100.0;4;4.0;100.0;9.0;3.0;60.0;100.0;100.0
21021597;CENTRO DE ENSINO PROFESSOR JOAO PEREIRA MARTINS NETO;2111300;São Luís;2.0;1.0;CENSO_ESCOLAR_2025;95;77;443.06;82;463.76;82;480.69;77;441.73;82;70;85.37;460.73;539.71;1.0;1.0;1.0;1.0;1.0;1.0;1.0;0.0;1.0;1.0;1.0;1.0;1.0;1.0;2.0;4.0;0.0;1.0;0.0;0.0;0.0;0.0;0.0;12.0;12.0;0.0;1.0;4.0;100.0;4.0;80.0;4;4.0;100.0;6.0;1.0;20.0;100.0;0.0
21021600;CENTRO DE ENSINO PROFESSOR JOSE DO NASCIMENTO MORAES;2111300;São Luís;2.0;1.0;CENSO_ESCOLAR_2025;84;66;464.79;72;470.09;72;489.94;66;457.07;72;65;90.28;525.83;582.46;1.0;1.0;1.0;1.0;1.0;1.0;0.0;0.0;1.0;0.0;1.0;1.0;1.0;1.0;4.0;0.0;0.0;0.0;1.0;1.0;0.0;0.0;0.0;13.0;13.0;1.0;1.0;4.0;100.0;2.0;40.0;4;4.0;100.0;4.0;2.0;40.0;100.0;7.69
21021643;CENTRO EDUCA MAIS MENINO JESUS DE PRAGA;2111300;São Luís;2.0;1.0;CENSO_ESCOLAR_2025;90;75;470.36;79;471.12;79;506.39;75;465.3;79;69;87.34;520.25;595.65;1.0;1.0;0.0;1.0;1.0;1.0;1.0;1.0;1.0;1.0;1.0;1.0;1.0;1.0;0.0;2.0;0.0;1.0;0.0;1.0;0.0;0.0;0.0;9.0;9.0;0.0;1.0;3.0;75.0;5.0;100.0;4;4.0;100.0;2.0;2.0;40.0;100.0;0.0
21021678;COLEGIO MILITAR 2 DE JULHO;2111300;São Luís;2.0;1.0;CENSO_ESCOLAR_2025;159;151;528.35;151;552.95;151;559.94;151;577.91;151;150;99.34;729.93;734.8;1.0;1.0;1.0;1.0;1.0;1.0;1.0;0.0;1.0;1.0;1.0;1.0;1.0;1.0;1.0;0.0;0.0;1.0;0.0;1.0;0.0;0.0;0.0;15.0;15.0;5.0;1.0;4.0;100.0;4.0;80.0;4;4.0;100.0;1.0;2.0;40.0;100.0;33.33
21021708;CENTRO DE ENSINO JOAO EVANGELISTA SERRA DOS SANTOS;2111300;São Luís;2.0;1.0;CENSO_ESCOLAR_2025;92;64;460.17;67;446.38;67;476.38;64;436.78;67;53;79.1;438.51;554.34;1.0;1.0;1.0;1.0;1.0;1.0;0.0;0.0;1.0;1.0;1.0;1.0;1.0;1.0;5.0;0.0;0.0;1.0;0.0;1.0;0.0;0.0;0.0;12.0;12.0;12.0;1.0;4.0;100.0;3.0;60.0;4;4.0;100.0;5.0;2.0;40.0;100.0;100.0
21021716;CENTRO DE ENSINO SANTA TERESA;2111300;São Luís;2.0;1.0;CENSO_ESCOLAR_2025;92;82;475.15;84;490.36;84;505.5;82;471.11;84;81;96.43;627.38;650.62;1.0;1.0;1.0;1.0;1.0;1.0;0.0;0.0;1.0;1.0;1.0;1.0;1.0;1.0;1.0;2.0;0.0;1.0;0.0;1.0;0.0;0.0;0.0;6.0;6.0;6.0;1.0;4.0;100.0;3.0;60.0;4;4.0;100.0;3.0;2.0;40.0;100.0;100.0
21021848;CENTRO DE ENSINO MARIA FIRMINA DOS REIS;2111300;São Luís;2.0;1.0;CENSO_ESCOLAR_2025;75;54;468.35;56;483.59;56;502.89;54;458.72;56;46;82.14;503.21;612.61;1.0;1.0;1.0;1.0;1.0;1.0;0.0;1.0;0.0;0.0;1.0;1.0;0.0;1.0;6.0;0.0;28.0;0.0;1.0;0.0;0.0;0.0;1.0;7.0;7.0;0.0;1.0;4.0;100.0;2.0;40.0;4;3.0;75.0;34.0;1.0;20.0;100.0;0.0
21021872;INSTITUTO ESTADUAL DE EDUCACAO CIENCIA E TECNOLOGIA DO MA IEMA PLENO SAO LUIS - MARIA MONICA VALE;2111300;São Luís;2.0;1.0;CENSO_ESCOLAR_2025;89;77;476.76;80;488.49;80;515.45;77;461.18;80;69;86.25;512.25;593.91;1.0;1.0;1.0;1.0;1.0;1.0;1.0;1.0;1.0;1.0;1.0;1.0;1.0;1.0;21.0;3.0;1.0;1.0;1.0;1.0;1.0;0.0;0.0;11.0;11.0;11.0;1.0;4.0;100.0;5.0;100.0;4;4.0;100.0;25.0;4.0;80.0;100.0;100.0
21021910;INSTITUTO ESTADUAL DE EDUCACAO CIENCIA E TECNOLOGIA DO MARANHAO-IEMA PLENO SAO LUIS COHAB;2111300;São Luís;2.0;1.0;CENSO_ESCOLAR_2025;251;194;459.75;201;464.44;201;483.84;194;447.76;201;176;87.56;492.24;562.16;1.0;1.0;1.0;1.0;1.0;1.0;1.0;1.0;1.0;1.0;1.0;1.0;1.0;1.0;5.0;2.0;0.0;1.0;1.0;1.0;1.0;0.0;0.0;17.0;17.0;17.0;1.0;4.0;100.0;5.0;100.0;4;4.0;100.0;7.0;4.0;80.0;100.0;100.0
21021929;CENTRO EDUCA MAIS CRUZEIRO DO SUL;2111300;São Luís;2.0;1.0;CENSO_ESCOLAR_2025;78;70;459.35;70;457.97;70;489.06;70;428.91;70;64;91.43;492.0;538.12;1.0;1.0;0.0;1.0;1.0;1.0;1.0;1.0;0.0;0.0;1.0;1.0;1.0;1.0;10.0;10.0;0.0;1.0;0.0;1.0;0.0;0.0;0.0;6.0;6.0;6.0;1.0;3.0;75.0;3.0;60.0;4;4.0;100.0;20.0;2.0;40.0;100.0;100.0
21021953;COLEGIO MILITAR TIRADENTES I - SAO LUIS;2111300;São Luís;2.0;1.0;CENSO_ESCOLAR_2025;232;224;547.63;226;566.44;226;578.29;224;618.22;226;224;99.12;776.11;783.04;1.0;1.0;1.0;1.0;1.0;1.0;1.0;0.0;1.0;1.0;1.0;1.0;1.0;1.0;8.0;18.0;0.0;1.0;1.0;1.0;1.0;0.0;0.0;23.0;23.0;0.0;1.0;4.0;100.0;4.0;80.0;4;4.0;100.0;26.0;4.0;80.0;100.0;0.0
21021961;CENTRO DE ENSINO ESTADO DO MATO GROSSO;2111300;São Luís;2.0;1.0;CENSO_ESCOLAR_2025;100;80;468.33;82;470.8;82;496.84;80;455.18;82;80;97.56;621.95;637.5;1.0;1.0;0.0;1.0;1.0;1.0;0.0;1.0;0.0;0.0;1.0;1.0;1.0;1.0;0.0;2.0;0.0;1.0;0.0;1.0;0.0;0.0;0.0;7.0;7.0;0.0;1.0;3.0;75.0;2.0;40.0;4;4.0;100.0;2.0;2.0;40.0;100.0;0.0
21022089;CENTRO DE ENSINO JOSE JUSTINO PEREIRA;2111300;São Luís;2.0;1.0;CENSO_ESCOLAR_2025;162;131;463.82;136;465.63;136;483.3;131;450.12;136;124;91.18;513.24;562.9;1.0;1.0;1.0;1.0;1.0;1.0;0.0;0.0;0.0;1.0;1.0;0.0;0.0;1.0;1.0;1.0;5.0;1.0;1.0;0.0;0.0;0.0;0.0;11.0;11.0;0.0;1.0;4.0;100.0;2.0;40.0;4;2.0;50.0;7.0;2.0;40.0;100.0;0.0
21022100;CENTRO DE ENSINO JOSUE MONTELLO;2111300;São Luís;2.0;1.0;CENSO_ESCOLAR_2025;47;36;468.67;38;481.5;38;491.19;36;448.55;38;31;81.58;449.47;550.97;1.0;1.0;1.0;1.0;1.0;1.0;0.0;0.0;0.0;0.0;1.0;1.0;1.0;1.0;3.0;0.0;0.0;1.0;1.0;1.0;0.0;0.0;0.0;6.0;6.0;6.0;1.0;4.0;100.0;1.0;20.0;4;4.0;100.0;3.0;3.0;60.0;100.0;100.0
21022127;CENTRO EDUCA MAIS JULIO DE MESQUITA FILHO;2111300;São Luís;2.0;1.0;CENSO_ESCOLAR_2025;55;47;446.94;49;473.78;49;490.85;47;436.53;49;40;81.63;451.43;553.0;1.0;1.0;1.0;1.0;1.0;1.0;1.0;1.0;1.0;1.0;1.0;1.0;1.0;1.0;15.0;0.0;0.0;1.0;1.0;1.0;1.0;0.0;0.0;8.0;8.0;8.0;1.0;4.0;100.0;5.0;100.0;4;4.0;100.0;15.0;4.0;80.0;100.0;100.0
21022135;CENTRO DE ENSINO JUVENCIO MATOS;2111300;São Luís;2.0;2.0;CENSO_ESCOLAR_2025;58;43;450.14;46;440.6;46;459.96;43;405.05;46;38;82.61;465.65;563.68;1.0;1.0;0.0;1.0;1.0;1.0;0.0;0.0;1.0;0.0;1.0;1.0;1.0;1.0;0.0;1.0;0.0;1.0;1.0;1.0;1.0;0.0;0.0;7.0;7.0;7.0;1.0;3.0;75.0;2.0;40.0;4;4.0;100.0;1.0;4.0;80.0;100.0;100.0
21022186;CENTRO DE ENSINO PEDRO ALVARES CABRAL;2111300;São Luís;2.0;1.0;CENSO_ESCOLAR_2025;137;109;461.46;112;465.67;112;491.47;109;440.09;112;106;94.64;528.04;557.92;1.0;1.0;1.0;1.0;0.0;1.0;0.0;0.0;1.0;0.0;1.0;0.0;1.0;0.0;4.0;4.0;0.0;1.0;1.0;1.0;0.0;0.0;0.0;12.0;12.0;12.0;1.0;4.0;100.0;2.0;40.0;4;2.0;50.0;8.0;3.0;60.0;100.0;100.0
21022208;CENTRO DE ENSINO PROFESSOR LUIS REGO;2111201;São José de Ribamar;2.0;1.0;CENSO_ESCOLAR_2025;83;51;443.91;54;451.73;54;476.71;51;441.94;54;48;88.89;461.85;519.58;1.0;1.0;0.0;1.0;1.0;1.0;1.0;1.0;1.0;0.0;1.0;0.0;1.0;1.0;0.0;4.0;0.0;1.0;0.0;1.0;0.0;0.0;0.0;6.0;6.0;1.0;1.0;3.0;75.0;4.0;80.0;4;3.0;75.0;4.0;2.0;40.0;100.0;16.67
21022232;CENTRO DE ENSINO PROFESSOR RUBEM ALMEIDA;2111300;São Luís;2.0;1.0;CENSO_ESCOLAR_2025;24;19;428.93;20;459.43;20;463.42;19;416.99;20;13;65.0;314.0;483.08;1.0;1.0;1.0;1.0;1.0;1.0;0.0;0.0;1.0;0.0;1.0;1.0;0.0;1.0;0.0;4.0;0.0;1.0;1.0;1.0;0.0;0.0;0.0;11.0;9.0;9.0;1.0;4.0;100.0;2.0;40.0;4;3.0;75.0;4.0;3.0;60.0;81.82;81.82
21022313;INSTITUTO ESTADUAL DE EDUC CIENCIA E TEC DO MA - IEMA UNIDADE VOCACIONAL INTEGRADA DO CAMPO VILA MA;2111300;São Luís;2.0;2.0;CENSO_ESCOLAR_2025;54;29;448.29;33;470.11;33;478.91;29;431.3;33;26;78.79;437.58;555.38;1.0;1.0;0.0;1.0;1.0;1.0;0.0;1.0;0.0;1.0;1.0;1.0;1.0;1.0;10.0;2.0;0.0;1.0;0.0;1.0;0.0;0.0;0.0;8.0;8.0;8.0;1.0;3.0;75.0;3.0;60.0;4;4.0;100.0;12.0;2.0;40.0;100.0;100.0
21022330;CENTRO DE ENSINO CONEGO RIBAMAR CARVALHO;2111300;São Luís;2.0;1.0;CENSO_ESCOLAR_2025;125;106;465.16;109;483.04;109;508.05;106;469.82;109;98;89.91;525.5;584.49;1.0;1.0;0.0;1.0;1.0;1.0;0.0;1.0;0.0;0.0;1.0;1.0;1.0;1.0;18.0;18.0;0.0;1.0;1.0;0.0;0.0;0.0;0.0;14.0;14.0;1.0;1.0;3.0;75.0;2.0;40.0;4;4.0;100.0;36.0;2.0;40.0;100.0;7.14
21022356;CENTRO DE ENSINO DR GERALDO MELO;2111300;São Luís;2.0;1.0;CENSO_ESCOLAR_2025;78;58;461.22;64;446.58;64;482.64;58;447.78;64;58;90.62;477.19;526.55;1.0;1.0;1.0;1.0;1.0;1.0;1.0;1.0;1.0;0.0;1.0;1.0;1.0;1.0;3.0;1.0;0.0;1.0;1.0;1.0;1.0;0.0;0.0;11.0;11.0;0.0;1.0;4.0;100.0;4.0;80.0;4;4.0;100.0;4.0;4.0;80.0;100.0;0.0
21022364;CENTRO EDUCA MAIS DESEMBARGADOR EMESIO DARIO DE ARAUJO;2111300;São Luís;2.0;1.0;CENSO_ESCOLAR_2025;98;71;453.89;75;470.65;75;489.43;71;436.79;75;55;73.33;395.47;539.27;1.0;1.0;0.0;1.0;1.0;1.0;1.0;1.0;0.0;1.0;1.0;1.0;1.0;1.0;10.0;8.0;0.0;1.0;1.0;1.0;1.0;0.0;0.0;9.0;0.0;0.0;1.0;3.0;75.0;4.0;80.0;4;4.0;100.0;18.0;4.0;80.0;0.0;0.0
21022372;INSTITUTO ESTADUAL DE EDUC CIENCIA E TECNOLOGIA DO MA - IEMA UNIDADE VOCACIONAL ESTADO DO CEARA;2111300;São Luís;2.0;1.0;CENSO_ESCOLAR_2025;27;19;454.28;21;474.71;21;526.84;19;450.42;21;20;95.24;536.19;563.0;1.0;1.0;1.0;1.0;1.0;1.0;1.0;1.0;1.0;1.0;1.0;1.0;1.0;1.0;10.0;8.0;0.0;1.0;1.0;1.0;0.0;0.0;0.0;6.0;6.0;0.0;1.0;4.0;100.0;5.0;100.0;4;4.0;100.0;18.0;3.0;60.0;100.0;0.0
21022399;CENTRO DE ENSINO HAYDEE CHAVES;2111300;São Luís;2.0;1.0;CENSO_ESCOLAR_2025;38;28;465.12;28;479.51;28;501.01;28;446.77;28;25;89.29;496.43;556.0;1.0;1.0;1.0;1.0;1.0;1.0;1.0;1.0;1.0;1.0;1.0;0.0;0.0;1.0;0.0;0.0;0.0;1.0;0.0;1.0;0.0;0.0;0.0;6.0;6.0;6.0;1.0;4.0;100.0;5.0;100.0;4;2.0;50.0;0.0;2.0;40.0;100.0;100.0
21022437;CENTRO DE ENSINO VIRIATO CORREA;2111300;São Luís;2.0;1.0;CENSO_ESCOLAR_2025;59;46;451.1;48;466.93;48;483.45;46;449.85;48;46;95.83;504.58;526.52;1.0;1.0;1.0;1.0;1.0;1.0;1.0;1.0;1.0;1.0;1.0;1.0;1.0;1.0;3.0;0.0;0.0;1.0;1.0;1.0;1.0;0.0;0.0;7.0;7.0;7.0;1.0;4.0;100.0;5.0;100.0;4;4.0;100.0;3.0;4.0;80.0;100.0;100.0
21022453;CENTRO DE ENSINO COELHO NETO - TURU;2111300;São Luís;2.0;1.0;CENSO_ESCOLAR_2025;73;60;468.34;62;477.05;62;491.25;60;448.25;62;54;87.1;476.77;547.41;1.0;1.0;1.0;1.0;1.0;1.0;1.0;0.0;0.0;0.0;1.0;1.0;1.0;1.0;2.0;0.0;0.0;1.0;1.0;1.0;0.0;0.0;0.0;14.0;14.0;0.0;1.0;4.0;100.0;2.0;40.0;4;4.0;100.0;2.0;3.0;60.0;100.0;0.0
21022461;INSTITUTO ESTADUAL DE EDUCACAO CIENCIA E TECNOLOGIA DO MA - IEMA UNIDADE PLENA DESEMBARGADOR SARNEY;2111300;São Luís;2.0;1.0;CENSO_ESCOLAR_2025;47;41;468.12;42;478.21;42;499.54;41;440.57;42;37;88.1;524.76;595.68;1.0;1.0;1.0;1.0;1.0;1.0;1.0;1.0;1.0;0.0;1.0;1.0;1.0;1.0;17.0;1.0;1.0;1.0;0.0;1.0;0.0;0.0;0.0;7.0;7.0;7.0;1.0;4.0;100.0;4.0;80.0;4;4.0;100.0;19.0;2.0;40.0;100.0;100.0
21022526;CENTRO DE ENSINO LUCIA CHAVES;2111300;São Luís;2.0;2.0;CENSO_ESCOLAR_2025;58;46;463.18;47;451.69;47;477.74;46;455.46;47;42;89.36;501.7;561.43;1.0;1.0;0.0;1.0;1.0;1.0;0.0;1.0;0.0;1.0;1.0;0.0;0.0;0.0;2.0;0.0;0.0;1.0;0.0;1.0;0.0;0.0;0.0;6.0;6.0;6.0;1.0;3.0;75.0;3.0;60.0;4;1.0;25.0;2.0;2.0;40.0;100.0;100.0
21022585;CENTRO DE ENSINO RENASCENCA;2111300;São Luís;2.0;1.0;CENSO_ESCOLAR_2025;29;26;464.35;27;476.29;27;510.79;26;482.62;27;25;92.59;598.52;646.4;1.0;1.0;1.0;1.0;1.0;1.0;1.0;0.0;1.0;0.0;1.0;1.0;0.0;1.0;1.0;3.0;0.0;1.0;0.0;1.0;0.0;0.0;0.0;5.0;5.0;0.0;1.0;4.0;100.0;3.0;60.0;4;3.0;75.0;4.0;2.0;40.0;100.0;0.0
21022607;CENTRO DE ENSINO SALIM BRAID;2111300;São Luís;2.0;2.0;CENSO_ESCOLAR_2025;36;27;448.93;29;454.22;29;473.23;27;439.01;29;19;65.52;411.03;627.37;1.0;1.0;1.0;1.0;1.0;1.0;1.0;1.0;0.0;0.0;1.0;1.0;1.0;1.0;5.0;4.0;0.0;1.0;0.0;1.0;0.0;0.0;0.0;6.0;6.0;0.0;1.0;4.0;100.0;3.0;60.0;4;4.0;100.0;9.0;2.0;40.0;100.0;0.0
21022623;CENTRO EDUCA MAIS Y BACANGA;2111300;São Luís;2.0;1.0;CENSO_ESCOLAR_2025;31;24;484.16;29;484.18;29;506.3;24;492.93;29;24;82.76;457.24;552.5;1.0;1.0;0.0;1.0;1.0;1.0;1.0;0.0;1.0;1.0;1.0;1.0;1.0;1.0;10.0;1.0;0.0;1.0;1.0;0.0;0.0;0.0;0.0;9.0;9.0;0.0;1.0;3.0;75.0;4.0;80.0;4;4.0;100.0;11.0;2.0;40.0;100.0;0.0
21022950;CENTRO EDUCA MAIS ESTADO DO ACRE;2101103;Axixá;2.0;1.0;CENSO_ESCOLAR_2025;70;58;432.21;59;425.6;59;450.18;58;434.85;59;45;76.27;393.9;516.44;1.0;1.0;0.0;1.0;1.0;1.0;1.0;1.0;0.0;0.0;1.0;1.0;1.0;1.0;20.0;3.0;0.0;1.0;0.0;1.0;0.0;0.0;0.0;8.0;8.0;6.0;1.0;3.0;75.0;3.0;60.0;4;4.0;100.0;23.0;2.0;40.0;100.0;75.0
21024154;CENTRO DE ENSINO ANA FLAVIA PEREIRA DA SILVA;2105104;Icatu;2.0;1.0;CENSO_ESCOLAR_2025;133;99;426.85;102;433.45;102;447.87;99;406.87;102;87;85.29;401.18;470.34;1.0;1.0;0.0;1.0;1.0;1.0;0.0;1.0;0.0;0.0;1.0;1.0;1.0;1.0;10.0;0.0;0.0;1.0;0.0;1.0;0.0;0.0;0.0;18.0;7.0;1.0;1.0;3.0;75.0;2.0;40.0;4;4.0;100.0;10.0;2.0;40.0;38.89;5.56
21025649;CENTRO DE ENSINO AMERICA CENTRAL;2107100;Morros;2.0;1.0;CENSO_ESCOLAR_2025;133;86;434.43;98;436.83;98;448.25;86;414.7;98;80;81.63;406.53;498.0;1.0;1.0;0.0;1.0;1.0;1.0;0.0;0.0;1.0;0.0;1.0;0.0;1.0;1.0;2.0;2.0;0.0;1.0;0.0;1.0;1.0;0.0;0.0;16.0;9.0;9.0;1.0;3.0;75.0;2.0;40.0;4;3.0;75.0;4.0;3.0;60.0;56.25;56.25
21025673;CENTRO DE ENSINO SOTERO DOS REIS;2102374;Cachoeira Grande;2.0;1.0;CENSO_ESCOLAR_2025;61;44;437.33;46;439.54;46;452.32;44;408.48;46;39;84.78;424.35;500.51;1.0;1.0;0.0;1.0;0.0;0.0;0.0;0.0;0.0;0.0;1.0;0.0;0.0;1.0;0.0;1.0;0.0;1.0;1.0;1.0;0.0;0.0;0.0;23.0;5.0;5.0;0.0;3.0;75.0;0.0;0.0;4;2.0;50.0;1.0;3.0;60.0;21.74;21.74
21026203;CENTRO DE ENSINO SENADOR VITORINO FREIRE;2109205;Presidente Juscelino;2.0;1.0;CENSO_ESCOLAR_2025;64;51;450.55;51;437.81;51;477.61;51;419.61;51;45;88.24;475.29;538.67;1.0;1.0;0.0;1.0;1.0;1.0;0.0;0.0;0.0;0.0;1.0;1.0;1.0;1.0;1.0;1.0;1.0;1.0;0.0;1.0;0.0;0.0;0.0;5.0;5.0;0.0;1.0;3.0;75.0;1.0;20.0;4;4.0;100.0;3.0;2.0;40.0;100.0;0.0
21026211;CENTRO EDUCA MAIS RAIMUNDO JOAO SALDANHA;2109601;Rosário;2.0;1.0;CENSO_ESCOLAR_2025;96;78;440.49;80;455.16;80;477.48;78;420.71;80;70;87.5;471.25;538.57;1.0;1.0;1.0;1.0;1.0;1.0;0.0;1.0;1.0;0.0;1.0;1.0;1.0;1.0;11.0;5.0;0.0;1.0;0.0;1.0;0.0;0.0;0.0;12.0;12.0;12.0;1.0;4.0;100.0;3.0;60.0;4;4.0;100.0;16.0;2.0;40.0;100.0;100.0
21027005;CENTRO DE ENSINO MONSENHOR LUIS ALVES MADUREIRA;2101251;Bacabeira;2.0;1.0;CENSO_ESCOLAR_2025;56;40;446.98;41;445.82;41;464.37;40;435.64;41;31;75.61;416.59;550.97;1.0;1.0;0.0;1.0;0.0;1.0;0.0;0.0;0.0;0.0;1.0;0.0;1.0;1.0;1.0;2.0;0.0;1.0;0.0;1.0;0.0;0.0;0.0;4.0;4.0;4.0;1.0;3.0;75.0;1.0;20.0;4;3.0;75.0;3.0;2.0;40.0;100.0;100.0
21027196;CENTRO DE ENSINO LUIZA SOUSA GOMES;2109601;Rosário;2.0;1.0;CENSO_ESCOLAR_2025;122;85;432.73;91;453.08;91;471.21;85;429.18;91;84;92.31;516.48;559.52;1.0;1.0;0.0;1.0;1.0;1.0;1.0;1.0;1.0;0.0;1.0;1.0;1.0;1.0;3.0;2.0;0.0;1.0;1.0;1.0;0.0;0.0;0.0;7.0;7.0;7.0;1.0;3.0;75.0;4.0;80.0;4;4.0;100.0;5.0;3.0;60.0;100.0;100.0
21027269;CENTRO DE ENSINO ANILTON PEDROSO RAIOL;2109601;Rosário;2.0;2.0;CENSO_ESCOLAR_2025;46;31;430.47;31;436.38;31;440.52;31;395.31;31;31;100.0;439.35;439.35;1.0;1.0;0.0;1.0;0.0;1.0;0.0;0.0;0.0;0.0;1.0;1.0;1.0;1.0;3.0;2.0;0.0;1.0;0.0;1.0;0.0;0.0;0.0;5.0;5.0;5.0;1.0;3.0;75.0;1.0;20.0;4;4.0;100.0;5.0;2.0;40.0;100.0;100.0
21027307;CENTRO DE ENSINO PROFESSOR JOAQUIM SANTOS;2109601;Rosário;2.0;1.0;CENSO_ESCOLAR_2025;87;64;428.77;65;441.05;65;462.56;64;410.95;65;48;73.85;364.92;494.17;1.0;1.0;0.0;1.0;1.0;1.0;0.0;0.0;1.0;0.0;1.0;1.0;1.0;1.0;2.0;0.0;4.0;1.0;1.0;1.0;0.0;0.0;0.0;7.0;5.0;5.0;1.0;3.0;75.0;2.0;40.0;4;4.0;100.0;6.0;3.0;60.0;71.43;71.43
21027943;CENTRO EDUCA MAIS JOAO BATISTA DE CARVALHO;2110203;Santa Rita;2.0;1.0;CENSO_ESCOLAR_2025;193;132;447.81;144;446.99;144;464.18;132;438.48;144;124;86.11;496.39;576.45;1.0;1.0;0.0;1.0;0.0;0.0;0.0;0.0;1.0;1.0;1.0;1.0;1.0;1.0;8.0;2.0;0.0;1.0;1.0;1.0;1.0;0.0;0.0;11.0;11.0;11.0;0.0;3.0;75.0;2.0;40.0;4;4.0;100.0;10.0;4.0;80.0;100.0;100.0
21027978;CENTRO DE ENSINO MONSENHOR DOURADO;2110203;Santa Rita;2.0;1.0;CENSO_ESCOLAR_2025;109;72;434.42;73;436.21;73;458.49;72;419.32;73;64;87.67;466.3;531.88;1.0;1.0;0.0;1.0;1.0;1.0;0.0;0.0;1.0;1.0;0.0;0.0;0.0;;0.0;0.0;0.0;0.0;0.0;1.0;0.0;0.0;0.0;13.0;7.0;0.0;1.0;3.0;75.0;3.0;60.0;3;0.0;0.0;0.0;1.0;20.0;53.85;0.0
21030375;CENTRO DE ENSINO JOAQUIM SOEIRO DE CARVALHO;2101707;Barreirinhas;2.0;1.0;CENSO_ESCOLAR_2025;214;141;442.7;151;444.81;151;467.77;141;418.18;151;114;75.5;433.51;574.21;1.0;1.0;1.0;1.0;1.0;1.0;1.0;0.0;1.0;1.0;1.0;1.0;1.0;1.0;20.0;0.0;0.0;1.0;1.0;0.0;1.0;0.0;0.0;25.0;10.0;0.0;1.0;4.0;100.0;4.0;80.0;4;4.0;100.0;20.0;3.0;60.0;40.0;0.0
21031509;CENTRO DE ENSINO HUMBERTO DE CAMPOS;2105005;Humberto de Campos;2.0;1.0;CENSO_ESCOLAR_2025;212;162;442.05;171;456.53;171;469.3;162;423.7;171;151;88.3;469.24;531.39;0.0;1.0;0.0;1.0;0.0;0.0;0.0;0.0;0.0;0.0;1.0;1.0;1.0;1.0;1.0;3.0;0.0;1.0;1.0;1.0;0.0;0.0;0.0;20.0;12.0;6.0;0.0;2.0;50.0;0.0;0.0;4;4.0;100.0;4.0;3.0;60.0;60.0;30.0
21033218;CENTRO DE ENSINO RURAL DOS LOPES;2109403;Primeira Cruz;2.0;1.0;CENSO_ESCOLAR_2025;28;19;461.69;19;494.69;19;505.48;19;445.73;19;19;100.0;666.32;666.32;1.0;1.0;0.0;1.0;1.0;1.0;1.0;1.0;0.0;0.0;1.0;1.0;1.0;1.0;2.0;2.0;0.0;1.0;0.0;1.0;1.0;0.0;0.0;13.0;5.0;8.0;1.0;3.0;75.0;3.0;60.0;4;4.0;100.0;4.0;3.0;60.0;38.46;61.54
21033285;CENTRO DE ENSINO MANOEL DIAS DE SOUSA;2110278;Santo Amaro do Maranhão;2.0;1.0;CENSO_ESCOLAR_2025;100;61;414.25;63;443.37;63;448.77;61;414.93;63;51;80.95;383.81;474.12;1.0;1.0;0.0;1.0;1.0;1.0;1.0;1.0;0.0;0.0;1.0;1.0;1.0;1.0;8.0;0.0;0.0;1.0;0.0;1.0;1.0;0.0;0.0;16.0;6.0;0.0;1.0;3.0;75.0;3.0;60.0;4;4.0;100.0;8.0;3.0;60.0;37.5;0.0
21035032;CENTRO DE ENSINO HENRIQUE ROCHA;2112506;Tutóia;2.0;1.0;CENSO_ESCOLAR_2025;108;78;450.66;82;439.32;82;465.27;78;414.91;82;73;89.02;469.76;527.67;1.0;1.0;0.0;1.0;0.0;0.0;0.0;0.0;0.0;0.0;1.0;1.0;0.0;1.0;0.0;1.0;0.0;1.0;0.0;1.0;0.0;0.0;0.0;29.0;29.0;29.0;0.0;3.0;75.0;0.0;0.0;4;3.0;75.0;1.0;2.0;40.0;100.0;100.0
21035067;CENTRO EDUCA MAIS OLINDINA DA COSTA NUNES FREIRE;2112506;Tutóia;2.0;1.0;CENSO_ESCOLAR_2025;89;70;438.22;75;435.24;75;462.65;70;410.79;75;59;78.67;370.4;470.85;0.0;1.0;0.0;1.0;1.0;1.0;0.0;0.0;1.0;1.0;1.0;1.0;1.0;1.0;9.0;0.0;0.0;1.0;1.0;1.0;0.0;0.0;0.0;4.0;4.0;4.0;1.0;2.0;50.0;3.0;60.0;4;4.0;100.0;9.0;3.0;60.0;100.0;100.0
21035083;CENTRO DE ENSINO LICEU TUTOIENSE;2112506;Tutóia;2.0;1.0;CENSO_ESCOLAR_2025;170;112;450.02;116;450.02;116;471.76;112;427.69;116;100;86.21;478.97;555.6;1.0;1.0;0.0;1.0;0.0;0.0;1.0;0.0;1.0;0.0;1.0;1.0;1.0;1.0;0.0;2.0;0.0;1.0;1.0;1.0;0.0;0.0;0.0;15.0;15.0;15.0;0.0;3.0;75.0;2.0;40.0;4;4.0;100.0;2.0;3.0;60.0;100.0;100.0
21035113;INSTITUTO ESTADUAL DE EDUCACAO CIENCIA E TECNOLOGIA DO MA - IEMA PLENO CASEMIRO DE ABREU - TUTOIA;2112506;Tutóia;2.0;2.0;CENSO_ESCOLAR_2025;133;120;473.65;120;474.69;120;492.47;120;456.48;120;115;95.83;573.83;598.78;1.0;1.0;0.0;1.0;1.0;1.0;1.0;1.0;1.0;1.0;1.0;1.0;0.0;1.0;15.0;3.0;0.0;1.0;1.0;1.0;0.0;0.0;0.0;12.0;12.0;0.0;1.0;3.0;75.0;5.0;100.0;4;3.0;75.0;18.0;3.0;60.0;100.0;0.0
21036314;CENTRO DE EDUCACAO QUILOMBOLA ANAJATUBENSE;2100709;Anajatuba;2.0;2.0;CENSO_ESCOLAR_2025;46;32;431.65;32;437.38;32;450.67;32;427.02;32;28;87.5;512.5;585.71;0.0;1.0;0.0;1.0;0.0;0.0;0.0;0.0;0.0;0.0;1.0;0.0;1.0;1.0;0.0;2.0;4.0;0.0;0.0;1.0;0.0;0.0;0.0;8.0;1.0;0.0;0.0;2.0;50.0;0.0;0.0;4;3.0;75.0;6.0;1.0;20.0;12.5;0.0
21036322;CENTRO DE ENSINO NINA RODRIGUES;2100709;Anajatuba;2.0;1.0;CENSO_ESCOLAR_2025;144;124;434.55;130;435.16;130;444.58;124;422.32;130;97;74.62;405.69;543.71;1.0;1.0;0.0;1.0;0.0;0.0;0.0;0.0;0.0;0.0;1.0;0.0;1.0;1.0;0.0;0.0;0.0;1.0;0.0;1.0;0.0;0.0;0.0;10.0;0.0;0.0;0.0;3.0;75.0;0.0;0.0;4;3.0;75.0;0.0;2.0;40.0;0.0;0.0
21037604;CENTRO EDUCA MAIS CIDADE DE ARARI;2101004;Arari;2.0;1.0;CENSO_ESCOLAR_2025;76;60;486.34;60;466.82;60;491.46;60;468.9;60;54;90.0;537.0;596.67;1.0;1.0;1.0;1.0;1.0;1.0;1.0;1.0;1.0;0.0;1.0;1.0;0.0;0.0;8.0;1.0;0.0;1.0;0.0;1.0;0.0;0.0;0.0;12.0;12.0;12.0;1.0;4.0;100.0;4.0;80.0;4;2.0;50.0;9.0;2.0;40.0;100.0;100.0
21037620;CENTRO DE ENSINO ARIMATEA CISNE;2101004;Arari;2.0;1.0;CENSO_ESCOLAR_2025;39;26;458.61;29;458.31;29;490.8;26;458.57;29;27;93.1;506.9;544.44;1.0;1.0;0.0;1.0;0.0;0.0;0.0;1.0;0.0;0.0;1.0;0.0;0.0;1.0;1.0;1.0;0.0;1.0;0.0;1.0;0.0;0.0;0.0;6.0;6.0;0.0;0.0;3.0;75.0;1.0;20.0;4;2.0;50.0;2.0;2.0;40.0;100.0;0.0
21037680;CENTRO DE ENSINO LEAO SANTOS;2101004;Arari;2.0;1.0;CENSO_ESCOLAR_2025;81;59;458.41;64;466.47;64;489.4;59;442.76;64;54;84.38;502.19;595.19;1.0;1.0;0.0;1.0;1.0;1.0;0.0;1.0;1.0;0.0;1.0;0.0;0.0;1.0;1.0;1.0;0.0;1.0;0.0;1.0;0.0;0.0;0.0;8.0;8.0;8.0;1.0;3.0;75.0;3.0;60.0;4;2.0;50.0;2.0;2.0;40.0;100.0;100.0
21038988;CENTRO EDUCA MAIS QUINCIO PINTO MUNIZ;2102507;Cajari;2.0;1.0;CENSO_ESCOLAR_2025;99;70;423.8;74;441.65;74;447.92;70;420.1;74;59;79.73;404.05;506.78;1.0;1.0;0.0;1.0;1.0;1.0;1.0;1.0;1.0;0.0;1.0;1.0;1.0;1.0;10.0;4.0;0.0;1.0;1.0;1.0;0.0;0.0;0.0;7.0;7.0;0.0;1.0;3.0;75.0;4.0;80.0;4;4.0;100.0;14.0;3.0;60.0;100.0;0.0
21039810;CENTRO DE ENSINO PADRE ASTOLFO SERRA;2106508;Matinha;2.0;1.0;CENSO_ESCOLAR_2025;152;99;427.52;117;420.37;117;430.51;99;413.25;117;76;64.96;300.17;462.11;1.0;1.0;0.0;1.0;1.0;1.0;0.0;0.0;1.0;0.0;1.0;0.0;1.0;0.0;0.0;6.0;0.0;1.0;0.0;1.0;0.0;0.0;0.0;14.0;8.0;2.0;1.0;3.0;75.0;2.0;40.0;4;2.0;50.0;6.0;2.0;40.0;57.14;14.29
21041504;CENTRO DE ENSINO DR GETULIO VARGAS;2106904;Monção;2.0;1.0;CENSO_ESCOLAR_2025;74;58;439.19;59;457.4;59;454.92;58;411.74;59;52;88.14;442.71;502.31;1.0;1.0;0.0;1.0;1.0;1.0;0.0;1.0;0.0;1.0;1.0;1.0;0.0;1.0;2.0;0.0;0.0;1.0;1.0;1.0;0.0;0.0;0.0;6.0;6.0;6.0;1.0;3.0;75.0;3.0;60.0;4;3.0;75.0;2.0;3.0;60.0;100.0;100.0
21042365;CENTRO DE ENSINO ESTADO DO RIO GRANDE DO SUL;2107605;Palmeirândia;2.0;1.0;CENSO_ESCOLAR_2025;94;60;428.68;62;443.9;62;464.02;60;390.34;62;56;90.32;479.03;530.36;1.0;1.0;0.0;1.0;0.0;0.0;0.0;0.0;1.0;0.0;1.0;0.0;0.0;1.0;0.0;3.0;0.0;1.0;0.0;0.0;0.0;0.0;0.0;6.0;6.0;0.0;0.0;3.0;75.0;1.0;20.0;4;2.0;50.0;3.0;1.0;20.0;100.0;0.0
21044015;CENTRO DE ENSINO SABINO BARROS;2108306;Penalva;2.0;1.0;CENSO_ESCOLAR_2025;81;50;422.31;57;433.39;57;424.83;50;412.99;57;45;78.95;345.96;438.22;1.0;1.0;0.0;1.0;1.0;1.0;0.0;0.0;0.0;0.0;1.0;0.0;0.0;1.0;0.0;0.0;0.0;1.0;0.0;0.0;0.0;0.0;1.0;6.0;0.0;0.0;1.0;3.0;75.0;1.0;20.0;4;2.0;50.0;0.0;1.0;20.0;0.0;0.0
21044023;CENTRO DE ENSINO DR TANCREDO NEVES CEMA;2108306;Penalva;2.0;1.0;CENSO_ESCOLAR_2025;102;97;456.26;101;465.81;101;483.43;97;433.9;101;89;88.12;509.9;578.65;1.0;1.0;0.0;1.0;0.0;0.0;0.0;0.0;0.0;0.0;1.0;0.0;0.0;1.0;1.0;2.0;0.0;0.0;0.0;1.0;0.0;0.0;0.0;7.0;7.0;0.0;0.0;3.0;75.0;0.0;0.0;4;2.0;50.0;3.0;1.0;20.0;100.0;0.0
21044066;CENTRO EDUCA MAIS DR JOSE JOAQUIM MARQUES;2108306;Penalva;2.0;1.0;CENSO_ESCOLAR_2025;72;51;449.39;54;451.64;54;468.18;51;408.33;54;48;88.89;446.3;502.08;1.0;1.0;0.0;1.0;1.0;1.0;0.0;1.0;0.0;0.0;1.0;1.0;1.0;1.0;10.0;0.0;0.0;0.0;0.0;0.0;0.0;0.0;1.0;7.0;0.0;0.0;1.0;3.0;75.0;2.0;40.0;4;4.0;100.0;10.0;0.0;0.0;0.0;0.0
21044759;CENTRO DE ENSINO ARTUR TEIXEIRA DE CARVALHO;2108405;Peri Mirim;2.0;1.0;CENSO_ESCOLAR_2025;102;76;421.94;82;432.47;82;438.63;76;414.07;82;67;81.71;399.27;488.66;1.0;1.0;0.0;1.0;0.0;0.0;0.0;0.0;1.0;0.0;1.0;0.0;1.0;1.0;2.0;3.0;0.0;1.0;0.0;1.0;0.0;0.0;0.0;7.0;3.0;7.0;0.0;3.0;75.0;1.0;20.0;4;3.0;75.0;5.0;2.0;40.0;42.86;100.0
21046638;CENTRO DE ENSINO PROFESSOR RUBEM ALMEIDA;2108603;Pinheiro;2.0;1.0;CENSO_ESCOLAR_2025;44;28;436.71;29;431.81;29;466.29;28;408.04;29;22;75.86;337.24;444.55;1.0;1.0;0.0;1.0;1.0;1.0;0.0;0.0;0.0;0.0;1.0;0.0;1.0;1.0;1.0;0.0;0.0;0.0;0.0;1.0;0.0;0.0;0.0;6.0;0.0;0.0;1.0;3.0;75.0;1.0;20.0;4;3.0;75.0;1.0;1.0;20.0;0.0;0.0
21046662;CENTRO EDUCA MAIS DOM UNGARELLI;2108603;Pinheiro;2.0;1.0;CENSO_ESCOLAR_2025;133;112;459.51;119;481.33;119;496.18;112;460.88;119;112;94.12;602.02;639.64;1.0;1.0;0.0;1.0;1.0;1.0;1.0;1.0;1.0;0.0;1.0;0.0;1.0;1.0;16.0;4.0;0.0;1.0;0.0;1.0;1.0;0.0;0.0;12.0;12.0;0.0;1.0;3.0;75.0;4.0;80.0;4;3.0;75.0;20.0;3.0;60.0;100.0;0.0
21046719;CENTRO DE ENSINO JOSE DE ANCHIETA;2108603;Pinheiro;2.0;1.0;CENSO_ESCOLAR_2025;136;97;439.34;107;449.42;107;457.86;97;408.44;107;96;89.72;479.63;534.58;1.0;1.0;0.0;1.0;1.0;1.0;1.0;1.0;1.0;1.0;1.0;0.0;1.0;1.0;1.0;0.0;0.0;1.0;1.0;1.0;1.0;0.0;0.0;10.0;10.0;10.0;1.0;3.0;75.0;5.0;100.0;4;3.0;75.0;1.0;4.0;80.0;100.0;100.0
21047006;CENTRO DE ENSINO ODORICO MENDES;2108603;Pinheiro;2.0;1.0;CENSO_ESCOLAR_2025;116;83;444.68;90;448.08;90;458.94;83;415.03;90;82;91.11;470.67;516.59;1.0;1.0;0.0;1.0;0.0;0.0;0.0;0.0;0.0;0.0;1.0;1.0;1.0;1.0;0.0;3.0;0.0;1.0;0.0;1.0;0.0;0.0;0.0;8.0;6.0;0.0;0.0;3.0;75.0;0.0;0.0;4;4.0;100.0;3.0;2.0;40.0;75.0;0.0
21048215;CENTRO DE ENSINO DEPUTADO LUIS ROCHA;2109809;Santa Helena;2.0;1.0;CENSO_ESCOLAR_2025;193;157;472.0;164;458.86;164;485.99;157;453.73;164;156;95.12;580.37;610.13;1.0;1.0;0.0;1.0;1.0;1.0;0.0;1.0;1.0;0.0;1.0;1.0;0.0;1.0;1.0;1.0;1.0;1.0;0.0;0.0;0.0;0.0;0.0;16.0;7.0;0.0;1.0;3.0;75.0;3.0;60.0;4;3.0;75.0;3.0;1.0;20.0;43.75;0.0
21048223;CENTRO EDUCA MAIS LEDA TAJRA;2109809;Santa Helena;2.0;1.0;CENSO_ESCOLAR_2025;82;36;431.15;39;433.41;39;452.03;36;407.76;39;33;84.62;439.49;519.39;1.0;1.0;0.0;1.0;0.0;0.0;0.0;1.0;0.0;1.0;1.0;1.0;1.0;1.0;4.0;6.0;0.0;1.0;1.0;1.0;0.0;0.0;0.0;8.0;8.0;0.0;0.0;3.0;75.0;2.0;40.0;4;4.0;100.0;10.0;3.0;60.0;100.0;0.0
21048231;INSTITUTO ESTADUAL DE EDUCACAO CIENCIA E TECNOLOGIA DO MA - IEMA PLENO SANTA HELENA;2109809;Santa Helena;2.0;1.0;CENSO_ESCOLAR_2025;109;97;478.34;105;473.62;105;495.46;97;454.91;105;101;96.19;614.1;638.42;1.0;1.0;0.0;1.0;1.0;1.0;1.0;1.0;1.0;1.0;1.0;1.0;1.0;0.0;25.0;0.0;0.0;1.0;0.0;1.0;0.0;0.0;0.0;12.0;12.0;0.0;1.0;3.0;75.0;5.0;100.0;4;3.0;75.0;25.0;2.0;40.0;100.0;0.0
21048282;CENTRO DE ENSINO DOM LUIS BRITO;2110500;São Bento;2.0;1.0;CENSO_ESCOLAR_2025;92;65;420.66;66;434.1;66;435.97;65;406.97;66;56;84.85;406.67;479.29;1.0;1.0;0.0;1.0;1.0;1.0;0.0;0.0;0.0;0.0;1.0;0.0;0.0;1.0;0.0;0.0;0.0;1.0;1.0;1.0;1.0;0.0;0.0;11.0;11.0;11.0;1.0;3.0;75.0;1.0;20.0;4;2.0;50.0;0.0;4.0;80.0;100.0;100.0
21049351;CENTRO EDUCA MAIS DOM FRANCISCO;2110500;São Bento;2.0;1.0;CENSO_ESCOLAR_2025;231;189;444.1;196;447.57;196;465.3;189;429.64;196;176;89.8;481.53;536.25;1.0;1.0;0.0;1.0;0.0;1.0;0.0;1.0;1.0;0.0;1.0;1.0;1.0;1.0;10.0;8.0;0.0;1.0;1.0;1.0;0.0;0.0;0.0;10.0;10.0;2.0;1.0;3.0;75.0;3.0;60.0;4;4.0;100.0;18.0;3.0;60.0;100.0;20.0
21049378;CENTRO EDUCA MAIS KIOLA COSTA;2110500;São Bento;2.0;1.0;CENSO_ESCOLAR_2025;44;33;437.1;35;450.46;35;459.64;33;439.98;35;30;85.71;439.43;512.67;1.0;1.0;0.0;1.0;1.0;1.0;1.0;1.0;1.0;0.0;1.0;1.0;1.0;1.0;0.0;9.0;0.0;1.0;0.0;1.0;0.0;0.0;0.0;9.0;9.0;1.0;1.0;3.0;75.0;4.0;80.0;4;4.0;100.0;9.0;2.0;40.0;100.0;11.11
21050538;CENTRO DE ENSINO JOSE MARIA DE ARAUJO;2107456;Olinda Nova do Maranhão;2.0;1.0;CENSO_ESCOLAR_2025;98;67;432.42;70;426.34;70;457.68;67;421.31;70;58;82.86;430.29;519.31;1.0;1.0;0.0;1.0;0.0;0.0;0.0;1.0;0.0;0.0;1.0;1.0;0.0;0.0;0.0;4.0;0.0;1.0;0.0;1.0;0.0;0.0;0.0;8.0;5.0;5.0;0.0;3.0;75.0;1.0;20.0;4;2.0;50.0;4.0;2.0;40.0;62.5;62.5
21050554;CENTRO DE ENSINO ACRISIO FIGUEIREDO;2111003;São João Batista;2.0;1.0;CENSO_ESCOLAR_2025;92;60;425.9;60;425.64;60;440.92;60;412.87;60;46;76.67;426.0;555.65;1.0;1.0;0.0;1.0;0.0;0.0;0.0;0.0;1.0;0.0;1.0;0.0;0.0;1.0;0.0;0.0;0.0;1.0;0.0;1.0;0.0;0.0;0.0;7.0;0.0;0.0;0.0;3.0;75.0;1.0;20.0;4;2.0;50.0;0.0;2.0;40.0;0.0;0.0
21051763;CENTRO DE ENSINO DR JOSE AROUCHE;2111706;São Vicente Ferrer;2.0;1.0;CENSO_ESCOLAR_2025;125;96;421.75;106;430.21;106;442.41;96;411.49;106;71;66.98;316.23;472.11;1.0;1.0;0.0;1.0;1.0;1.0;0.0;0.0;0.0;0.0;1.0;0.0;1.0;1.0;0.0;2.0;0.0;1.0;0.0;1.0;1.0;0.0;0.0;7.0;7.0;7.0;1.0;3.0;75.0;1.0;20.0;4;3.0;75.0;2.0;3.0;60.0;100.0;100.0
21051771;CENTRO DE ENSINO PROFESSORA ANA MOTA;2111706;São Vicente Ferrer;2.0;1.0;CENSO_ESCOLAR_2025;39;23;419.82;27;446.36;27;457.84;23;412.53;27;21;77.78;448.15;576.19;1.0;1.0;0.0;1.0;1.0;1.0;0.0;0.0;0.0;0.0;1.0;1.0;1.0;1.0;1.0;2.0;0.0;1.0;0.0;1.0;0.0;0.0;0.0;6.0;6.0;6.0;1.0;3.0;75.0;1.0;20.0;4;4.0;100.0;3.0;2.0;40.0;100.0;100.0
21051780;CENTRO DE ENSINO NOSSA SENHORA DA CONCEICAO;2112803;Viana;2.0;1.0;CENSO_ESCOLAR_2025;181;110;445.35;116;442.61;116;467.93;110;415.88;116;100;86.21;489.66;568.0;1.0;1.0;0.0;1.0;0.0;0.0;0.0;0.0;1.0;1.0;1.0;0.0;0.0;1.0;1.0;0.0;0.0;1.0;0.0;1.0;0.0;0.0;0.0;15.0;11.0;11.0;0.0;3.0;75.0;2.0;40.0;4;2.0;50.0;1.0;2.0;40.0;73.33;73.33
21053847;INSTITUTO ESTADUAL DE EDUCACAO CIENCIA E TECNOLOGIA DO MA - IEMA PLENO VIANA DOM HAMLETO DE ANGELIS;2112803;Viana;2.0;1.0;CENSO_ESCOLAR_2025;136;121;455.26;126;455.8;126;480.41;121;450.03;126;100;79.37;465.4;586.4;1.0;1.0;0.0;1.0;1.0;1.0;1.0;1.0;1.0;1.0;1.0;1.0;1.0;1.0;15.0;6.0;0.0;1.0;1.0;1.0;1.0;0.0;0.0;12.0;12.0;12.0;1.0;3.0;75.0;5.0;100.0;4;4.0;100.0;21.0;4.0;80.0;100.0;100.0
21053898;CENTRO EDUCA MAIS RAIMUNDO MARCELINO CAMPELO;2112803;Viana;2.0;1.0;CENSO_ESCOLAR_2025;111;78;439.78;79;455.62;79;463.35;78;433.51;79;70;88.61;473.92;534.86;1.0;1.0;0.0;1.0;0.0;0.0;0.0;0.0;0.0;1.0;1.0;1.0;1.0;1.0;16.0;2.0;0.0;1.0;1.0;1.0;0.0;0.0;0.0;12.0;12.0;0.0;0.0;3.0;75.0;1.0;20.0;4;4.0;100.0;18.0;3.0;60.0;100.0;0.0
21053960;CENTRO DE ENSINO BELA VISTA;2101772;Bela Vista do Maranhão;2.0;1.0;CENSO_ESCOLAR_2025;44;29;434.63;27;457.32;27;499.0;29;437.88;27;25;92.59;502.22;542.4;1.0;1.0;0.0;1.0;0.0;0.0;0.0;0.0;0.0;0.0;1.0;1.0;1.0;1.0;0.0;1.0;0.0;0.0;1.0;1.0;0.0;0.0;0.0;6.0;6.0;6.0;0.0;3.0;75.0;0.0;0.0;4;4.0;100.0;1.0;2.0;40.0;100.0;100.0
21055823;CENTRO EDUCA MAIS DR RAIMUNDO MAGNO ALVES DA SILVA;2112902;Vitória do Mearim;2.0;1.0;CENSO_ESCOLAR_2025;128;79;448.36;83;453.06;83;475.9;79;428.92;83;57;68.67;367.71;535.44;1.0;1.0;0.0;1.0;0.0;0.0;0.0;1.0;0.0;0.0;1.0;1.0;1.0;1.0;10.0;0.0;0.0;1.0;0.0;0.0;0.0;0.0;1.0;6.0;6.0;0.0;0.0;3.0;75.0;1.0;20.0;4;4.0;100.0;10.0;1.0;20.0;100.0;0.0
21055831;INSTITUTO ESTADUAL DE EDUCACAO CIENCIA E TECNOLOGIA DO MA - IEMA PLENO VITORIA DO MEARIM;2112902;Vitória do Mearim;2.0;1.0;CENSO_ESCOLAR_2025;69;68;461.68;68;478.57;68;504.4;68;467.29;68;61;89.71;587.94;655.41;1.0;1.0;0.0;1.0;1.0;1.0;1.0;0.0;1.0;1.0;1.0;1.0;1.0;1.0;8.0;2.0;0.0;1.0;0.0;1.0;0.0;0.0;0.0;6.0;6.0;0.0;1.0;3.0;75.0;4.0;80.0;4;4.0;100.0;10.0;2.0;40.0;100.0;0.0
21055882;CENTRO EDUCA MAIS PROFESSOR ANTENOR BOGEA;2106631;Matões do Norte;2.0;1.0;CENSO_ESCOLAR_2025;53;24;453.79;24;479.12;24;481.21;24;422.75;24;24;100.0;556.67;556.67;1.0;1.0;0.0;1.0;1.0;1.0;0.0;0.0;0.0;0.0;1.0;1.0;0.0;1.0;0.0;1.0;0.0;0.0;0.0;0.0;1.0;0.0;0.0;6.0;6.0;0.0;1.0;3.0;75.0;1.0;20.0;4;3.0;75.0;1.0;1.0;20.0;100.0;0.0
21057338;CENTRO DE ENSINO GETULIO VARGAS;2102705;Cantanhede;2.0;1.0;CENSO_ESCOLAR_2025;131;95;453.81;98;454.93;98;493.81;95;436.8;98;89;90.82;518.78;571.24;1.0;1.0;1.0;1.0;1.0;1.0;0.0;0.0;1.0;0.0;1.0;0.0;0.0;0.0;1.0;7.0;50.0;1.0;0.0;1.0;0.0;0.0;0.0;15.0;9.0;9.0;1.0;4.0;100.0;2.0;40.0;4;1.0;25.0;58.0;2.0;40.0;60.0;60.0
21057362;CENTRO DE ENSINO PROFESSOR NEWTON NEVES;2105401;Itapecuru Mirim;2.0;1.0;CENSO_ESCOLAR_2025;231;152;439.95;163;432.74;163;467.62;152;426.78;163;138;84.66;447.36;528.41;1.0;1.0;1.0;1.0;1.0;1.0;1.0;0.0;1.0;0.0;1.0;1.0;1.0;1.0;0.0;1.0;0.0;1.0;1.0;1.0;0.0;0.0;0.0;17.0;12.0;12.0;1.0;4.0;100.0;3.0;60.0;4;4.0;100.0;1.0;3.0;60.0;70.59;70.59
21059128;CENTRO DE ENSINO WADY FIQUENE CAIC;2105401;Itapecuru Mirim;2.0;1.0;CENSO_ESCOLAR_2025;139;109;442.35;113;457.53;113;467.0;109;443.57;113;102;90.27;513.98;569.41;1.0;1.0;1.0;1.0;0.0;0.0;0.0;0.0;1.0;0.0;1.0;1.0;1.0;0.0;0.0;3.0;0.0;0.0;0.0;0.0;0.0;0.0;1.0;24.0;9.0;0.0;0.0;4.0;100.0;1.0;20.0;4;3.0;75.0;3.0;0.0;0.0;37.5;0.0
21059721;CENTRO DE ENSINO PROFESSOR JOAO PEREIRA MARTINS NETO;2107209;Nina Rodrigues;2.0;1.0;CENSO_ESCOLAR_2025;47;26;419.03;26;443.55;26;438.97;26;422.72;26;20;76.92;355.38;462.0;1.0;1.0;0.0;1.0;1.0;1.0;0.0;1.0;0.0;0.0;1.0;1.0;1.0;1.0;10.0;2.0;2.0;1.0;0.0;0.0;0.0;0.0;0.0;8.0;4.0;4.0;1.0;3.0;75.0;2.0;40.0;4;4.0;100.0;14.0;1.0;20.0;50.0;50.0
21060290;CENTRO EDUCA MAIS MAJOR ERICO GOMES BRAGA;2107209;Nina Rodrigues;2.0;1.0;CENSO_ESCOLAR_2025;62;53;438.34;55;442.98;55;461.44;53;436.06;55;44;80.0;474.18;592.73;1.0;1.0;0.0;1.0;0.0;0.0;0.0;0.0;0.0;0.0;1.0;1.0;1.0;0.0;6.0;2.0;12.0;1.0;0.0;1.0;0.0;1.0;0.0;4.0;4.0;4.0;0.0;3.0;75.0;0.0;0.0;4;3.0;75.0;20.0;3.0;60.0;100.0;100.0
21061181;CENTRO EDUCA MAIS PIRAPEMAS;2108801;Pirapemas;2.0;1.0;CENSO_ESCOLAR_2025;60;27;435.56;27;424.6;27;448.08;27;397.33;27;22;81.48;385.19;472.73;1.0;1.0;0.0;1.0;0.0;0.0;0.0;1.0;0.0;0.0;1.0;0.0;1.0;1.0;10.0;0.0;0.0;1.0;0.0;1.0;0.0;0.0;0.0;6.0;6.0;6.0;0.0;3.0;75.0;1.0;20.0;4;3.0;75.0;10.0;2.0;40.0;100.0;100.0
21061190;CENTRO DE ENSINO RIBAMAR PINHEIRO;2108801;Pirapemas;2.0;1.0;CENSO_ESCOLAR_2025;95;66;423.5;70;446.9;70;456.31;66;432.05;70;53;75.71;439.14;580.0;1.0;1.0;0.0;1.0;0.0;0.0;0.0;1.0;0.0;0.0;1.0;1.0;1.0;1.0;3.0;2.0;0.0;1.0;0.0;1.0;0.0;0.0;0.0;6.0;4.0;4.0;0.0;3.0;75.0;1.0;20.0;4;4.0;100.0;5.0;2.0;40.0;66.67;66.67
21062080;CENTRO DE ENSINO SANTA LUZIA;2109304;Presidente Vargas;2.0;1.0;CENSO_ESCOLAR_2025;41;9;373.01;10;415.65;10;402.19;9;379.21;10;8;80.0;358.0;447.5;1.0;1.0;0.0;1.0;1.0;1.0;0.0;0.0;1.0;0.0;1.0;0.0;0.0;1.0;1.0;0.0;0.0;1.0;0.0;1.0;1.0;0.0;0.0;20.0;0.0;6.0;1.0;3.0;75.0;2.0;40.0;4;2.0;50.0;1.0;3.0;60.0;0.0;30.0
21063982;CENTRO DE ENSINO RAULINA SOUSA SILVA;2112704;Vargem Grande;2.0;1.0;CENSO_ESCOLAR_2025;191;91;430.94;94;435.71;94;447.2;91;430.6;94;79;84.04;410.85;488.86;1.0;1.0;1.0;1.0;1.0;1.0;0.0;1.0;1.0;0.0;1.0;1.0;0.0;1.0;10.0;0.0;0.0;1.0;1.0;1.0;0.0;0.0;0.0;28.0;10.0;0.0;1.0;4.0;100.0;3.0;60.0;4;3.0;75.0;10.0;3.0;60.0;35.71;0.0
21064024;CENTRO EDUCA MAIS ENSINO SANTOS DUMONT;2112704;Vargem Grande;2.0;1.0;CENSO_ESCOLAR_2025;185;135;440.4;141;440.66;141;457.47;135;428.06;141;117;82.98;443.12;534.02;1.0;1.0;0.0;1.0;1.0;1.0;1.0;1.0;1.0;0.0;0.0;0.0;0.0;;6.0;0.0;0.0;1.0;0.0;0.0;0.0;0.0;0.0;20.0;20.0;0.0;1.0;3.0;75.0;4.0;80.0;3;0.0;0.0;6.0;1.0;20.0;100.0;0.0
21065802;CENTRO EDUCA MAIS DJALMA CRUZ;2102606;Cândido Mendes;2.0;1.0;CENSO_ESCOLAR_2025;164;100;438.39;105;441.46;105;459.07;100;412.16;105;84;80.0;412.57;515.71;1.0;1.0;0.0;1.0;1.0;1.0;0.0;0.0;1.0;0.0;1.0;0.0;1.0;1.0;0.0;0.0;40.0;1.0;0.0;1.0;0.0;0.0;0.0;11.0;8.0;0.0;1.0;3.0;75.0;2.0;40.0;4;3.0;75.0;40.0;2.0;40.0;72.73;0.0
21067244;CENTRO DE ENSINO DR TARQUINIO LOPES FILHO;2102903;Carutapera;2.0;1.0;CENSO_ESCOLAR_2025;102;74;450.5;78;464.27;78;488.11;74;437.96;78;71;91.03;506.67;556.62;1.0;1.0;0.0;1.0;1.0;1.0;0.0;0.0;1.0;0.0;1.0;0.0;0.0;1.0;1.0;1.0;0.0;1.0;1.0;1.0;0.0;0.0;0.0;18.0;8.0;8.0;1.0;3.0;75.0;2.0;40.0;4;2.0;50.0;2.0;3.0;60.0;44.44;44.44
21068518;CENTRO EDUCA MAIS BENEDITA JORGE;2104305;Godofredo Viana;2.0;1.0;CENSO_ESCOLAR_2025;73;51;457.09;53;458.08;53;484.63;51;449.52;53;47;88.68;517.74;583.83;1.0;1.0;0.0;1.0;0.0;0.0;0.0;0.0;0.0;0.0;1.0;0.0;0.0;0.0;0.0;0.0;0.0;1.0;0.0;1.0;1.0;0.0;0.0;16.0;8.0;0.0;0.0;3.0;75.0;0.0;0.0;4;1.0;25.0;0.0;3.0;60.0;50.0;0.0
21069026;CENTRO DE ENSINO ALMEIDA BRAGA;2106201;Luís Domingues;2.0;1.0;CENSO_ESCOLAR_2025;60;45;444.51;48;453.02;48;458.13;45;421.01;48;44;91.67;457.08;498.64;1.0;1.0;0.0;1.0;1.0;1.0;0.0;0.0;1.0;0.0;1.0;1.0;1.0;1.0;0.0;0.0;0.0;0.0;0.0;1.0;0.0;0.0;0.0;7.0;7.0;7.0;1.0;3.0;75.0;2.0;40.0;4;4.0;100.0;0.0;1.0;20.0;100.0;100.0
21071071;CENTRO DE ENSINO PAULO RAMOS;2112407;Turiaçu;2.0;1.0;CENSO_ESCOLAR_2025;245;177;442.68;190;438.39;190;465.86;177;423.01;190;161;84.74;446.32;526.71;1.0;1.0;0.0;1.0;1.0;1.0;0.0;0.0;1.0;0.0;1.0;0.0;1.0;1.0;0.0;0.0;0.0;1.0;0.0;1.0;0.0;0.0;0.0;16.0;11.0;11.0;1.0;3.0;75.0;2.0;40.0;4;3.0;75.0;0.0;2.0;40.0;68.75;68.75
21071926;CENTRO DE ENSINO GONCALVES DIAS;2100402;Altamira do Maranhão;2.0;1.0;CENSO_ESCOLAR_2025;38;27;457.46;27;459.51;27;472.41;27;431.38;27;24;88.89;462.96;520.83;1.0;1.0;0.0;1.0;0.0;0.0;1.0;0.0;1.0;0.0;0.0;0.0;0.0;;0.0;0.0;0.0;1.0;0.0;1.0;0.0;0.0;0.0;6.0;6.0;0.0;0.0;3.0;75.0;2.0;40.0;3;0.0;0.0;0.0;2.0;40.0;100.0;0.0
21073252;CENTRO DE EDUCACAO ESCOLAR INDIGENA JANUARIA;2102002;Bom Jardim;2.0;2.0;CENSO_ESCOLAR_2025;18;13;425.98;14;443.42;14;445.2;13;412.38;14;12;85.71;437.14;510.0;1.0;1.0;0.0;0.0;1.0;1.0;0.0;1.0;0.0;0.0;1.0;1.0;1.0;1.0;5.0;5.0;40.0;1.0;1.0;1.0;0.0;0.0;0.0;10.0;9.0;9.0;1.0;2.0;50.0;2.0;40.0;4;4.0;100.0;50.0;3.0;60.0;90.0;90.0
21073805;CENTRO DE ENSINO PROFESSORA MARIA LUIZA RODRIGUES DE SOUSA;2102002;Bom Jardim;2.0;1.0;CENSO_ESCOLAR_2025;89;62;436.42;65;451.77;65;463.78;62;425.01;65;53;81.54;422.46;518.11;1.0;1.0;0.0;1.0;1.0;1.0;0.0;0.0;0.0;0.0;1.0;0.0;0.0;0.0;3.0;0.0;0.0;1.0;0.0;1.0;1.0;0.0;0.0;7.0;7.0;7.0;1.0;3.0;75.0;1.0;20.0;4;1.0;25.0;3.0;3.0;60.0;100.0;100.0
21075662;CENTRO EDUCA MAIS CRISTOVAO COLOMBO;2105708;Lago da Pedra;2.0;1.0;CENSO_ESCOLAR_2025;118;78;430.93;83;451.52;83;469.11;78;427.92;83;54;65.06;359.04;551.85;1.0;1.0;0.0;0.0;1.0;1.0;0.0;1.0;0.0;0.0;1.0;1.0;1.0;0.0;10.0;0.0;0.0;0.0;0.0;0.0;0.0;0.0;1.0;10.0;8.0;0.0;1.0;2.0;50.0;2.0;40.0;4;3.0;75.0;10.0;0.0;0.0;80.0;0.0
21075689;CENTRO EDUCA MAIS MAURA JORGE DE MELO;2105708;Lago da Pedra;2.0;1.0;CENSO_ESCOLAR_2025;118;97;457.38;99;463.66;99;487.67;97;457.77;99;92;92.93;507.47;546.09;1.0;1.0;0.0;1.0;1.0;1.0;0.0;0.0;1.0;0.0;1.0;0.0;1.0;1.0;10.0;0.0;0.0;0.0;0.0;1.0;0.0;0.0;0.0;6.0;6.0;6.0;1.0;3.0;75.0;2.0;40.0;4;3.0;75.0;10.0;1.0;20.0;100.0;100.0
21075697;CENTRO DE ENSINO FREI GODOFREDO BAUERDICK;2105708;Lago da Pedra;2.0;1.0;CENSO_ESCOLAR_2025;125;87;445.1;93;464.98;93;482.34;87;451.18;93;72;77.42;429.68;555.0;1.0;1.0;0.0;1.0;1.0;1.0;0.0;0.0;1.0;0.0;1.0;0.0;1.0;1.0;0.0;1.0;0.0;1.0;0.0;1.0;0.0;0.0;0.0;6.0;6.0;1.0;1.0;3.0;75.0;2.0;40.0;4;3.0;75.0;1.0;2.0;40.0;100.0;16.67
21076839;CENTRO EDUCA MAIS ROBERTO SARNEY;2108108;Paulo Ramos;2.0;1.0;CENSO_ESCOLAR_2025;163;97;440.29;100;444.44;100;461.0;97;432.39;100;85;85.0;470.4;553.41;1.0;1.0;0.0;1.0;1.0;1.0;1.0;0.0;1.0;0.0;1.0;0.0;0.0;1.0;1.0;4.0;0.0;1.0;0.0;1.0;0.0;0.0;0.0;14.0;10.0;10.0;1.0;3.0;75.0;3.0;60.0;4;2.0;50.0;5.0;2.0;40.0;71.43;71.43
21076855;CENAGIBHAICKELESCOLA;2108504;Pindaré-Mirim;2.0;1.0;CENSO_ESCOLAR_2025;14;3;437.73;4;455.78;4;446.5;3;357.8;4;3;75.0;320.0;426.67;1.0;1.0;0.0;0.0;1.0;1.0;1.0;0.0;1.0;1.0;1.0;1.0;0.0;0.0;2.0;0.0;0.0;0.0;0.0;0.0;0.0;0.0;1.0;3.0;0.0;0.0;1.0;2.0;50.0;4.0;80.0;4;2.0;50.0;2.0;0.0;0.0;0.0;0.0
21077568;CENTRO DE ENSINO JERUSA DA SILVA RABELO;2108504;Pindaré-Mirim;2.0;1.0;CENSO_ESCOLAR_2025;47;21;445.69;24;477.36;24;466.04;21;436.67;24;22;91.67;477.5;520.91;0.0;1.0;0.0;1.0;0.0;0.0;0.0;1.0;0.0;0.0;1.0;1.0;1.0;1.0;1.0;1.0;3.0;1.0;1.0;1.0;0.0;0.0;0.0;7.0;7.0;7.0;0.0;2.0;50.0;1.0;20.0;4;4.0;100.0;5.0;3.0;60.0;100.0;100.0
21077576;CENTRO EDUCA MAIS PROFESSOR JOAO CARDOSO CAMPOS;2108504;Pindaré-Mirim;2.0;1.0;CENSO_ESCOLAR_2025;71;52;436.71;52;440.27;52;452.73;52;412.17;52;44;84.62;436.54;515.91;1.0;1.0;0.0;1.0;1.0;1.0;0.0;0.0;1.0;0.0;1.0;1.0;1.0;1.0;0.0;3.0;0.0;0.0;1.0;1.0;1.0;0.0;0.0;6.0;6.0;1.0;1.0;3.0;75.0;2.0;40.0;4;4.0;100.0;3.0;3.0;60.0;100.0;16.67
21077584;CENTRO EDUCA MAIS FRANCISCO DAS CHAGAS VASCONCELOS;2108504;Pindaré-Mirim;2.0;1.0;CENSO_ESCOLAR_2025;44;24;421.74;28;430.68;28;426.69;24;407.81;28;24;85.71;367.86;429.17;1.0;1.0;0.0;1.0;1.0;1.0;0.0;0.0;0.0;1.0;1.0;1.0;1.0;1.0;0.0;1.0;0.0;1.0;1.0;1.0;0.0;0.0;0.0;11.0;0.0;11.0;1.0;3.0;75.0;2.0;40.0;4;4.0;100.0;1.0;3.0;60.0;0.0;100.0
21077711;CENTRO EDUCA MAIS DOM PEDRO II;2112274;Tufilândia;2.0;1.0;CENSO_ESCOLAR_2025;57;39;427.02;39;439.11;39;469.42;39;410.69;39;26;66.67;337.44;506.15;1.0;1.0;0.0;1.0;0.0;0.0;0.0;0.0;0.0;0.0;1.0;1.0;1.0;1.0;0.0;2.0;0.0;1.0;0.0;1.0;0.0;0.0;0.0;6.0;5.0;0.0;0.0;3.0;75.0;0.0;0.0;4;4.0;100.0;2.0;2.0;40.0;83.33;0.0
21077720;CENTRO EDUCA MAIS POETA ANTONIO JOSE;2109908;Santa Inês;2.0;1.0;CENSO_ESCOLAR_2025;79;77;474.99;77;486.74;77;520.98;77;481.28;77;68;88.31;656.1;742.94;1.0;1.0;0.0;1.0;1.0;1.0;1.0;1.0;1.0;1.0;1.0;1.0;1.0;1.0;9.0;1.0;0.0;1.0;1.0;1.0;0.0;0.0;0.0;10.0;10.0;10.0;1.0;3.0;75.0;5.0;100.0;4;4.0;100.0;10.0;3.0;60.0;100.0;100.0
21077762;CENTRO DE ENSINO BANDEIRA TRIBUZZI CAIC;2109908;Santa Inês;2.0;1.0;CENSO_ESCOLAR_2025;125;70;450.24;75;453.89;75;466.15;70;452.4;75;61;81.33;429.33;527.87;1.0;1.0;0.0;1.0;1.0;1.0;1.0;1.0;1.0;1.0;1.0;0.0;1.0;1.0;5.0;0.0;0.0;0.0;0.0;0.0;0.0;0.0;1.0;8.0;5.0;0.0;1.0;3.0;75.0;5.0;100.0;4;3.0;75.0;5.0;0.0;0.0;62.5;0.0
21078505;CENTRO DE ENSINO PROFESSORA LEUDA DA SILVA CABRAL;2109908;Santa Inês;2.0;1.0;CENSO_ESCOLAR_2025;102;68;447.3;72;459.31;72;486.06;68;438.77;72;55;76.39;452.78;592.73;1.0;1.0;0.0;1.0;1.0;1.0;0.0;0.0;0.0;0.0;1.0;0.0;1.0;1.0;0.0;0.0;0.0;1.0;1.0;1.0;0.0;0.0;0.0;6.0;2.0;2.0;1.0;3.0;75.0;1.0;20.0;4;3.0;75.0;0.0;3.0;60.0;33.33;33.33
21078556;CENTRO DE ENSINO NEUSA DE CARVALHO BASTOS;2109908;Santa Inês;2.0;1.0;CENSO_ESCOLAR_2025;48;34;447.94;36;466.14;36;491.08;34;427.29;36;30;83.33;524.44;629.33;1.0;1.0;0.0;1.0;1.0;1.0;0.0;0.0;0.0;1.0;1.0;0.0;1.0;1.0;1.0;0.0;0.0;0.0;0.0;0.0;0.0;0.0;1.0;7.0;0.0;0.0;1.0;3.0;75.0;2.0;40.0;4;3.0;75.0;1.0;0.0;0.0;0.0;0.0
21078564;CENTRO DE ENSINO JOSUE MONTELLO;2109908;Santa Inês;2.0;1.0;CENSO_ESCOLAR_2025;46;28;457.39;32;442.04;32;469.62;28;390.26;32;24;75.0;346.25;461.67;1.0;1.0;0.0;1.0;1.0;1.0;0.0;0.0;0.0;0.0;1.0;0.0;0.0;0.0;0.0;0.0;0.0;0.0;0.0;0.0;0.0;0.0;1.0;6.0;4.0;0.0;1.0;3.0;75.0;1.0;20.0;4;1.0;25.0;0.0;0.0;0.0;66.67;0.0
21078572;CENTRO EDUCA MAIS PADRE CHAGAS;2109908;Santa Inês;2.0;1.0;CENSO_ESCOLAR_2025;91;48;434.78;54;448.19;54;475.52;48;424.36;54;44;81.48;457.04;560.91;1.0;1.0;0.0;1.0;1.0;1.0;0.0;0.0;1.0;0.0;1.0;1.0;1.0;1.0;0.0;1.0;0.0;0.0;1.0;1.0;0.0;0.0;0.0;12.0;0.0;10.0;1.0;3.0;75.0;2.0;40.0;4;4.0;100.0;1.0;2.0;40.0;0.0;83.33
21081590;CENTRO DE ENSINO DR FERNANDO CASTRO;2102325;Buriticupu;2.0;1.0;CENSO_ESCOLAR_2025;423;237;443.66;257;447.95;257;460.71;237;430.11;257;200;77.82;406.07;521.8;1.0;1.0;0.0;1.0;0.0;1.0;1.0;0.0;1.0;0.0;1.0;0.0;1.0;1.0;0.0;3.0;2.0;1.0;1.0;1.0;0.0;0.0;0.0;14.0;14.0;14.0;1.0;3.0;75.0;3.0;60.0;4;3.0;75.0;5.0;3.0;60.0;100.0;100.0
21081603;CENTRO EDUCA MAIS JOSE MARIANO MUNIZ;2110005;Santa Luzia;2.0;1.0;CENSO_ESCOLAR_2025;65;61;465.28;62;475.01;62;500.75;61;519.61;62;57;91.94;695.16;756.14;1.0;1.0;0.0;1.0;1.0;1.0;1.0;1.0;1.0;1.0;1.0;1.0;1.0;1.0;2.0;12.0;0.0;1.0;1.0;0.0;1.0;0.0;0.0;12.0;12.0;0.0;1.0;3.0;75.0;5.0;100.0;4;4.0;100.0;14.0;3.0;60.0;100.0;0.0
21081646;CENTRO DE ENSINO PROFESSOR VALMIR DA PAIXAO SANTOS;2110005;Santa Luzia;2.0;1.0;CENSO_ESCOLAR_2025;338;215;457.61;231;464.87;231;487.88;215;463.94;231;200;86.58;484.42;559.5;1.0;1.0;0.0;1.0;0.0;0.0;0.0;0.0;1.0;0.0;1.0;1.0;0.0;1.0;0.0;2.0;0.0;1.0;0.0;1.0;0.0;0.0;0.0;14.0;14.0;14.0;0.0;3.0;75.0;1.0;20.0;4;3.0;75.0;2.0;2.0;40.0;100.0;100.0
21081654;CENTRO EDUCA MAIS TRAVASSOS FURTADO;2110005;Santa Luzia;2.0;1.0;CENSO_ESCOLAR_2025;94;63;442.46;68;453.88;68;472.1;63;445.11;68;56;82.35;423.53;514.29;1.0;1.0;0.0;1.0;0.0;1.0;0.0;0.0;1.0;0.0;1.0;0.0;1.0;1.0;1.0;1.0;0.0;1.0;1.0;1.0;0.0;0.0;0.0;6.0;6.0;6.0;1.0;3.0;75.0;2.0;40.0;4;3.0;75.0;2.0;3.0;60.0;100.0;100.0
21083762;CENTRO DE ENSINO TEREZINHA ALVES ROCHA;2107357;Nova Olinda do Maranhão;2.0;1.0;CENSO_ESCOLAR_2025;203;138;437.38;151;447.1;151;461.6;138;422.43;151;132;87.42;457.75;523.64;1.0;1.0;0.0;1.0;1.0;1.0;1.0;1.0;0.0;0.0;1.0;1.0;0.0;1.0;4.0;1.0;1.0;0.0;0.0;1.0;0.0;0.0;0.0;9.0;6.0;6.0;1.0;3.0;75.0;3.0;60.0;4;3.0;75.0;6.0;1.0;20.0;66.67;66.67
21083789;CENTRO DE ENSINO MARIA ESPINDOLA DE ARAUJO SILVA;2109239;Presidente Médici;2.0;1.0;CENSO_ESCOLAR_2025;32;23;441.53;23;465.43;23;467.55;23;435.31;23;22;95.65;566.09;591.82;1.0;1.0;0.0;1.0;0.0;0.0;0.0;0.0;0.0;0.0;1.0;1.0;1.0;1.0;2.0;2.0;0.0;0.0;0.0;0.0;0.0;0.0;1.0;10.0;6.0;0.0;0.0;3.0;75.0;0.0;0.0;4;4.0;100.0;4.0;0.0;0.0;60.0;0.0
21083835;CENTRO DE ENSINO CLEOBETO DE OLIVEIRA MESQUITA;2110039;Santa Luzia do Paruá;2.0;1.0;CENSO_ESCOLAR_2025;39;16;444.08;17;438.23;17;465.08;16;435.74;17;11;64.71;322.35;498.18;1.0;1.0;0.0;1.0;0.0;1.0;0.0;1.0;0.0;1.0;1.0;1.0;0.0;1.0;4.0;2.0;0.0;1.0;1.0;1.0;0.0;0.0;0.0;6.0;6.0;6.0;1.0;3.0;75.0;3.0;60.0;4;3.0;75.0;6.0;3.0;60.0;100.0;100.0
21085064;CENTRO EDUCA MAIS APARICIO BANDEIRA;2113009;Vitorino Freire;2.0;1.0;CENSO_ESCOLAR_2025;26;17;473.22;17;452.16;17;494.04;17;457.26;17;12;70.59;389.41;551.67;1.0;1.0;0.0;1.0;1.0;1.0;0.0;0.0;1.0;1.0;1.0;1.0;1.0;1.0;10.0;3.0;1.0;1.0;1.0;1.0;0.0;0.0;0.0;6.0;6.0;6.0;1.0;3.0;75.0;3.0;60.0;4;4.0;100.0;14.0;3.0;60.0;100.0;100.0
21085161;CENTRO DE ENSINO RUI BARBOSA;2113009;Vitorino Freire;2.0;1.0;CENSO_ESCOLAR_2025;318;199;450.69;214;457.34;214;468.55;199;429.91;214;186;86.92;492.52;566.67;1.0;1.0;0.0;1.0;1.0;1.0;1.0;0.0;0.0;1.0;1.0;1.0;1.0;1.0;2.0;2.0;0.0;1.0;0.0;1.0;0.0;0.0;0.0;22.0;10.0;10.0;1.0;3.0;75.0;3.0;60.0;4;4.0;100.0;4.0;2.0;40.0;45.45;45.45
21088098;CENTRO DE ENSINO PRINCESA ISABEL;2114007;Zé Doca;2.0;1.0;CENSO_ESCOLAR_2025;21;6;439.92;7;449.53;7;461.77;6;389.07;7;6;85.71;428.57;500.0;1.0;1.0;0.0;1.0;1.0;1.0;0.0;0.0;0.0;0.0;1.0;0.0;0.0;1.0;0.0;0.0;0.0;1.0;0.0;1.0;0.0;0.0;0.0;14.0;8.0;8.0;1.0;3.0;75.0;1.0;20.0;4;2.0;50.0;0.0;2.0;40.0;57.14;57.14
21088101;CENTRO DE ENSINO ANTONIO MACEDO DE ALMEIDA;2104651;Governador Newton Bello;2.0;1.0;CENSO_ESCOLAR_2025;40;31;437.7;31;431.85;31;458.03;31;407.72;31;27;87.1;474.19;544.44;1.0;1.0;0.0;1.0;0.0;0.0;0.0;0.0;0.0;0.0;0.0;0.0;0.0;;0.0;0.0;0.0;1.0;0.0;1.0;0.0;0.0;0.0;7.0;7.0;0.0;0.0;3.0;75.0;0.0;0.0;3;0.0;0.0;0.0;2.0;40.0;100.0;0.0
21088110;INSTITUTO ESTADUAL DE EDUCACAO CIENCIA E TECNOLOGIA DO MA - IEMA PLENO ZE DOCA;2114007;Zé Doca;2.0;1.0;CENSO_ESCOLAR_2025;125;111;474.99;110;465.32;110;500.5;111;456.92;110;106;96.36;628.73;652.45;1.0;1.0;0.0;1.0;1.0;1.0;1.0;1.0;1.0;0.0;1.0;1.0;1.0;1.0;10.0;1.0;0.0;1.0;1.0;0.0;0.0;0.0;0.0;10.0;10.0;10.0;1.0;3.0;75.0;4.0;80.0;4;4.0;100.0;11.0;2.0;40.0;100.0;100.0
21088144;CENTRO DE ENSINO PROFESSOR FRANCISCO DE ASSIS AMORIM DE ARAUJO;2114007;Zé Doca;2.0;1.0;CENSO_ESCOLAR_2025;167;100;450.61;110;451.91;110;465.94;100;434.16;110;89;80.91;465.27;575.06;1.0;1.0;0.0;1.0;1.0;1.0;0.0;0.0;0.0;0.0;1.0;0.0;0.0;1.0;0.0;0.0;0.0;1.0;1.0;1.0;0.0;0.0;0.0;32.0;9.0;1.0;1.0;3.0;75.0;1.0;20.0;4;2.0;50.0;0.0;3.0;60.0;28.12;3.12
21088179;CENTRO DE ENSINO PROFESSORA NORMA SUELY MENDES;2100055;Açailândia;2.0;1.0;CENSO_ESCOLAR_2025;115;72;465.75;78;484.41;78;499.07;72;449.26;78;73;93.59;504.36;538.9;1.0;1.0;0.0;1.0;0.0;0.0;0.0;0.0;0.0;0.0;1.0;0.0;0.0;1.0;0.0;0.0;0.0;0.0;0.0;0.0;0.0;0.0;0.0;6.0;6.0;0.0;0.0;3.0;75.0;0.0;0.0;4;2.0;50.0;0.0;0.0;0.0;100.0;0.0
21088276;CENTRO DE ENSINO DOM MARCELINO BICEGO;2100055;Açailândia;2.0;1.0;CENSO_ESCOLAR_2025;69;61;453.87;61;464.15;61;484.06;61;453.02;61;52;85.25;465.9;546.54;1.0;1.0;0.0;1.0;1.0;1.0;0.0;0.0;0.0;0.0;1.0;1.0;0.0;1.0;1.0;0.0;0.0;0.0;0.0;1.0;0.0;0.0;0.0;5.0;4.0;0.0;1.0;3.0;75.0;1.0;20.0;4;3.0;75.0;1.0;1.0;20.0;80.0;0.0
21090262;CENTRO DE ENSINO JOSE NEVES DE OLIVEIRA;2105427;Itinga do Maranhão;2.0;1.0;CENSO_ESCOLAR_2025;89;75;453.94;78;450.64;78;482.13;75;435.39;78;50;64.1;350.77;547.2;1.0;1.0;0.0;1.0;1.0;1.0;0.0;0.0;1.0;0.0;1.0;1.0;1.0;1.0;0.0;5.0;0.0;1.0;1.0;1.0;0.0;0.0;0.0;11.0;8.0;8.0;1.0;3.0;75.0;2.0;40.0;4;4.0;100.0;5.0;3.0;60.0;72.73;72.73
21090289;CENTRO DE ENSINO PROFESSOR ANTONIO CARLOS BECKMAN;2100055;Açailândia;2.0;1.0;CENSO_ESCOLAR_2025;121;107;473.99;112;485.65;112;509.25;107;488.15;112;105;93.75;604.82;645.14;1.0;1.0;0.0;1.0;0.0;0.0;0.0;0.0;0.0;1.0;1.0;1.0;0.0;1.0;3.0;0.0;0.0;1.0;0.0;0.0;0.0;0.0;0.0;18.0;10.0;10.0;0.0;3.0;75.0;1.0;20.0;4;3.0;75.0;3.0;1.0;20.0;55.56;55.56
21092273;CENTRO DE ENSINO PADRE JOAO BATISTA TEIXEIRA;2100600;Amarante do Maranhão;2.0;1.0;CENSO_ESCOLAR_2025;177;115;444.95;119;455.95;119;457.77;115;425.61;119;106;89.08;459.5;515.85;1.0;1.0;0.0;1.0;1.0;1.0;0.0;0.0;0.0;0.0;1.0;1.0;1.0;1.0;0.0;3.0;0.0;1.0;0.0;1.0;0.0;0.0;0.0;31.0;10.0;10.0;1.0;3.0;75.0;1.0;20.0;4;4.0;100.0;3.0;2.0;40.0;32.26;32.26
21092346;COLEGIO MILITAR TIRADENTES II - IMPERATRIZ;2105302;Imperatriz;2.0;1.0;CENSO_ESCOLAR_2025;154;145;541.49;147;559.64;147;566.84;145;617.4;147;144;97.96;753.61;769.31;1.0;1.0;1.0;1.0;1.0;1.0;1.0;1.0;1.0;1.0;1.0;1.0;0.0;1.0;18.0;1.0;0.0;1.0;0.0;0.0;0.0;0.0;0.0;16.0;16.0;1.0;1.0;4.0;100.0;5.0;100.0;4;3.0;75.0;19.0;1.0;20.0;100.0;6.25
21092354;INSTITUTO ESTADUAL DE EDUCACAO CIENCIA E TECNOLOGIA DO MARANHAO - IEMA PLENO IMPERATRIZ;2105302;Imperatriz;2.0;1.0;CENSO_ESCOLAR_2025;135;75;473.18;84;473.4;84;496.03;75;451.61;84;65;77.38;473.57;612.0;1.0;1.0;0.0;1.0;1.0;1.0;1.0;1.0;1.0;1.0;1.0;1.0;1.0;1.0;0.0;10.0;0.0;0.0;1.0;0.0;0.0;0.0;0.0;12.0;12.0;1.0;1.0;3.0;75.0;5.0;100.0;4;4.0;100.0;10.0;1.0;20.0;100.0;8.33
21092362;IFMA - CAMPUS IMPERATRIZ;2105302;Imperatriz;1.0;1.0;CENSO_ESCOLAR_2025;204;188;540.7;194;549.38;194;563.08;188;584.63;194;184;94.85;686.91;724.24;1.0;1.0;1.0;1.0;1.0;1.0;1.0;1.0;1.0;1.0;1.0;1.0;1.0;1.0;100.0;20.0;20.0;1.0;1.0;1.0;1.0;0.0;0.0;31.0;31.0;31.0;1.0;4.0;100.0;5.0;100.0;4;4.0;100.0;140.0;4.0;80.0;100.0;100.0
21092370;CENTRO DE ENSINO GRACA ARANHA;2105302;Imperatriz;2.0;1.0;CENSO_ESCOLAR_2025;295;260;477.72;271;489.94;271;521.23;260;486.73;271;243;89.67;576.97;643.46;1.0;1.0;1.0;1.0;1.0;1.0;1.0;0.0;1.0;1.0;1.0;0.0;0.0;1.0;0.0;0.0;0.0;1.0;0.0;1.0;0.0;0.0;0.0;15.0;15.0;15.0;1.0;4.0;100.0;4.0;80.0;4;2.0;50.0;0.0;2.0;40.0;100.0;100.0
21092389;CENTRO DE ENSINO AMARAL RAPOSO;2105302;Imperatriz;2.0;1.0;CENSO_ESCOLAR_2025;60;38;439.07;42;452.49;42;469.89;38;405.6;42;36;85.71;454.29;530.0;1.0;1.0;0.0;1.0;0.0;1.0;0.0;0.0;0.0;0.0;1.0;0.0;1.0;1.0;0.0;0.0;0.0;1.0;0.0;1.0;0.0;0.0;0.0;9.0;9.0;0.0;1.0;3.0;75.0;1.0;20.0;4;3.0;75.0;0.0;2.0;40.0;100.0;0.0
21092710;CENTRO DE ENSINO RAIMUNDO SOARES DA CUNHA;2105302;Imperatriz;2.0;1.0;CENSO_ESCOLAR_2025;193;144;466.2;157;469.16;157;498.87;144;461.67;157;133;84.71;523.57;618.05;1.0;1.0;0.0;1.0;1.0;1.0;0.0;0.0;1.0;0.0;1.0;0.0;0.0;0.0;0.0;0.0;0.0;1.0;1.0;1.0;0.0;0.0;0.0;10.0;0.0;0.0;1.0;3.0;75.0;2.0;40.0;4;1.0;25.0;0.0;3.0;60.0;0.0;0.0
21092729;CENTRO DE ENSINO ISAURA AMORIM;2103257;Cidelândia;2.0;1.0;CENSO_ESCOLAR_2025;105;83;449.15;86;450.3;86;470.37;83;438.92;86;71;82.56;478.14;579.15;1.0;1.0;0.0;1.0;1.0;1.0;0.0;0.0;0.0;0.0;1.0;0.0;1.0;0.0;0.0;0.0;0.0;1.0;0.0;1.0;0.0;0.0;0.0;10.0;7.0;0.0;1.0;3.0;75.0;1.0;20.0;4;2.0;50.0;0.0;2.0;40.0;70.0;0.0
21092770;CENTRO DE ENSINO FRANCISCO ALVES II;2103752;Davinópolis;2.0;1.0;CENSO_ESCOLAR_2025;118;89;440.31;91;457.09;91;465.89;89;428.89;91;76;83.52;421.98;505.26;1.0;1.0;1.0;1.0;1.0;1.0;0.0;0.0;1.0;0.0;1.0;1.0;1.0;1.0;1.0;3.0;0.0;1.0;0.0;1.0;0.0;0.0;0.0;8.0;8.0;8.0;1.0;4.0;100.0;2.0;40.0;4;4.0;100.0;4.0;2.0;40.0;100.0;100.0
21093350;CENTRO EDUCA MAIS CAMINHO DO FUTURO;2105302;Imperatriz;2.0;1.0;CENSO_ESCOLAR_2025;151;121;459.86;130;466.35;130;486.54;121;466.38;130;113;86.92;486.77;560.0;1.0;1.0;0.0;1.0;1.0;1.0;1.0;0.0;0.0;0.0;1.0;1.0;1.0;0.0;3.0;3.0;0.0;0.0;0.0;1.0;0.0;0.0;0.0;9.0;9.0;0.0;1.0;3.0;75.0;2.0;40.0;4;3.0;75.0;6.0;1.0;20.0;100.0;0.0
21093660;CENTRO DE ENSINO DELAHE FIQUENE;2105302;Imperatriz;2.0;1.0;CENSO_ESCOLAR_2025;131;93;457.38;104;472.2;104;486.4;93;445.87;104;91;87.5;484.04;553.19;1.0;1.0;1.0;1.0;1.0;1.0;0.0;0.0;0.0;0.0;1.0;0.0;0.0;1.0;0.0;2.0;0.0;1.0;0.0;1.0;0.0;0.0;0.0;8.0;8.0;5.0;1.0;4.0;100.0;1.0;20.0;4;2.0;50.0;2.0;2.0;40.0;100.0;62.5
21093733;CENTRO DE ENSINO PROFESSOR EDINAN MORAES;2105302;Imperatriz;2.0;1.0;CENSO_ESCOLAR_2025;161;124;463.04;129;474.05;129;494.15;124;453.68;129;112;86.82;529.15;609.46;1.0;1.0;1.0;1.0;0.0;1.0;0.0;0.0;1.0;0.0;1.0;0.0;0.0;1.0;1.0;0.0;0.0;1.0;0.0;1.0;1.0;0.0;0.0;10.0;10.0;1.0;1.0;4.0;100.0;2.0;40.0;4;2.0;50.0;1.0;3.0;60.0;100.0;10.0
21095450;CENTRO EDUCA MAIS TANCREDO DE ALMEIDA NEVES;2105302;Imperatriz;2.0;1.0;CENSO_ESCOLAR_2025;90;83;486.07;87;493.68;87;525.33;83;509.06;87;83;95.4;622.53;652.53;1.0;1.0;0.0;1.0;1.0;1.0;1.0;1.0;1.0;1.0;1.0;0.0;1.0;1.0;0.0;2.0;0.0;1.0;1.0;1.0;0.0;0.0;0.0;10.0;10.0;10.0;1.0;3.0;75.0;5.0;100.0;4;3.0;75.0;2.0;3.0;60.0;100.0;100.0
21095515;CENTRO DE ENSINO UNIAO;2105302;Imperatriz;2.0;1.0;CENSO_ESCOLAR_2025;123;77;453.81;81;460.14;81;483.78;77;437.95;81;68;83.95;468.89;558.53;1.0;1.0;1.0;1.0;1.0;1.0;0.0;0.0;0.0;0.0;1.0;1.0;1.0;1.0;0.0;0.0;0.0;1.0;0.0;1.0;0.0;0.0;0.0;8.0;8.0;8.0;1.0;4.0;100.0;1.0;20.0;4;4.0;100.0;0.0;2.0;40.0;100.0;100.0
21095523;CENTRO DE ENSINO URBANO ROCHA;2105302;Imperatriz;2.0;1.0;CENSO_ESCOLAR_2025;134;85;470.99;95;466.71;95;496.76;85;454.77;95;75;78.95;441.05;558.67;1.0;1.0;1.0;1.0;0.0;0.0;1.0;0.0;0.0;0.0;1.0;1.0;0.0;1.0;1.0;0.0;0.0;1.0;1.0;1.0;0.0;0.0;0.0;9.0;9.0;9.0;0.0;4.0;100.0;1.0;20.0;4;3.0;75.0;1.0;3.0;60.0;100.0;100.0
21095531;CENTRO DE ENSINO VESPASIANO RAMOS;2105302;Imperatriz;2.0;1.0;CENSO_ESCOLAR_2025;72;54;452.26;55;473.74;55;485.92;54;427.24;55;51;92.73;526.55;567.84;1.0;1.0;1.0;1.0;1.0;1.0;0.0;0.0;0.0;0.0;1.0;0.0;1.0;1.0;1.0;1.0;0.0;1.0;0.0;1.0;0.0;0.0;0.0;7.0;7.0;0.0;1.0;4.0;100.0;1.0;20.0;4;3.0;75.0;2.0;2.0;40.0;100.0;0.0
21095981;CENTRO EDUCA MAIS NASCIMENTO DE MORAES;2105302;Imperatriz;2.0;1.0;CENSO_ESCOLAR_2025;70;58;479.02;62;484.22;62;515.39;58;471.99;62;52;83.87;476.13;567.69;1.0;1.0;1.0;1.0;1.0;1.0;1.0;1.0;1.0;1.0;1.0;1.0;1.0;1.0;15.0;4.0;1.0;1.0;1.0;1.0;0.0;0.0;0.0;9.0;9.0;0.0;1.0;4.0;100.0;5.0;100.0;4;4.0;100.0;20.0;3.0;60.0;100.0;0.0
21095990;CENTRO DE ENSINO FRANCISCO FIIM;2104552;Governador Edison Lobão;2.0;2.0;CENSO_ESCOLAR_2025;49;36;447.73;37;458.42;37;480.39;36;440.5;37;36;97.3;490.27;503.89;1.0;1.0;0.0;1.0;0.0;0.0;1.0;1.0;1.0;0.0;1.0;1.0;1.0;1.0;18.0;0.0;0.0;0.0;0.0;0.0;0.0;0.0;1.0;5.0;5.0;0.0;0.0;3.0;75.0;3.0;60.0;4;4.0;100.0;18.0;0.0;0.0;100.0;0.0
21096007;CENTRO DE ENSINO VICENTE YANEZ PINZON;2104552;Governador Edison Lobão;2.0;1.0;CENSO_ESCOLAR_2025;79;53;460.87;56;457.89;56;475.66;53;438.81;56;48;85.71;465.71;543.33;1.0;1.0;0.0;1.0;1.0;1.0;0.0;0.0;0.0;0.0;1.0;1.0;0.0;1.0;0.0;3.0;0.0;1.0;0.0;1.0;0.0;0.0;0.0;6.0;6.0;0.0;1.0;3.0;75.0;1.0;20.0;4;3.0;75.0;3.0;2.0;40.0;100.0;0.0
21096058;CENTRO DE ENSINO GOVERNADOR ARCHER;2105302;Imperatriz;2.0;1.0;CENSO_ESCOLAR_2025;192;150;464.77;162;468.33;162;501.61;150;449.48;162;146;90.12;544.81;604.52;1.0;1.0;1.0;1.0;1.0;1.0;0.0;0.0;1.0;1.0;1.0;0.0;0.0;1.0;0.0;1.0;0.0;1.0;1.0;1.0;0.0;1.0;0.0;10.0;10.0;10.0;1.0;4.0;100.0;3.0;60.0;4;2.0;50.0;1.0;4.0;80.0;100.0;100.0
21096112;CENTRO EDUCA MAIS MOURAO RANGEL;2105302;Imperatriz;2.0;1.0;CENSO_ESCOLAR_2025;38;31;461.73;33;496.63;33;500.86;31;468.66;33;30;90.91;529.7;582.67;1.0;1.0;1.0;1.0;1.0;1.0;1.0;1.0;1.0;0.0;1.0;0.0;1.0;1.0;10.0;0.0;0.0;1.0;0.0;1.0;0.0;0.0;0.0;6.0;6.0;0.0;1.0;4.0;100.0;4.0;80.0;4;3.0;75.0;10.0;2.0;40.0;100.0;0.0
21096120;CENTRO DE ENSINO ESTADO DE GOIAS;2105302;Imperatriz;2.0;1.0;CENSO_ESCOLAR_2025;49;26;460.92;29;434.2;29;463.43;26;413.83;29;25;86.21;450.34;522.4;1.0;1.0;1.0;1.0;1.0;1.0;0.0;0.0;0.0;0.0;1.0;1.0;1.0;1.0;1.0;1.0;0.0;1.0;0.0;1.0;0.0;0.0;0.0;8.0;1.0;8.0;1.0;4.0;100.0;1.0;20.0;4;4.0;100.0;2.0;2.0;40.0;12.5;100.0
21096147;CENTRO DE ENSINO NOVA VITORIA;2105302;Imperatriz;2.0;1.0;CENSO_ESCOLAR_2025;60;39;455.22;43;419.33;43;468.36;39;419.72;43;37;86.05;454.42;528.11;1.0;1.0;1.0;1.0;0.0;0.0;0.0;0.0;0.0;0.0;1.0;0.0;1.0;1.0;2.0;0.0;0.0;0.0;0.0;1.0;0.0;0.0;0.0;3.0;3.0;3.0;0.0;4.0;100.0;0.0;0.0;4;3.0;75.0;2.0;1.0;20.0;100.0;100.0
21096163;CENTRO DE ENSINO SALOMAO CURY-RAD;2111763;Senador La Rocque;2.0;1.0;CENSO_ESCOLAR_2025;156;105;447.41;107;461.1;107;471.16;105;438.7;107;92;85.98;497.57;578.7;1.0;1.0;1.0;1.0;1.0;1.0;0.0;1.0;0.0;0.0;1.0;0.0;1.0;1.0;7.0;4.0;0.0;1.0;0.0;1.0;1.0;0.0;0.0;10.0;10.0;10.0;1.0;4.0;100.0;2.0;40.0;4;3.0;75.0;11.0;3.0;60.0;100.0;100.0
21097682;CENTRO EDUCA MAS RIO AMAZONAS;2105500;João Lisboa;2.0;1.0;CENSO_ESCOLAR_2025;97;62;457.17;65;469.47;65;480.27;62;436.05;65;59;90.77;522.77;575.93;1.0;1.0;0.0;1.0;1.0;1.0;0.0;0.0;0.0;0.0;1.0;1.0;0.0;0.0;1.0;1.0;0.0;1.0;0.0;1.0;0.0;0.0;0.0;6.0;6.0;0.0;1.0;3.0;75.0;1.0;20.0;4;2.0;50.0;2.0;2.0;40.0;100.0;0.0
21097747;CENTRO DE ENSINO HENRIQUE DE LA ROQUE;2105500;João Lisboa;2.0;1.0;CENSO_ESCOLAR_2025;104;72;453.48;78;455.77;78;480.32;72;456.91;78;66;84.62;495.13;585.15;1.0;1.0;0.0;1.0;1.0;1.0;0.0;0.0;0.0;1.0;1.0;1.0;1.0;1.0;0.0;1.0;0.0;1.0;1.0;1.0;0.0;0.0;0.0;12.0;8.0;8.0;1.0;3.0;75.0;2.0;40.0;4;4.0;100.0;1.0;3.0;60.0;66.67;66.67
21099049;CENTRO DE ENSINO PARSONDAS DE CARVALHO;2107001;Montes Altos;2.0;1.0;CENSO_ESCOLAR_2025;62;50;439.68;53;448.08;53;464.9;50;416.9;53;42;79.25;439.25;554.29;1.0;1.0;0.0;1.0;1.0;1.0;0.0;0.0;1.0;1.0;1.0;0.0;1.0;1.0;0.0;0.0;0.0;1.0;0.0;0.0;0.0;0.0;0.0;4.0;4.0;0.0;1.0;3.0;75.0;3.0;60.0;4;3.0;75.0;0.0;1.0;20.0;100.0;0.0
21099111;CENTRO DE ENSINO PROFESSOR JUAREZ GOMES;2101202;Bacabal;2.0;1.0;CENSO_ESCOLAR_2025;154;119;459.51;124;456.56;124;486.87;119;442.38;124;108;87.1;476.45;547.04;1.0;1.0;0.0;1.0;1.0;1.0;0.0;0.0;0.0;0.0;1.0;1.0;1.0;1.0;4.0;3.0;0.0;1.0;1.0;1.0;0.0;0.0;0.0;10.0;10.0;10.0;1.0;3.0;75.0;1.0;20.0;4;4.0;100.0;7.0;3.0;60.0;100.0;100.0
21099707;CENTRO DE ENSINO RAIMUNDO NONATO FERRO DO LAGO;2101202;Bacabal;2.0;1.0;CENSO_ESCOLAR_2025;43;9;422.01;9;430.87;9;421.76;9;392.94;9;7;77.78;333.33;428.57;1.0;1.0;0.0;1.0;0.0;0.0;0.0;0.0;1.0;0.0;1.0;0.0;1.0;1.0;1.0;4.0;1.0;1.0;0.0;1.0;0.0;0.0;0.0;12.0;5.0;5.0;0.0;3.0;75.0;1.0;20.0;4;3.0;75.0;6.0;2.0;40.0;41.67;41.67
21099855;CENTRO EDUCA MAIS ESTADO DO CEARA;2101202;Bacabal;2.0;1.0;CENSO_ESCOLAR_2025;99;73;445.82;77;456.54;77;463.5;73;422.94;77;60;77.92;419.22;538.0;1.0;1.0;0.0;1.0;1.0;1.0;1.0;1.0;1.0;1.0;1.0;1.0;1.0;1.0;4.0;3.0;0.0;1.0;1.0;1.0;0.0;0.0;0.0;10.0;2.0;10.0;1.0;3.0;75.0;5.0;100.0;4;4.0;100.0;7.0;3.0;60.0;20.0;100.0
21099979;CENTRO DE ENSINO MANOEL CAMPOS SOUSA;2101202;Bacabal;2.0;1.0;CENSO_ESCOLAR_2025;120;54;434.53;58;457.04;58;458.49;54;412.18;58;45;77.59;388.62;500.89;1.0;1.0;0.0;1.0;1.0;1.0;0.0;0.0;1.0;0.0;1.0;1.0;1.0;1.0;0.0;1.0;0.0;1.0;1.0;1.0;0.0;0.0;0.0;13.0;0.0;1.0;1.0;3.0;75.0;2.0;40.0;4;4.0;100.0;1.0;3.0;60.0;0.0;7.69
21100560;COLEGIO MILITAR TIRADENTES III - BACABAL;2101202;Bacabal;2.0;1.0;CENSO_ESCOLAR_2025;91;89;533.23;89;578.5;89;574.87;89;616.86;89;88;98.88;843.37;852.95;1.0;1.0;1.0;1.0;1.0;1.0;1.0;1.0;1.0;1.0;1.0;1.0;1.0;1.0;8.0;5.0;0.0;1.0;1.0;1.0;1.0;1.0;0.0;10.0;10.0;10.0;1.0;4.0;100.0;5.0;100.0;4;4.0;100.0;13.0;5.0;100.0;100.0;100.0
21100640;CENTRO DE ENSINO ARIMATHEA CYSNE;2101202;Bacabal;2.0;1.0;CENSO_ESCOLAR_2025;59;18;421.94;19;426.74;19;426.57;18;395.56;19;15;78.95;327.37;414.67;1.0;1.0;0.0;1.0;1.0;1.0;1.0;1.0;0.0;0.0;1.0;1.0;0.0;1.0;6.0;2.0;0.0;1.0;0.0;0.0;0.0;0.0;0.0;7.0;0.0;0.0;1.0;3.0;75.0;3.0;60.0;4;3.0;75.0;8.0;1.0;20.0;0.0;0.0
21101477;CENTRO DE EDUCACAO QUILOMBOLA PROFESSORA MARIA CLEUZA SILVA DE OLIVEIRA;2101202;Bacabal;2.0;2.0;CENSO_ESCOLAR_2025;16;8;428.82;8;409.1;8;428.02;8;389.61;8;6;75.0;347.5;463.33;1.0;1.0;1.0;1.0;1.0;1.0;0.0;0.0;1.0;0.0;1.0;1.0;1.0;1.0;20.0;0.0;40.0;1.0;1.0;0.0;0.0;0.0;0.0;8.0;0.0;8.0;1.0;4.0;100.0;2.0;40.0;4;4.0;100.0;60.0;2.0;40.0;0.0;100.0
21101485;CENTRO DE ENSINO ELISA MONTEIRO;2101202;Bacabal;2.0;1.0;CENSO_ESCOLAR_2025;51;15;432.79;14;436.07;14;473.28;15;425.41;14;11;78.57;400.0;509.09;1.0;1.0;1.0;1.0;1.0;1.0;0.0;0.0;0.0;0.0;1.0;0.0;0.0;1.0;0.0;0.0;0.0;1.0;0.0;1.0;0.0;0.0;0.0;17.0;0.0;6.0;1.0;4.0;100.0;1.0;20.0;4;2.0;50.0;0.0;2.0;40.0;0.0;35.29
21101523;CENTRO EDUCA MAIS PROFESSORA ISABEL CASTRO VIANA;2101202;Bacabal;2.0;1.0;CENSO_ESCOLAR_2025;106;55;435.22;58;454.1;58;469.55;55;411.93;58;44;75.86;391.38;515.91;1.0;1.0;0.0;1.0;1.0;1.0;0.0;0.0;1.0;0.0;1.0;1.0;1.0;1.0;3.0;1.0;0.0;0.0;0.0;1.0;0.0;0.0;0.0;10.0;6.0;0.0;1.0;3.0;75.0;2.0;40.0;4;4.0;100.0;4.0;1.0;20.0;60.0;0.0
21102740;CENTRO DE ENSINO JOAO ALMEIDA;2104008;Esperantinópolis;2.0;1.0;CENSO_ESCOLAR_2025;80;62;484.26;63;490.57;63;517.95;62;496.18;63;57;90.48;569.21;629.12;1.0;1.0;1.0;1.0;1.0;1.0;1.0;1.0;0.0;0.0;1.0;1.0;1.0;1.0;1.0;0.0;0.0;1.0;0.0;1.0;1.0;0.0;0.0;6.0;6.0;6.0;1.0;4.0;100.0;3.0;60.0;4;4.0;100.0;1.0;3.0;60.0;100.0;100.0
21102759;CENTRO EDUCA MAIS ANTONIO CORREA;2104008;Esperantinópolis;2.0;1.0;CENSO_ESCOLAR_2025;88;51;460.63;50;454.5;50;487.2;51;460.69;50;44;88.0;546.4;620.91;1.0;1.0;0.0;1.0;1.0;1.0;1.0;1.0;1.0;0.0;1.0;0.0;0.0;1.0;0.0;0.0;0.0;1.0;0.0;1.0;0.0;0.0;0.0;8.0;8.0;8.0;1.0;3.0;75.0;4.0;80.0;4;2.0;50.0;0.0;2.0;40.0;100.0;100.0
21103321;CENTRO DE ENSINO CHAGAS COSTA;2105203;Igarapé Grande;2.0;1.0;CENSO_ESCOLAR_2025;121;44;435.33;49;441.45;49;456.74;44;431.64;49;40;81.63;415.92;509.5;1.0;1.0;0.0;1.0;1.0;1.0;0.0;0.0;0.0;0.0;1.0;1.0;1.0;1.0;1.0;0.0;0.0;1.0;0.0;1.0;0.0;0.0;0.0;6.0;6.0;6.0;1.0;3.0;75.0;1.0;20.0;4;4.0;100.0;1.0;2.0;40.0;100.0;100.0
21103402;CENTRO DE ENSINO ELEUTERIO ROCHA;2101939;Bernardo do Mearim;2.0;1.0;CENSO_ESCOLAR_2025;62;27;449.75;29;447.06;29;483.59;27;447.49;29;24;82.76;453.1;547.5;1.0;1.0;0.0;1.0;0.0;1.0;0.0;0.0;0.0;0.0;1.0;0.0;0.0;1.0;1.0;0.0;0.0;1.0;1.0;1.0;1.0;0.0;0.0;8.0;8.0;0.0;1.0;3.0;75.0;1.0;20.0;4;2.0;50.0;1.0;4.0;80.0;100.0;0.0
21104140;CENTRO DE ENSINO JOSE MALAQUIAS;2105807;Lago do Junco;2.0;1.0;CENSO_ESCOLAR_2025;73;56;454.66;60;468.87;60;485.01;56;461.28;60;52;86.67;496.33;572.69;1.0;1.0;0.0;1.0;1.0;1.0;1.0;0.0;1.0;0.0;1.0;1.0;1.0;1.0;1.0;0.0;0.0;1.0;0.0;1.0;1.0;0.0;0.0;5.0;5.0;0.0;1.0;3.0;75.0;3.0;60.0;4;4.0;100.0;1.0;3.0;60.0;100.0;0.0
21104220;CENTRO DE ENSINO HOSANO GOMES FERREIRA;2105948;Lago dos Rodrigues;2.0;1.0;CENSO_ESCOLAR_2025;111;90;448.75;90;458.43;90;483.66;90;462.92;90;80;88.89;508.89;572.5;1.0;1.0;0.0;1.0;1.0;1.0;1.0;1.0;0.0;0.0;1.0;1.0;0.0;1.0;0.0;10.0;0.0;1.0;0.0;1.0;0.0;0.0;0.0;7.0;7.0;7.0;1.0;3.0;75.0;3.0;60.0;4;3.0;75.0;10.0;2.0;40.0;100.0;100.0
21104832;CENTRO DE ENSINO ARTUR LINHARES;2105906;Lago Verde;2.0;1.0;CENSO_ESCOLAR_2025;92;69;440.2;69;434.28;69;456.33;69;446.81;69;53;76.81;474.49;617.74;1.0;1.0;0.0;1.0;1.0;1.0;0.0;0.0;1.0;0.0;1.0;1.0;1.0;1.0;2.0;0.0;0.0;1.0;1.0;1.0;0.0;0.0;0.0;6.0;6.0;6.0;1.0;3.0;75.0;2.0;40.0;4;4.0;100.0;2.0;3.0;60.0;100.0;100.0
21104840;CENTRO EDUCA MAIS JOHN KENNEDY;2105906;Lago Verde;2.0;1.0;CENSO_ESCOLAR_2025;73;41;418.34;47;432.78;47;438.59;41;404.87;47;31;65.96;351.49;532.9;1.0;1.0;0.0;1.0;1.0;1.0;1.0;0.0;0.0;0.0;1.0;1.0;0.0;1.0;10.0;0.0;0.0;1.0;1.0;1.0;0.0;0.0;0.0;12.0;12.0;12.0;1.0;3.0;75.0;2.0;40.0;4;3.0;75.0;10.0;3.0;60.0;100.0;100.0
21105383;CENTRO DE ENSINO NEWTON BELLO;2106003;Lima Campos;2.0;1.0;CENSO_ESCOLAR_2025;146;64;434.69;72;460.68;72;479.51;64;433.08;72;67;93.06;503.89;541.49;1.0;1.0;0.0;1.0;0.0;1.0;0.0;0.0;0.0;0.0;1.0;1.0;1.0;1.0;2.0;2.0;0.0;1.0;0.0;1.0;0.0;0.0;0.0;6.0;6.0;6.0;1.0;3.0;75.0;1.0;20.0;4;4.0;100.0;4.0;2.0;40.0;100.0;100.0
21105901;CENTRO DE ENSINO JOSE DE MATOS OLIVEIRA;2107407;Olho d'Água das Cunhãs;2.0;1.0;CENSO_ESCOLAR_2025;111;95;444.86;97;456.51;97;476.42;95;434.57;97;89;91.75;490.1;534.16;1.0;1.0;0.0;1.0;1.0;1.0;0.0;1.0;1.0;0.0;1.0;1.0;1.0;1.0;3.0;3.0;0.0;1.0;0.0;1.0;0.0;0.0;0.0;17.0;8.0;0.0;1.0;3.0;75.0;3.0;60.0;4;4.0;100.0;6.0;2.0;40.0;47.06;0.0
21107157;INSTITUTO ESTADUAL DE EDUCACAO CIENCIA E TECNOLOGIA DO MARANHO - IEMA PLENO PEDREIRAS;2108207;Pedreiras;2.0;1.0;CENSO_ESCOLAR_2025;177;150;467.22;154;470.28;154;506.76;150;477.49;154;142;92.21;628.96;682.11;1.0;1.0;1.0;1.0;1.0;1.0;1.0;1.0;1.0;1.0;1.0;1.0;1.0;1.0;0.0;9.0;0.0;1.0;1.0;0.0;0.0;0.0;0.0;14.0;14.0;14.0;1.0;4.0;100.0;5.0;100.0;4;4.0;100.0;9.0;2.0;40.0;100.0;100.0
21107203;CENTRO DE ENSINO NEWTON BELLO;2112233;Trizidela do Vale;2.0;1.0;CENSO_ESCOLAR_2025;160;71;439.65;81;447.79;81;469.27;71;432.19;81;64;79.01;425.19;538.12;1.0;1.0;1.0;1.0;1.0;1.0;0.0;0.0;0.0;0.0;1.0;1.0;0.0;1.0;0.0;2.0;0.0;1.0;1.0;1.0;0.0;0.0;0.0;9.0;9.0;9.0;1.0;4.0;100.0;1.0;20.0;4;3.0;75.0;2.0;3.0;60.0;100.0;100.0
21107246;CENTRO DE ENSINO OSCAR GALVAO;2108207;Pedreiras;2.0;1.0;CENSO_ESCOLAR_2025;302;160;449.3;174;445.9;174;466.09;160;419.21;174;147;84.48;426.44;504.76;1.0;1.0;1.0;1.0;1.0;1.0;1.0;0.0;0.0;1.0;1.0;1.0;1.0;1.0;3.0;0.0;0.0;1.0;1.0;1.0;0.0;0.0;0.0;13.0;1.0;0.0;1.0;4.0;100.0;3.0;60.0;4;4.0;100.0;3.0;3.0;60.0;7.69;0.0
21108269;CENTRO DE ENSINO ESTADO DE SERGIPE;2111722;Satubinha;2.0;1.0;CENSO_ESCOLAR_2025;58;49;457.7;48;471.43;48;483.3;49;428.73;48;42;87.5;488.33;558.1;1.0;1.0;0.0;1.0;0.0;0.0;0.0;0.0;0.0;0.0;1.0;0.0;1.0;1.0;0.0;0.0;0.0;1.0;1.0;1.0;0.0;0.0;0.0;11.0;0.0;9.0;0.0;3.0;75.0;0.0;0.0;4;3.0;75.0;0.0;3.0;60.0;0.0;81.82
21108285;CENTRO EDUCA MAIS JANSEN VELOSO;2108702;Pio XII;2.0;1.0;CENSO_ESCOLAR_2025;133;88;441.78;94;446.45;94;463.01;88;434.0;94;83;88.3;486.81;551.33;1.0;1.0;0.0;1.0;1.0;1.0;0.0;1.0;1.0;0.0;1.0;1.0;1.0;1.0;9.0;3.0;0.0;1.0;1.0;1.0;1.0;0.0;0.0;7.0;7.0;1.0;1.0;3.0;75.0;3.0;60.0;4;4.0;100.0;12.0;4.0;80.0;100.0;14.29
21109184;CENTRO DE ENSINO JOAQUIM SALVIANO;2108900;Poção de Pedras;2.0;1.0;CENSO_ESCOLAR_2025;116;78;453.47;79;460.27;79;483.09;78;464.27;79;59;74.68;442.78;592.88;1.0;1.0;1.0;1.0;0.0;1.0;1.0;0.0;0.0;0.0;1.0;1.0;1.0;1.0;7.0;4.0;0.0;1.0;1.0;1.0;0.0;0.0;0.0;7.0;1.0;1.0;1.0;4.0;100.0;2.0;40.0;4;4.0;100.0;11.0;3.0;60.0;14.29;14.29
21110069;CENTRO EDUCA MAIS DR GENESIO REGO;2110302;Santo Antônio dos Lopes;2.0;1.0;CENSO_ESCOLAR_2025;100;57;465.89;60;467.1;60;487.17;57;458.74;60;53;88.33;519.33;587.92;1.0;1.0;0.0;1.0;0.0;0.0;0.0;1.0;1.0;1.0;1.0;1.0;1.0;1.0;9.0;0.0;0.0;1.0;0.0;1.0;0.0;0.0;0.0;11.0;11.0;11.0;0.0;3.0;75.0;3.0;60.0;4;4.0;100.0;9.0;2.0;40.0;100.0;100.0
21111561;CENTRO DE ENSINO NAZARE RAMOS;2111409;São Luís Gonzaga do Maranhão;2.0;1.0;CENSO_ESCOLAR_2025;132;101;431.97;103;431.69;103;452.83;101;427.66;103;86;83.5;441.75;529.07;1.0;1.0;1.0;1.0;1.0;1.0;1.0;0.0;0.0;0.0;1.0;1.0;1.0;1.0;0.0;1.0;0.0;1.0;1.0;1.0;0.0;0.0;0.0;9.0;4.0;9.0;1.0;4.0;100.0;2.0;40.0;4;4.0;100.0;1.0;3.0;60.0;44.44;100.0
21112398;CENTRO DE ENSINO ALVES CARDOSO;2111508;São Mateus do Maranhão;2.0;1.0;CENSO_ESCOLAR_2025;112;80;447.02;85;439.14;85;458.66;80;432.99;85;66;77.65;408.94;526.67;1.0;1.0;0.0;1.0;1.0;1.0;0.0;0.0;1.0;0.0;1.0;1.0;0.0;1.0;0.0;3.0;0.0;1.0;1.0;1.0;0.0;0.0;0.0;10.0;10.0;10.0;1.0;3.0;75.0;2.0;40.0;4;3.0;75.0;3.0;3.0;60.0;100.0;100.0
21112401;CENTRO EDUCA MAIS SAO JOSE;2111508;São Mateus do Maranhão;2.0;1.0;CENSO_ESCOLAR_2025;39;6;473.7;7;496.97;7;488.36;6;435.47;7;5;71.43;414.29;580.0;1.0;1.0;0.0;1.0;0.0;0.0;0.0;0.0;1.0;0.0;1.0;1.0;1.0;1.0;0.0;3.0;0.0;1.0;1.0;0.0;0.0;0.0;0.0;6.0;6.0;6.0;0.0;3.0;75.0;1.0;20.0;4;4.0;100.0;3.0;2.0;40.0;100.0;100.0
21112410;CENTRO DE ENSINO LUIS AUGUSTO BARROS;2111508;São Mateus do Maranhão;2.0;1.0;CENSO_ESCOLAR_2025;159;44;448.52;47;441.15;47;439.41;44;427.54;47;36;76.6;398.3;520.0;1.0;1.0;0.0;1.0;1.0;1.0;0.0;1.0;0.0;0.0;1.0;1.0;1.0;1.0;3.0;0.0;2.0;1.0;1.0;1.0;0.0;0.0;0.0;9.0;9.0;9.0;1.0;3.0;75.0;2.0;40.0;4;4.0;100.0;5.0;3.0;60.0;100.0;100.0
21114200;CENTRO DE ENSINO FELIPE DE BARROS LIMA;2100956;Arame;2.0;1.0;CENSO_ESCOLAR_2025;123;73;442.09;80;445.06;80;472.76;73;408.44;80;68;85.0;429.0;504.71;1.0;1.0;0.0;1.0;1.0;1.0;0.0;0.0;0.0;0.0;1.0;0.0;0.0;1.0;2.0;0.0;0.0;0.0;0.0;1.0;0.0;0.0;0.0;6.0;6.0;0.0;1.0;3.0;75.0;1.0;20.0;4;2.0;50.0;2.0;1.0;20.0;100.0;0.0
21114218;CENTRO EDUCA MAIS BEM ONY GOMES;2100956;Arame;2.0;1.0;CENSO_ESCOLAR_2025;116;92;459.58;96;454.14;96;484.12;92;441.47;96;83;86.46;517.08;598.07;1.0;1.0;0.0;1.0;1.0;1.0;0.0;0.0;0.0;0.0;1.0;0.0;0.0;1.0;0.0;2.0;0.0;1.0;0.0;0.0;0.0;0.0;0.0;7.0;7.0;7.0;1.0;3.0;75.0;1.0;20.0;4;2.0;50.0;2.0;1.0;20.0;100.0;100.0
21114234;CENTRO DE ENSINO PROFESSOR GALENO EDGAR BRANDES;2101608;Barra do Corda;2.0;1.0;CENSO_ESCOLAR_2025;16;5;480.86;6;495.05;6;472.2;5;450.52;6;6;100.0;486.67;486.67;1.0;1.0;0.0;1.0;0.0;0.0;0.0;0.0;1.0;0.0;1.0;1.0;0.0;1.0;3.0;2.0;0.0;0.0;0.0;1.0;0.0;0.0;0.0;6.0;4.0;6.0;0.0;3.0;75.0;1.0;20.0;4;3.0;75.0;5.0;1.0;20.0;66.67;100.0
21118582;CENTRO DE ENSINO ARDALIAO AMERICO PIRES;2101608;Barra do Corda;2.0;1.0;CENSO_ESCOLAR_2025;94;68;432.56;71;455.02;71;470.57;68;430.16;71;55;77.46;409.01;528.0;1.0;1.0;0.0;1.0;1.0;1.0;0.0;0.0;1.0;1.0;1.0;1.0;1.0;0.0;1.0;0.0;0.0;1.0;0.0;1.0;1.0;0.0;0.0;6.0;6.0;2.0;1.0;3.0;75.0;3.0;60.0;4;3.0;75.0;1.0;3.0;60.0;100.0;33.33
21118590;CENTRO EDUCA MAIS DOM MARCELINO DE MILAO;2101608;Barra do Corda;2.0;1.0;CENSO_ESCOLAR_2025;65;58;470.56;60;488.59;60;493.63;58;469.7;60;54;90.0;609.67;677.41;1.0;1.0;0.0;1.0;1.0;1.0;1.0;1.0;0.0;1.0;1.0;1.0;1.0;1.0;10.0;3.0;0.0;1.0;0.0;1.0;0.0;0.0;0.0;9.0;9.0;9.0;1.0;3.0;75.0;4.0;80.0;4;4.0;100.0;13.0;2.0;40.0;100.0;100.0
21118604;CENTRO DE ENSINO PIO XI;2101608;Barra do Corda;2.0;1.0;CENSO_ESCOLAR_2025;142;97;457.23;111;468.2;111;489.21;97;451.02;111;89;80.18;483.42;602.92;1.0;1.0;0.0;1.0;1.0;1.0;0.0;1.0;1.0;1.0;1.0;1.0;1.0;0.0;12.0;0.0;0.0;1.0;0.0;1.0;1.0;0.0;0.0;16.0;0.0;0.0;1.0;3.0;75.0;4.0;80.0;4;3.0;75.0;12.0;3.0;60.0;0.0;0.0
21118655;CENTRO DE ENSINO LIVINO DE SOUZA REZENDE;2104800;Grajaú;2.0;1.0;CENSO_ESCOLAR_2025;79;57;448.49;61;461.08;61;462.72;57;433.41;61;49;80.33;412.13;513.06;1.0;1.0;0.0;1.0;1.0;1.0;0.0;0.0;1.0;0.0;1.0;0.0;1.0;1.0;0.0;1.0;0.0;1.0;0.0;1.0;0.0;0.0;0.0;7.0;0.0;0.0;1.0;3.0;75.0;2.0;40.0;4;3.0;75.0;1.0;2.0;40.0;0.0;0.0
21118841;CENTRO DE ENSINO NICOLAU DINO;2104800;Grajaú;2.0;1.0;CENSO_ESCOLAR_2025;174;140;455.3;149;460.24;149;479.21;140;433.12;149;133;89.26;487.79;546.47;1.0;1.0;0.0;1.0;0.0;1.0;0.0;1.0;0.0;0.0;1.0;0.0;1.0;1.0;6.0;0.0;0.0;1.0;0.0;1.0;0.0;0.0;0.0;14.0;11.0;3.0;1.0;3.0;75.0;2.0;40.0;4;3.0;75.0;6.0;2.0;40.0;78.57;21.43
21122334;CENTRO EDUCA MAIS PROFESSOR DIMAS SIMAS LIMA;2104800;Grajaú;2.0;1.0;CENSO_ESCOLAR_2025;228;154;447.14;165;447.14;165;460.75;154;423.27;165;137;83.03;417.21;502.48;1.0;1.0;0.0;1.0;0.0;1.0;0.0;1.0;0.0;0.0;1.0;1.0;1.0;1.0;10.0;0.0;0.0;0.0;0.0;1.0;0.0;0.0;0.0;10.0;10.0;0.0;1.0;3.0;75.0;2.0;40.0;4;4.0;100.0;10.0;1.0;20.0;100.0;0.0
21122342;CENTRO EDUCA MAIS AMARAL RAPOSO;2104800;Grajaú;2.0;1.0;CENSO_ESCOLAR_2025;65;52;460.24;54;468.26;54;483.75;52;443.04;54;50;92.59;543.33;586.8;1.0;1.0;0.0;1.0;1.0;1.0;1.0;1.0;1.0;1.0;1.0;1.0;1.0;1.0;0.0;13.0;0.0;1.0;0.0;0.0;0.0;0.0;0.0;12.0;8.0;0.0;1.0;3.0;75.0;5.0;100.0;4;4.0;100.0;13.0;1.0;20.0;66.67;0.0
21122369;CENTRO DE ENSINO URBANO SANTOS;2104800;Grajaú;2.0;1.0;CENSO_ESCOLAR_2025;39;17;444.84;21;433.65;21;460.45;17;412.32;21;13;61.9;286.67;463.08;1.0;1.0;0.0;1.0;1.0;1.0;0.0;0.0;1.0;0.0;1.0;1.0;1.0;1.0;2.0;1.0;0.0;1.0;0.0;1.0;0.0;0.0;0.0;20.0;6.0;6.0;1.0;3.0;75.0;2.0;40.0;4;4.0;100.0;3.0;2.0;40.0;30.0;30.0
21123012;CENTRO DE ENSINO DR NEWTON BELLO;2105609;Joselândia;2.0;1.0;CENSO_ESCOLAR_2025;163;81;449.16;88;454.91;88;477.59;81;440.4;88;69;78.41;431.36;550.14;1.0;1.0;0.0;1.0;1.0;1.0;0.0;0.0;0.0;0.0;1.0;1.0;1.0;1.0;1.0;3.0;0.0;1.0;0.0;1.0;1.0;0.0;0.0;8.0;8.0;8.0;1.0;3.0;75.0;1.0;20.0;4;4.0;100.0;4.0;3.0;60.0;100.0;100.0
21124639;CENTRO DE ENSINO PARSONDAS DE CARVALHO;2111805;Sítio Novo;2.0;1.0;CENSO_ESCOLAR_2025;112;81;448.16;84;450.7;84;477.79;81;424.39;84;78;92.86;514.52;554.1;1.0;1.0;1.0;1.0;1.0;1.0;0.0;1.0;0.0;0.0;1.0;1.0;1.0;1.0;9.0;1.0;0.0;1.0;0.0;1.0;1.0;0.0;0.0;7.0;7.0;7.0;1.0;4.0;100.0;2.0;40.0;4;4.0;100.0;10.0;3.0;60.0;100.0;100.0
21126577;CENTRO EDUCA MAIS ISAAC MARTINS;2112308;Tuntum;2.0;1.0;CENSO_ESCOLAR_2025;69;43;460.21;50;453.92;50;484.33;43;460.29;50;39;78.0;437.6;561.03;1.0;1.0;0.0;1.0;0.0;0.0;0.0;0.0;0.0;0.0;1.0;0.0;0.0;1.0;2.0;1.0;0.0;1.0;0.0;1.0;0.0;0.0;0.0;6.0;6.0;6.0;0.0;3.0;75.0;0.0;0.0;4;2.0;50.0;3.0;2.0;40.0;100.0;100.0
21126593;CENTRO DE ENSINO JOSE PINHEIRO COELHO;2112308;Tuntum;2.0;1.0;CENSO_ESCOLAR_2025;36;20;433.88;26;436.38;26;461.55;20;426.68;26;19;73.08;406.92;556.84;1.0;1.0;0.0;1.0;0.0;0.0;0.0;0.0;0.0;0.0;0.0;0.0;0.0;;0.0;0.0;0.0;1.0;0.0;1.0;0.0;0.0;0.0;6.0;0.0;6.0;0.0;3.0;75.0;0.0;0.0;3;0.0;0.0;0.0;2.0;40.0;0.0;100.0
21126607;CENTRO EDUCA MAIS ESTADO DO MARANHAO;2112308;Tuntum;2.0;1.0;CENSO_ESCOLAR_2025;52;49;485.69;48;498.16;48;526.47;49;485.87;48;43;89.58;537.92;600.47;1.0;1.0;0.0;1.0;1.0;1.0;1.0;1.0;0.0;0.0;1.0;1.0;1.0;1.0;9.0;2.0;0.0;1.0;0.0;1.0;0.0;0.0;0.0;7.0;7.0;1.0;1.0;3.0;75.0;3.0;60.0;4;4.0;100.0;11.0;2.0;40.0;100.0;14.29
21127328;CENTRO EDUCA MAIS ANA ISABEL TAVARES;2103802;Dom Pedro;2.0;1.0;CENSO_ESCOLAR_2025;103;100;493.22;101;521.89;101;528.0;100;555.39;101;94;93.07;681.19;731.91;1.0;1.0;0.0;1.0;1.0;1.0;1.0;1.0;1.0;1.0;1.0;1.0;1.0;1.0;26.0;3.0;0.0;1.0;0.0;1.0;0.0;0.0;0.0;8.0;8.0;8.0;1.0;3.0;75.0;5.0;100.0;4;4.0;100.0;29.0;2.0;40.0;100.0;100.0
21127336;CENTRO DE ENSINO GOVERNADOR LUIS ROCHA;2103802;Dom Pedro;2.0;1.0;CENSO_ESCOLAR_2025;96;73;471.19;78;473.38;78;487.08;73;462.33;78;64;82.05;525.13;640.0;1.0;1.0;0.0;1.0;1.0;1.0;0.0;0.0;1.0;0.0;1.0;0.0;1.0;1.0;1.0;0.0;0.0;1.0;0.0;1.0;0.0;0.0;0.0;6.0;6.0;6.0;1.0;3.0;75.0;2.0;40.0;4;3.0;75.0;1.0;2.0;40.0;100.0;100.0
21127646;CENTRO DE ENSINO ESTADO DO RIO DE JANEIRO;2104206;Fortuna;2.0;1.0;CENSO_ESCOLAR_2025;133;101;469.76;106;471.53;106;484.8;101;462.88;106;95;89.62;518.49;578.53;1.0;1.0;0.0;1.0;1.0;1.0;1.0;0.0;1.0;1.0;1.0;1.0;0.0;1.0;4.0;1.0;20.0;1.0;0.0;1.0;1.0;0.0;0.0;6.0;6.0;6.0;1.0;3.0;75.0;4.0;80.0;4;3.0;75.0;25.0;3.0;60.0;100.0;100.0
21128871;CENTRO DE ENSINO SULAMITA LUCIO DO NASCIMENTO;2104404;Gonçalves Dias;2.0;1.0;CENSO_ESCOLAR_2025;83;66;452.82;66;481.36;66;489.63;66;443.77;66;62;93.94;521.82;555.48;1.0;1.0;0.0;1.0;0.0;0.0;1.0;0.0;1.0;0.0;1.0;1.0;1.0;1.0;1.0;1.0;1.0;1.0;0.0;1.0;0.0;0.0;0.0;8.0;8.0;0.0;0.0;3.0;75.0;2.0;40.0;4;4.0;100.0;3.0;2.0;40.0;100.0;0.0
21129282;CENTRO DE ENSINO DEPUTADO PIRES SABOIA;2104503;Governador Archer;2.0;1.0;CENSO_ESCOLAR_2025;106;78;458.76;81;470.77;81;482.86;78;456.04;81;73;90.12;559.51;620.82;0.0;1.0;0.0;1.0;1.0;1.0;0.0;0.0;0.0;0.0;1.0;1.0;0.0;1.0;0.0;2.0;1.0;1.0;1.0;1.0;0.0;0.0;0.0;5.0;5.0;5.0;1.0;2.0;50.0;1.0;20.0;4;3.0;75.0;3.0;3.0;60.0;100.0;100.0
21129991;CENTRO DE ENSINO DIAS CARNEIRO;2104602;Governador Eugênio Barros;2.0;1.0;CENSO_ESCOLAR_2025;73;61;444.42;61;459.18;61;475.28;61;415.02;61;56;91.8;503.93;548.93;1.0;1.0;0.0;1.0;0.0;0.0;0.0;0.0;0.0;0.0;1.0;0.0;0.0;0.0;0.0;0.0;0.0;0.0;0.0;1.0;0.0;0.0;0.0;6.0;0.0;0.0;0.0;3.0;75.0;0.0;0.0;4;1.0;25.0;0.0;1.0;20.0;0.0;0.0
21130485;CENTRO DE ENSINO HUMBERTO DE CAMPOS;2104701;Graça Aranha;2.0;1.0;CENSO_ESCOLAR_2025;68;40;442.8;40;465.19;40;485.74;40;448.79;40;38;95.0;644.0;677.89;1.0;1.0;0.0;1.0;1.0;1.0;0.0;0.0;1.0;0.0;0.0;0.0;0.0;;0.0;0.0;0.0;1.0;0.0;0.0;0.0;0.0;0.0;5.0;2.0;0.0;1.0;3.0;75.0;2.0;40.0;3;0.0;0.0;0.0;1.0;20.0;40.0;0.0
21131368;CENTRO DE ENSINO GOVERNADOR LUIS ROCHA;2109106;Presidente Dutra;2.0;1.0;CENSO_ESCOLAR_2025;11;3;409.33;4;306.73;4;402.32;3;424.67;4;3;75.0;290.0;386.67;1.0;1.0;0.0;1.0;1.0;1.0;0.0;0.0;1.0;0.0;1.0;0.0;0.0;0.0;2.0;0.0;0.0;1.0;0.0;1.0;0.0;0.0;0.0;8.0;0.0;0.0;1.0;3.0;75.0;2.0;40.0;4;1.0;25.0;2.0;2.0;40.0;0.0;0.0
21131384;CENTRO DE ENSINO DARCY VARGAS;2111250;São José dos Basílios;2.0;1.0;CENSO_ESCOLAR_2025;83;75;435.81;75;450.16;75;467.81;75;432.83;75;66;88.0;490.93;557.88;1.0;1.0;0.0;1.0;0.0;0.0;0.0;0.0;1.0;0.0;1.0;1.0;0.0;1.0;0.0;2.0;0.0;1.0;1.0;1.0;0.0;0.0;0.0;5.0;5.0;5.0;0.0;3.0;75.0;1.0;20.0;4;3.0;75.0;2.0;3.0;60.0;100.0;100.0
21131392;CENTRO DE ENSINO EURICO RIBEIRO;2109106;Presidente Dutra;2.0;2.0;CENSO_ESCOLAR_2025;25;10;441.26;10;419.78;10;442.17;10;438.12;10;8;80.0;448.0;560.0;1.0;1.0;0.0;1.0;0.0;1.0;0.0;0.0;1.0;0.0;1.0;1.0;1.0;1.0;0.0;2.0;1.0;1.0;0.0;1.0;1.0;0.0;0.0;4.0;4.0;4.0;1.0;3.0;75.0;2.0;40.0;4;4.0;100.0;3.0;3.0;60.0;100.0;100.0
21131422;CENTRO DE ENSINO PADRE ANCHIETA;2109106;Presidente Dutra;2.0;1.0;CENSO_ESCOLAR_2025;147;114;453.63;116;463.72;116;493.51;114;437.46;116;103;88.79;505.69;569.51;1.0;1.0;0.0;1.0;1.0;1.0;0.0;0.0;1.0;0.0;1.0;1.0;0.0;1.0;0.0;0.0;0.0;1.0;1.0;1.0;0.0;0.0;0.0;10.0;10.0;10.0;1.0;3.0;75.0;2.0;40.0;4;3.0;75.0;0.0;3.0;60.0;100.0;100.0
21131899;CENTRO EDUCA MAIS DEPUTADO LUIZ ROCHA;2110708;São Domingos do Maranhão;2.0;1.0;CENSO_ESCOLAR_2025;199;173;466.1;177;477.13;177;502.63;173;476.62;177;161;90.96;631.41;694.16;1.0;1.0;0.0;1.0;1.0;1.0;0.0;0.0;1.0;0.0;1.0;1.0;1.0;1.0;0.0;3.0;3.0;1.0;0.0;1.0;0.0;0.0;0.0;8.0;8.0;8.0;1.0;3.0;75.0;2.0;40.0;4;4.0;100.0;6.0;2.0;40.0;100.0;100.0
21131970;CENTRO DE ENSINO HORACIO ALVES DE ANDRADE;2110708;São Domingos do Maranhão;2.0;1.0;CENSO_ESCOLAR_2025;179;121;437.94;128;434.53;128;451.68;121;422.08;128;89;69.53;365.78;526.07;1.0;1.0;0.0;1.0;1.0;1.0;0.0;0.0;0.0;0.0;1.0;0.0;0.0;0.0;10.0;1.0;0.0;0.0;1.0;1.0;0.0;0.0;0.0;11.0;10.0;2.0;1.0;3.0;75.0;1.0;20.0;4;1.0;25.0;11.0;2.0;40.0;90.91;18.18
21134200;CENTRO EDUCA MAIS LUIS VIANA;2100907;Araioses;2.0;2.0;CENSO_ESCOLAR_2025;84;53;429.69;55;443.82;55;447.25;53;396.79;55;39;70.91;324.36;457.44;1.0;1.0;1.0;1.0;1.0;1.0;1.0;1.0;1.0;1.0;1.0;1.0;1.0;1.0;10.0;2.0;0.0;1.0;0.0;1.0;0.0;0.0;0.0;10.0;10.0;10.0;1.0;4.0;100.0;5.0;100.0;4;4.0;100.0;12.0;2.0;40.0;100.0;100.0
21134219;CENTRO EDUCA MAIS VEREADORA NEIDE COSTA;2100154;Água Doce do Maranhão;2.0;2.0;CENSO_ESCOLAR_2025;90;68;450.42;72;466.08;72;489.29;68;474.39;72;67;93.06;583.89;627.46;1.0;1.0;0.0;1.0;1.0;1.0;0.0;0.0;1.0;0.0;1.0;0.0;0.0;1.0;0.0;1.0;1.0;1.0;0.0;1.0;0.0;0.0;0.0;6.0;6.0;0.0;1.0;3.0;75.0;2.0;40.0;4;2.0;50.0;2.0;2.0;40.0;100.0;0.0
21134227;CENTRO DE ENSINO JOSE VIEIRA DA SILVA;2100154;Água Doce do Maranhão;2.0;1.0;CENSO_ESCOLAR_2025;73;60;460.46;60;478.11;60;470.85;60;433.3;60;52;86.67;537.0;619.62;1.0;1.0;0.0;1.0;1.0;1.0;0.0;0.0;1.0;0.0;1.0;1.0;1.0;1.0;0.0;3.0;0.0;1.0;0.0;1.0;0.0;0.0;0.0;7.0;0.0;0.0;1.0;3.0;75.0;2.0;40.0;4;4.0;100.0;3.0;2.0;40.0;0.0;0.0
21134235;CENTRO DE ENSINO HUMBERTO DE CAMPOS;2100907;Araioses;2.0;1.0;CENSO_ESCOLAR_2025;60;44;449.98;45;459.85;45;475.61;44;421.45;45;39;86.67;472.44;545.13;1.0;1.0;0.0;1.0;1.0;1.0;0.0;1.0;1.0;0.0;1.0;0.0;1.0;1.0;4.0;4.0;0.0;1.0;1.0;1.0;1.0;0.0;0.0;9.0;9.0;9.0;1.0;3.0;75.0;3.0;60.0;4;3.0;75.0;8.0;4.0;80.0;100.0;100.0
21136262;CENTRO EDUCA MAIS DEBORA CORREIA LIMA;2110609;São Bernardo;2.0;1.0;CENSO_ESCOLAR_2025;196;152;451.57;159;457.84;159;466.27;152;439.13;159;137;86.16;457.11;530.51;1.0;1.0;0.0;1.0;0.0;0.0;0.0;0.0;1.0;0.0;1.0;1.0;1.0;1.0;0.0;8.0;0.0;1.0;0.0;1.0;0.0;0.0;0.0;9.0;9.0;0.0;0.0;3.0;75.0;1.0;20.0;4;4.0;100.0;8.0;2.0;40.0;100.0;0.0
21136289;CENTRO DE ENSINO DR HENRIQUE COUTO;2110609;São Bernardo;2.0;1.0;CENSO_ESCOLAR_2025;32;21;446.19;23;427.94;23;439.87;21;402.24;23;21;91.3;442.61;484.76;1.0;1.0;0.0;1.0;0.0;0.0;0.0;0.0;1.0;0.0;1.0;1.0;1.0;0.0;1.0;2.0;0.0;1.0;0.0;1.0;0.0;0.0;0.0;6.0;4.0;6.0;0.0;3.0;75.0;1.0;20.0;4;3.0;75.0;3.0;2.0;40.0;66.67;100.0
21136904;CENTRO DE ENSINO DEPUTADO JULIO PIRES MONTELES;2100808;Anapurus;2.0;1.0;CENSO_ESCOLAR_2025;84;62;471.51;63;470.23;63;480.49;62;451.99;63;59;93.65;549.84;587.12;1.0;1.0;0.0;1.0;1.0;1.0;0.0;0.0;0.0;0.0;1.0;1.0;1.0;1.0;0.0;2.0;0.0;1.0;0.0;1.0;0.0;0.0;0.0;6.0;6.0;0.0;1.0;3.0;75.0;1.0;20.0;4;4.0;100.0;2.0;2.0;40.0;100.0;0.0
21138141;CENTRO DE ENSINO FRANCISCO MACATRAO;2102101;Brejo;2.0;1.0;CENSO_ESCOLAR_2025;115;89;441.1;94;447.4;94;462.52;89;413.94;94;84;89.36;520.0;581.9;1.0;1.0;0.0;1.0;0.0;0.0;0.0;0.0;0.0;0.0;1.0;0.0;0.0;1.0;1.0;2.0;0.0;1.0;0.0;1.0;0.0;0.0;0.0;15.0;0.0;8.0;0.0;3.0;75.0;0.0;0.0;4;2.0;50.0;3.0;2.0;40.0;0.0;53.33
21138192;CENTRO EDUCA MAIS CANDIDO MENDES;2102101;Brejo;2.0;1.0;CENSO_ESCOLAR_2025;58;48;436.71;48;427.2;48;454.94;48;421.89;48;38;79.17;417.08;526.84;1.0;1.0;0.0;1.0;1.0;1.0;1.0;0.0;1.0;0.0;1.0;1.0;0.0;1.0;8.0;5.0;40.0;1.0;1.0;1.0;0.0;0.0;0.0;7.0;7.0;0.0;1.0;3.0;75.0;3.0;60.0;4;3.0;75.0;53.0;3.0;60.0;100.0;0.0
21138249;CENTRO EDUCA MAIS MARIA LUIZA NOVAES VIANA;2102200;Buriti;2.0;1.0;CENSO_ESCOLAR_2025;210;132;431.71;134;450.23;134;458.37;132;420.02;134;99;73.88;389.1;526.67;1.0;1.0;0.0;1.0;1.0;1.0;1.0;1.0;1.0;0.0;1.0;1.0;1.0;1.0;6.0;1.0;0.0;1.0;0.0;1.0;0.0;0.0;0.0;14.0;12.0;12.0;1.0;3.0;75.0;4.0;80.0;4;4.0;100.0;7.0;2.0;40.0;85.71;85.71
21139652;CENTRO EDUCA MAIS RAIMUNDO ARAUJO;2103208;Chapadinha;2.0;1.0;CENSO_ESCOLAR_2025;138;129;480.89;132;483.4;132;503.74;129;484.93;132;121;91.67;634.7;692.4;1.0;1.0;0.0;1.0;1.0;1.0;1.0;1.0;0.0;0.0;1.0;1.0;1.0;1.0;12.0;0.0;0.0;0.0;0.0;1.0;0.0;0.0;0.0;11.0;11.0;0.0;1.0;3.0;75.0;3.0;60.0;4;4.0;100.0;12.0;1.0;20.0;100.0;0.0
21142513;CENTRO DE ENSINO DR PAULO RAMOS;2103208;Chapadinha;2.0;1.0;CENSO_ESCOLAR_2025;254;187;449.24;201;450.23;201;472.61;187;426.81;201;166;82.59;448.46;543.01;1.0;1.0;0.0;1.0;0.0;1.0;0.0;0.0;1.0;0.0;1.0;1.0;1.0;1.0;0.0;1.0;0.0;1.0;1.0;1.0;0.0;0.0;0.0;20.0;13.0;13.0;1.0;3.0;75.0;2.0;40.0;4;4.0;100.0;1.0;3.0;60.0;65.0;65.0
21143129;CENTRO DE ENSINO OLIVEIRA ROMA;2106409;Mata Roma;2.0;1.0;CENSO_ESCOLAR_2025;105;85;437.98;88;437.63;88;459.9;85;417.03;88;73;82.95;432.95;521.92;1.0;1.0;0.0;1.0;1.0;1.0;0.0;0.0;1.0;0.0;1.0;1.0;1.0;1.0;2.0;3.0;0.0;1.0;1.0;1.0;0.0;0.0;0.0;12.0;11.0;11.0;1.0;3.0;75.0;2.0;40.0;4;4.0;100.0;5.0;3.0;60.0;91.67;91.67
21143927;CENTRO DE ENSINO PROFESSOR LUIZ PINHO RODRIGUES;2110401;São Benedito do Rio Preto;2.0;1.0;CENSO_ESCOLAR_2025;243;118;430.23;122;440.88;122;445.91;118;418.07;122;107;87.7;425.41;485.05;1.0;1.0;0.0;1.0;1.0;1.0;0.0;0.0;0.0;0.0;1.0;1.0;1.0;1.0;4.0;0.0;30.0;1.0;1.0;1.0;0.0;0.0;0.0;14.0;14.0;14.0;1.0;3.0;75.0;1.0;20.0;4;4.0;100.0;34.0;3.0;60.0;100.0;100.0
21145342;CENTRO DE ENSINO ESTER FLORA DE ARAUJO;2112605;Urbano Santos;2.0;1.0;CENSO_ESCOLAR_2025;332;209;427.45;220;433.91;220;450.99;209;411.96;220;177;80.45;430.45;535.03;1.0;1.0;0.0;1.0;1.0;1.0;0.0;0.0;1.0;1.0;1.0;1.0;1.0;1.0;6.0;4.0;1.0;1.0;0.0;1.0;1.0;0.0;0.0;12.0;12.0;0.0;1.0;3.0;75.0;3.0;60.0;4;4.0;100.0;11.0;3.0;60.0;100.0;0.0
21145377;CENTRO DE ENSINO CEJA LUCIA BAYMA;2103307;Codó;2.0;1.0;CENSO_ESCOLAR_2025;163;142;448.5;148;464.73;148;484.05;142;446.62;148;126;85.14;509.19;598.1;1.0;1.0;1.0;1.0;0.0;1.0;0.0;0.0;0.0;0.0;1.0;0.0;1.0;1.0;5.0;1.0;0.0;1.0;0.0;1.0;0.0;0.0;0.0;9.0;9.0;9.0;1.0;4.0;100.0;1.0;20.0;4;3.0;75.0;6.0;2.0;40.0;100.0;100.0
21145520;CENTRO DE ENSINO LUZENIR MATTA ROMA;2103307;Codó;2.0;1.0;CENSO_ESCOLAR_2025;292;212;436.77;218;444.85;218;463.04;212;418.9;218;186;85.32;441.65;517.63;1.0;1.0;0.0;1.0;1.0;1.0;1.0;1.0;1.0;1.0;1.0;1.0;1.0;1.0;1.0;20.0;0.0;1.0;0.0;1.0;0.0;0.0;0.0;19.0;19.0;19.0;1.0;3.0;75.0;5.0;100.0;4;4.0;100.0;21.0;2.0;40.0;100.0;100.0
21148759;CENTRO DE ENSINO COLARES MOREIRA;2103307;Codó;2.0;1.0;CENSO_ESCOLAR_2025;209;185;448.78;189;467.58;189;486.91;185;448.16;189;167;88.36;514.29;582.04;1.0;1.0;1.0;1.0;1.0;1.0;1.0;1.0;1.0;0.0;1.0;0.0;1.0;1.0;8.0;1.0;0.0;1.0;1.0;1.0;0.0;0.0;0.0;8.0;8.0;8.0;1.0;4.0;100.0;4.0;80.0;4;3.0;75.0;9.0;3.0;60.0;100.0;100.0
21148910;CENTRO EDUCA MAIS RENE BAYMA;2103307;Codó;2.0;1.0;CENSO_ESCOLAR_2025;151;99;436.65;106;436.63;106;463.97;99;421.37;106;94;88.68;443.02;499.57;1.0;1.0;1.0;1.0;1.0;1.0;0.0;0.0;1.0;0.0;1.0;1.0;1.0;1.0;1.0;0.0;0.0;1.0;0.0;1.0;0.0;0.0;0.0;10.0;10.0;8.0;1.0;4.0;100.0;2.0;40.0;4;4.0;100.0;1.0;2.0;40.0;100.0;80.0
21148953;CENTRO DE ENSINO LUIZ MONTENEGRO TAVARES;2103604;Coroatá;2.0;1.0;CENSO_ESCOLAR_2025;96;63;446.09;65;457.86;65;458.78;63;435.03;65;53;81.54;455.69;558.87;1.0;1.0;0.0;1.0;1.0;1.0;1.0;0.0;1.0;0.0;1.0;0.0;0.0;0.0;0.0;5.0;0.0;1.0;0.0;0.0;0.0;0.0;0.0;10.0;10.0;5.0;1.0;3.0;75.0;3.0;60.0;4;1.0;25.0;5.0;1.0;20.0;100.0;50.0
21150290;CENTRO DE ENSINO FRANCISCO GONCALVES MAGALHAES;2103604;Coroatá;2.0;1.0;CENSO_ESCOLAR_2025;13;5;449.04;5;346.94;5;447.24;5;383.42;5;1;20.0;88.0;440.0;1.0;1.0;0.0;1.0;0.0;0.0;0.0;0.0;0.0;0.0;1.0;1.0;1.0;1.0;1.0;2.0;0.0;1.0;0.0;1.0;0.0;0.0;0.0;7.0;7.0;0.0;0.0;3.0;75.0;0.0;0.0;4;4.0;100.0;3.0;2.0;40.0;100.0;0.0
21150311;CENTRO DE ENSINO CLODOMIR MILET;2103604;Coroatá;2.0;1.0;CENSO_ESCOLAR_2025;60;34;456.92;34;450.4;34;467.58;34;434.48;34;26;76.47;462.94;605.38;1.0;1.0;0.0;1.0;1.0;1.0;0.0;0.0;1.0;0.0;1.0;0.0;0.0;1.0;2.0;1.0;0.0;1.0;1.0;1.0;0.0;0.0;0.0;12.0;0.0;0.0;1.0;3.0;75.0;2.0;40.0;4;2.0;50.0;3.0;3.0;60.0;0.0;0.0
21150320;CENTRO EDUCA MAIS ENGENHEIRO ROBERTO CUNHA;2108454;Peritoró;2.0;2.0;CENSO_ESCOLAR_2025;55;20;454.3;21;446.07;21;465.0;20;453.46;21;19;90.48;600.0;663.16;1.0;1.0;0.0;1.0;1.0;1.0;0.0;1.0;1.0;0.0;1.0;1.0;1.0;1.0;10.0;1.0;0.0;1.0;0.0;1.0;0.0;0.0;0.0;6.0;6.0;6.0;1.0;3.0;75.0;3.0;60.0;4;4.0;100.0;11.0;2.0;40.0;100.0;100.0
21150338;CENTRO DE ENSINO JOAO LISBOA;2103604;Coroatá;2.0;1.0;CENSO_ESCOLAR_2025;77;60;445.17;62;445.6;62;469.75;60;430.46;62;51;82.26;444.52;540.39;1.0;1.0;0.0;1.0;1.0;1.0;0.0;1.0;0.0;1.0;1.0;1.0;1.0;1.0;2.0;4.0;0.0;1.0;1.0;1.0;0.0;0.0;0.0;8.0;6.0;0.0;1.0;3.0;75.0;3.0;60.0;4;4.0;100.0;6.0;3.0;60.0;75.0;0.0
21150354;CENTRO DE ENSINO JOSE RIBAMAR MARAO;2100436;Alto Alegre do Maranhão;2.0;1.0;CENSO_ESCOLAR_2025;154;118;429.96;118;445.77;118;456.22;118;424.05;118;83;70.34;350.17;497.83;1.0;1.0;0.0;1.0;1.0;1.0;1.0;1.0;0.0;0.0;1.0;1.0;1.0;1.0;0.0;2.0;0.0;1.0;1.0;1.0;0.0;0.0;0.0;9.0;8.0;8.0;1.0;3.0;75.0;3.0;60.0;4;4.0;100.0;2.0;3.0;60.0;88.89;88.89
21150362;CENTRO DE ENSINO OLEGARIO TAVARES DA SILVA;2108454;Peritoró;2.0;2.0;CENSO_ESCOLAR_2025;35;12;420.62;12;422.94;12;451.12;12;404.38;12;8;66.67;318.33;477.5;1.0;1.0;0.0;1.0;0.0;0.0;0.0;0.0;1.0;0.0;1.0;1.0;1.0;1.0;1.0;0.0;0.0;1.0;0.0;1.0;0.0;0.0;0.0;10.0;1.0;0.0;0.0;3.0;75.0;1.0;20.0;4;4.0;100.0;1.0;2.0;40.0;10.0;0.0
21150435;CENTRO DE ENSINO MARIA JOSE DIAS TROVAO;2103604;Coroatá;2.0;1.0;CENSO_ESCOLAR_2025;72;56;442.45;59;455.27;59;463.13;56;418.02;59;50;84.75;471.53;556.4;1.0;1.0;0.0;1.0;1.0;1.0;0.0;0.0;1.0;0.0;1.0;0.0;0.0;1.0;3.0;0.0;0.0;1.0;0.0;1.0;0.0;0.0;0.0;10.0;9.0;0.0;1.0;3.0;75.0;2.0;40.0;4;2.0;50.0;3.0;2.0;40.0;90.0;0.0
21150443;CENTRO EDUCA MAIS HERMANO JOSE LEOPOLDINO FILHO;2103604;Coroatá;2.0;1.0;CENSO_ESCOLAR_2025;90;78;453.75;79;467.94;79;491.95;78;468.71;79;73;92.41;637.22;689.59;1.0;1.0;0.0;1.0;1.0;1.0;1.0;0.0;1.0;1.0;1.0;1.0;1.0;1.0;0.0;10.0;0.0;1.0;0.0;0.0;1.0;0.0;0.0;10.0;10.0;0.0;1.0;3.0;75.0;4.0;80.0;4;4.0;100.0;10.0;2.0;40.0;100.0;0.0
21150508;CENTRO DE ENSINO JOAO MOHANA;2108454;Peritoró;2.0;1.0;CENSO_ESCOLAR_2025;76;62;450.22;64;460.63;64;492.28;62;450.99;64;56;87.5;495.0;565.71;1.0;1.0;0.0;1.0;1.0;1.0;0.0;0.0;0.0;0.0;1.0;1.0;1.0;1.0;0.0;2.0;0.0;1.0;0.0;1.0;1.0;0.0;0.0;16.0;0.0;0.0;1.0;3.0;75.0;1.0;20.0;4;4.0;100.0;2.0;3.0;60.0;0.0;0.0
21151482;CENTRO DE ENSINO NEWTON NEVES;2112100;Timbiras;2.0;1.0;CENSO_ESCOLAR_2025;171;115;432.72;122;443.0;122;446.42;115;414.53;122;91;74.59;364.26;488.35;1.0;1.0;0.0;1.0;0.0;1.0;0.0;0.0;0.0;0.0;1.0;0.0;0.0;1.0;1.0;0.0;0.0;1.0;0.0;1.0;0.0;0.0;0.0;10.0;10.0;0.0;1.0;3.0;75.0;1.0;20.0;4;2.0;50.0;1.0;2.0;40.0;100.0;0.0
21151520;CENTRO EDUCA MAIS PAULO FREIRE;2112100;Timbiras;2.0;1.0;CENSO_ESCOLAR_2025;147;130;448.92;135;449.0;135;468.93;130;438.59;135;126;93.33;529.78;567.62;1.0;1.0;0.0;1.0;0.0;0.0;0.0;0.0;1.0;0.0;1.0;0.0;0.0;1.0;0.0;1.0;0.0;0.0;0.0;1.0;0.0;0.0;0.0;6.0;6.0;6.0;0.0;3.0;75.0;1.0;20.0;4;2.0;50.0;1.0;1.0;20.0;100.0;100.0
21151806;CENTRO EDUCA MAIS ANALIZ BACELAR SILVA;2100105;Afonso Cunha;2.0;1.0;CENSO_ESCOLAR_2025;93;57;419.51;59;425.42;59;433.17;57;406.12;59;51;86.44;493.22;570.59;1.0;1.0;0.0;1.0;0.0;1.0;0.0;1.0;0.0;0.0;1.0;0.0;0.0;0.0;2.0;3.0;1.0;1.0;0.0;1.0;0.0;0.0;0.0;6.0;0.0;0.0;1.0;3.0;75.0;2.0;40.0;4;1.0;25.0;6.0;2.0;40.0;0.0;0.0
21152900;CENTRO DE ENSINO TEOFILO DIAS;2100303;Aldeias Altas;2.0;1.0;CENSO_ESCOLAR_2025;125;101;438.13;107;450.33;107;474.94;101;420.68;107;96;89.72;483.74;539.17;1.0;1.0;0.0;1.0;1.0;1.0;0.0;1.0;0.0;0.0;1.0;1.0;1.0;1.0;5.0;3.0;0.0;1.0;1.0;1.0;0.0;0.0;0.0;14.0;8.0;8.0;1.0;3.0;75.0;2.0;40.0;4;4.0;100.0;8.0;3.0;60.0;57.14;57.14
21152950;CENTRO DE ENSINO PROFESSOR ANTONIO NONATO SAMPAIO;2103406;Coelho Neto;2.0;1.0;CENSO_ESCOLAR_2025;147;100;423.15;101;435.56;101;439.84;100;412.51;101;76;75.25;366.53;487.11;1.0;1.0;0.0;1.0;0.0;1.0;0.0;0.0;0.0;0.0;1.0;1.0;1.0;1.0;0.0;0.0;99.0;1.0;1.0;1.0;0.0;0.0;0.0;13.0;0.0;2.0;1.0;3.0;75.0;1.0;20.0;4;4.0;100.0;99.0;3.0;60.0;0.0;15.38
21153914;CENTRO DE ENSINO JUSTINO SILVA BASTOS;2103406;Coelho Neto;2.0;1.0;CENSO_ESCOLAR_2025;129;82;428.0;88;421.69;88;434.84;82;402.91;88;72;81.82;417.73;510.56;1.0;1.0;0.0;1.0;1.0;1.0;0.0;0.0;0.0;0.0;1.0;0.0;1.0;1.0;0.0;2.0;0.0;0.0;0.0;1.0;0.0;0.0;0.0;8.0;8.0;8.0;1.0;3.0;75.0;1.0;20.0;4;3.0;75.0;2.0;1.0;20.0;100.0;100.0
21153922;CENTRO EDUCA MAIS CARLOS MAGNO DUQUE BACELAR;2103406;Coelho Neto;2.0;1.0;CENSO_ESCOLAR_2025;52;43;460.16;43;472.92;43;482.07;43;444.28;43;36;83.72;551.63;658.89;1.0;1.0;1.0;1.0;1.0;1.0;1.0;0.0;1.0;0.0;1.0;1.0;1.0;1.0;6.0;0.0;0.0;1.0;0.0;1.0;1.0;0.0;0.0;7.0;7.0;7.0;1.0;4.0;100.0;3.0;60.0;4;4.0;100.0;6.0;3.0;60.0;100.0;100.0
21153930;CENTRO DE ENSINO COELHO NETO;2103406;Coelho Neto;2.0;1.0;CENSO_ESCOLAR_2025;14;5;497.04;5;490.12;5;465.98;5;391.98;5;4;80.0;432.0;540.0;1.0;1.0;0.0;1.0;1.0;1.0;0.0;1.0;0.0;0.0;1.0;0.0;0.0;1.0;0.0;1.0;0.0;0.0;0.0;1.0;0.0;0.0;0.0;9.0;8.0;8.0;1.0;3.0;75.0;2.0;40.0;4;2.0;50.0;1.0;1.0;20.0;88.89;88.89
21154589;CENTRO DE ENSINO DR PAULO RAMOS;2103901;Duque Bacelar;2.0;1.0;CENSO_ESCOLAR_2025;47;22;461.8;25;428.9;25;429.4;22;404.45;25;15;60.0;311.2;518.67;1.0;1.0;0.0;1.0;0.0;0.0;0.0;0.0;1.0;0.0;1.0;0.0;0.0;0.0;0.0;1.0;0.0;1.0;0.0;1.0;0.0;0.0;0.0;5.0;5.0;0.0;0.0;3.0;75.0;1.0;20.0;4;1.0;25.0;1.0;2.0;40.0;100.0;0.0
21154597;CENTRO EDUCA MAIS PROFESSOR LUIS VIANA;2103901;Duque Bacelar;2.0;1.0;CENSO_ESCOLAR_2025;46;17;438.39;17;476.42;17;457.79;17;411.79;17;14;82.35;428.24;520.0;1.0;1.0;1.0;1.0;1.0;1.0;1.0;1.0;1.0;0.0;1.0;1.0;0.0;1.0;3.0;0.0;0.0;1.0;0.0;1.0;0.0;0.0;0.0;6.0;6.0;0.0;1.0;4.0;100.0;4.0;80.0;4;3.0;75.0;3.0;2.0;40.0;100.0;0.0
21155682;CENTRO DE ENSINO SENADOR CARVALHO GUIMARAES;2102309;Buriti Bravo;2.0;1.0;CENSO_ESCOLAR_2025;105;65;426.48;71;445.08;71;456.22;65;402.97;71;56;78.87;424.79;538.57;0.0;1.0;1.0;1.0;1.0;1.0;1.0;1.0;0.0;1.0;1.0;1.0;1.0;0.0;3.0;2.0;0.0;1.0;0.0;0.0;0.0;0.0;0.0;9.0;9.0;9.0;1.0;3.0;75.0;4.0;80.0;4;3.0;75.0;5.0;1.0;20.0;100.0;100.0
21155690;CENTRO EDUCA MAIS PROFESSORA ZULEICA SANTOS;2102309;Buriti Bravo;2.0;1.0;CENSO_ESCOLAR_2025;61;51;459.28;52;492.19;52;504.0;51;474.64;52;47;90.38;635.77;703.4;1.0;1.0;0.0;1.0;1.0;1.0;0.0;0.0;1.0;0.0;1.0;1.0;1.0;1.0;1.0;2.0;0.0;1.0;0.0;1.0;1.0;0.0;0.0;13.0;10.0;0.0;1.0;3.0;75.0;2.0;40.0;4;4.0;100.0;3.0;3.0;60.0;76.92;0.0
21155755;CENTRO DE ENSINO CONEGO ADERSON GUIMARAES JUNIOR;2103000;Caxias;2.0;1.0;CENSO_ESCOLAR_2025;138;112;448.31;117;443.93;117;455.47;112;411.81;117;94;80.34;402.05;500.43;1.0;1.0;0.0;1.0;0.0;1.0;1.0;1.0;0.0;0.0;1.0;1.0;0.0;1.0;1.0;0.0;0.0;1.0;0.0;0.0;0.0;0.0;0.0;10.0;0.0;0.0;1.0;3.0;75.0;3.0;60.0;4;3.0;75.0;1.0;1.0;20.0;0.0;0.0
21155771;CENTRO EDUCA MAIS ALUISIO AZEVEDO;2103000;Caxias;2.0;1.0;CENSO_ESCOLAR_2025;77;67;460.95;69;450.9;69;484.05;67;444.13;69;61;88.41;528.7;598.03;1.0;1.0;0.0;1.0;1.0;1.0;1.0;1.0;1.0;0.0;1.0;1.0;1.0;1.0;20.0;0.0;0.0;1.0;0.0;1.0;1.0;0.0;0.0;10.0;10.0;10.0;1.0;3.0;75.0;4.0;80.0;4;4.0;100.0;20.0;3.0;60.0;100.0;100.0
21159580;CENTRO DE ENSINO THALES RIBEIRO GONCALVES;2103000;Caxias;2.0;1.0;CENSO_ESCOLAR_2025;154;146;469.58;150;480.71;150;510.91;146;474.9;150;142;94.67;598.27;631.97;1.0;1.0;1.0;1.0;1.0;1.0;0.0;0.0;0.0;0.0;1.0;1.0;1.0;1.0;0.0;2.0;0.0;1.0;0.0;0.0;1.0;0.0;0.0;7.0;7.0;0.0;1.0;4.0;100.0;1.0;20.0;4;4.0;100.0;2.0;2.0;40.0;100.0;0.0
21159742;CENTRO DE ENSINO CRISTOVAO COLOMBO;2103000;Caxias;2.0;1.0;CENSO_ESCOLAR_2025;57;29;451.57;32;446.9;32;456.81;29;423.39;32;26;81.25;440.0;541.54;1.0;1.0;0.0;1.0;0.0;0.0;0.0;1.0;0.0;0.0;1.0;1.0;1.0;1.0;0.0;3.0;0.0;1.0;1.0;1.0;0.0;0.0;0.0;9.0;5.0;5.0;0.0;3.0;75.0;1.0;20.0;4;4.0;100.0;3.0;3.0;60.0;55.56;55.56
21159750;CENTRO DE ENSINO CEZAR MARQUES;2103000;Caxias;2.0;1.0;CENSO_ESCOLAR_2025;93;70;447.57;75;462.56;75;466.79;70;420.17;75;67;89.33;489.6;548.06;1.0;1.0;0.0;1.0;1.0;1.0;0.0;1.0;1.0;1.0;1.0;1.0;0.0;1.0;12.0;3.0;0.0;1.0;1.0;1.0;0.0;0.0;0.0;8.0;8.0;0.0;1.0;3.0;75.0;4.0;80.0;4;3.0;75.0;15.0;3.0;60.0;100.0;0.0
21159769;CENTRO DE ENSINO DIAS CARNEIRO;2103000;Caxias;2.0;1.0;CENSO_ESCOLAR_2025;49;33;457.88;33;456.2;33;485.25;33;445.72;33;29;87.88;420.0;477.93;1.0;1.0;0.0;1.0;0.0;1.0;0.0;1.0;0.0;0.0;1.0;1.0;1.0;1.0;1.0;1.0;0.0;1.0;1.0;1.0;1.0;0.0;0.0;4.0;4.0;0.0;1.0;3.0;75.0;2.0;40.0;4;4.0;100.0;2.0;4.0;80.0;100.0;0.0
21159971;CENTRO DE ENSINO ODOLFO MEDEIROS;2103000;Caxias;2.0;1.0;CENSO_ESCOLAR_2025;124;98;442.19;100;455.82;100;469.38;98;430.83;100;92;92.0;494.2;537.17;1.0;1.0;0.0;1.0;1.0;1.0;0.0;0.0;1.0;0.0;1.0;0.0;1.0;1.0;2.0;1.0;0.0;1.0;1.0;1.0;0.0;0.0;0.0;10.0;7.0;7.0;1.0;3.0;75.0;2.0;40.0;4;3.0;75.0;3.0;3.0;60.0;70.0;70.0
21160015;CENTRO DE ENSINO EUGENIO BARROS;2103000;Caxias;2.0;1.0;CENSO_ESCOLAR_2025;141;111;451.89;119;452.77;119;472.15;111;419.12;119;107;89.92;478.15;531.78;1.0;1.0;0.0;1.0;0.0;0.0;0.0;0.0;0.0;0.0;1.0;1.0;1.0;1.0;0.0;3.0;0.0;0.0;0.0;1.0;0.0;0.0;0.0;8.0;8.0;0.0;0.0;3.0;75.0;0.0;0.0;4;4.0;100.0;3.0;1.0;20.0;100.0;0.0
21160023;CENTRO DE ENSINO GONCALVES DIAS;2103000;Caxias;2.0;1.0;CENSO_ESCOLAR_2025;91;64;450.3;66;470.69;66;476.83;64;439.7;66;58;87.88;476.67;542.41;1.0;1.0;1.0;1.0;1.0;1.0;0.0;1.0;0.0;0.0;1.0;1.0;0.0;1.0;29.0;0.0;0.0;1.0;1.0;1.0;0.0;0.0;0.0;8.0;0.0;0.0;1.0;4.0;100.0;2.0;40.0;4;3.0;75.0;29.0;3.0;60.0;0.0;0.0
21160040;INSTITUTO ESTADUAL DE EDUCACAO CIENCIA E TECNOLOGIA DO MARANHAO - IEMA PLENO CAXIAS;2103000;Caxias;2.0;1.0;CENSO_ESCOLAR_2025;212;159;463.84;164;466.11;164;487.9;159;453.28;164;148;90.24;485.61;538.11;1.0;1.0;0.0;1.0;1.0;1.0;1.0;1.0;1.0;1.0;1.0;1.0;1.0;1.0;15.0;6.0;0.0;1.0;1.0;1.0;0.0;0.0;0.0;12.0;12.0;12.0;1.0;3.0;75.0;5.0;100.0;4;4.0;100.0;21.0;3.0;60.0;100.0;100.0
21160058;COLEGIO MILITAR TIRADENTES IV - CAXIAS;2103000;Caxias;2.0;1.0;CENSO_ESCOLAR_2025;104;103;518.54;103;527.97;103;548.31;103;553.55;103;99;96.12;703.88;732.32;1.0;1.0;1.0;1.0;1.0;1.0;1.0;1.0;1.0;1.0;1.0;1.0;1.0;1.0;6.0;0.0;0.0;1.0;1.0;1.0;1.0;0.0;0.0;29.0;29.0;29.0;1.0;4.0;100.0;5.0;100.0;4;4.0;100.0;6.0;4.0;80.0;100.0;100.0
21160066;CENTRO DE ENSINO SANTOS DUMONT;2103000;Caxias;2.0;1.0;CENSO_ESCOLAR_2025;74;54;457.79;55;443.98;55;459.05;54;422.59;55;45;81.82;400.73;489.78;1.0;1.0;0.0;1.0;1.0;1.0;1.0;1.0;0.0;1.0;1.0;1.0;1.0;1.0;1.0;3.0;0.0;1.0;1.0;1.0;0.0;0.0;0.0;9.0;9.0;0.0;1.0;3.0;75.0;4.0;80.0;4;4.0;100.0;4.0;3.0;60.0;100.0;0.0
21161321;CENTRO DE ENSINO JOAO PAULO I;2106607;Matões;2.0;1.0;CENSO_ESCOLAR_2025;147;110;453.54;110;461.32;110;488.5;110;442.14;110;103;93.64;604.55;645.63;1.0;1.0;0.0;1.0;1.0;1.0;1.0;0.0;1.0;1.0;1.0;1.0;1.0;1.0;2.0;6.0;0.0;1.0;0.0;1.0;0.0;0.0;0.0;8.0;8.0;8.0;1.0;3.0;75.0;4.0;80.0;4;4.0;100.0;8.0;2.0;40.0;100.0;100.0
21161330;CENTRO DE ENSINO EUGENIO BARROS;2106607;Matões;2.0;1.0;CENSO_ESCOLAR_2025;44;19;433.21;21;431.81;21;448.01;19;430.71;21;14;66.67;367.62;551.43;1.0;1.0;0.0;1.0;0.0;0.0;0.0;1.0;0.0;0.0;1.0;0.0;0.0;1.0;1.0;2.0;0.0;1.0;0.0;1.0;0.0;0.0;0.0;7.0;0.0;6.0;0.0;3.0;75.0;1.0;20.0;4;2.0;50.0;3.0;2.0;40.0;0.0;85.71
21162484;CENTRO EDUCA MAIS CONEGO JESUS DE MOURA SOARES;2107803;Parnarama;2.0;1.0;CENSO_ESCOLAR_2025;44;40;450.8;40;460.84;40;472.95;40;439.48;40;36;90.0;520.5;578.33;1.0;1.0;0.0;1.0;1.0;1.0;0.0;1.0;0.0;1.0;1.0;1.0;1.0;1.0;1.0;0.0;0.0;1.0;0.0;1.0;0.0;0.0;0.0;5.0;5.0;5.0;1.0;3.0;75.0;3.0;60.0;4;4.0;100.0;1.0;2.0;40.0;100.0;100.0
21162565;CENTRO DE ENSINO MESTRE TIBERIO;2107803;Parnarama;2.0;1.0;CENSO_ESCOLAR_2025;109;102;441.32;101;436.26;101;462.54;102;442.66;101;79;78.22;498.61;637.47;1.0;1.0;0.0;1.0;1.0;1.0;1.0;1.0;0.0;0.0;1.0;0.0;1.0;1.0;2.0;1.0;0.0;1.0;0.0;1.0;0.0;0.0;0.0;7.0;7.0;7.0;1.0;3.0;75.0;3.0;60.0;4;3.0;75.0;3.0;2.0;40.0;100.0;100.0
21162611;CENTRO EDUCA MAIS JACIRA DE OLIVEIRA E SILVA;2112209;Timon;2.0;1.0;CENSO_ESCOLAR_2025;204;193;472.02;197;483.04;197;501.58;193;470.52;197;191;96.95;664.26;685.13;1.0;1.0;0.0;1.0;1.0;1.0;1.0;1.0;1.0;1.0;1.0;1.0;1.0;1.0;10.0;2.0;0.0;1.0;0.0;1.0;0.0;0.0;0.0;17.0;17.0;0.0;1.0;3.0;75.0;5.0;100.0;4;4.0;100.0;12.0;2.0;40.0;100.0;0.0
21164495;CENTRO DE ENSINO MARIA DA CONCEICAO TEOFILO SILVA;2112209;Timon;2.0;1.0;CENSO_ESCOLAR_2025;154;114;457.16;116;456.59;116;471.26;114;439.26;116;101;87.07;487.07;559.41;1.0;1.0;0.0;1.0;1.0;1.0;1.0;0.0;1.0;0.0;1.0;1.0;0.0;1.0;2.0;1.0;1.0;1.0;0.0;1.0;0.0;0.0;0.0;11.0;11.0;1.0;1.0;3.0;75.0;3.0;60.0;4;3.0;75.0;4.0;2.0;40.0;100.0;9.09
21164622;CENTRO EDUCA MAIS ANNA BERNARDES;2112209;Timon;2.0;1.0;CENSO_ESCOLAR_2025;80;72;469.63;72;480.02;72;501.06;72;456.59;72;68;94.44;615.0;651.18;1.0;1.0;0.0;1.0;1.0;1.0;1.0;1.0;1.0;0.0;1.0;0.0;1.0;1.0;4.0;3.0;0.0;1.0;1.0;1.0;0.0;0.0;0.0;10.0;10.0;0.0;1.0;3.0;75.0;4.0;80.0;4;3.0;75.0;7.0;3.0;60.0;100.0;0.0
21164711;CENTRO DE ENSINO PADRE DELFINO;2112209;Timon;2.0;1.0;CENSO_ESCOLAR_2025;87;69;449.73;73;462.58;73;483.05;69;433.58;73;60;82.19;434.52;528.67;1.0;1.0;0.0;1.0;1.0;1.0;0.0;0.0;0.0;0.0;1.0;0.0;0.0;0.0;1.0;1.0;1.0;1.0;0.0;1.0;1.0;0.0;0.0;9.0;9.0;9.0;1.0;3.0;75.0;1.0;20.0;4;1.0;25.0;3.0;3.0;60.0;100.0;100.0
21164746;CENTRO DE ENSINO ALUIZIO DE AZEVEDO;2112209;Timon;2.0;1.0;CENSO_ESCOLAR_2025;172;119;449.57;125;455.97;125;482.61;119;439.68;125;111;88.8;488.32;549.91;1.0;1.0;0.0;1.0;1.0;1.0;0.0;0.0;1.0;0.0;1.0;1.0;1.0;1.0;0.0;0.0;4.0;1.0;0.0;1.0;1.0;0.0;0.0;9.0;9.0;9.0;1.0;3.0;75.0;2.0;40.0;4;4.0;100.0;4.0;3.0;60.0;100.0;100.0
21164940;CENTRO DE ENSINO ARISTIDES LOBAO;2101509;Barão de Grajaú;2.0;1.0;CENSO_ESCOLAR_2025;57;46;447.84;49;470.13;49;477.05;46;422.93;49;44;89.8;515.51;574.09;1.0;1.0;0.0;1.0;0.0;0.0;0.0;0.0;0.0;0.0;1.0;1.0;1.0;1.0;0.0;2.0;0.0;1.0;1.0;1.0;0.0;0.0;0.0;6.0;6.0;6.0;0.0;3.0;75.0;0.0;0.0;4;4.0;100.0;2.0;3.0;60.0;100.0;100.0
21165858;CENTRO DE ENSINO NEY BRAGA;2101509;Barão de Grajaú;2.0;1.0;CENSO_ESCOLAR_2025;56;37;452.81;37;458.97;37;475.87;37;429.56;37;31;83.78;500.0;596.77;1.0;1.0;0.0;1.0;1.0;1.0;1.0;0.0;1.0;0.0;1.0;0.0;0.0;0.0;5.0;0.0;0.0;1.0;0.0;1.0;0.0;0.0;0.0;4.0;4.0;0.0;1.0;3.0;75.0;3.0;60.0;4;1.0;25.0;5.0;2.0;40.0;100.0;0.0
21167109;CENTRO EDUCA MAIS MARIA JOSE MACEDO COSTA;2103505;Colinas;2.0;1.0;CENSO_ESCOLAR_2025;81;66;454.89;65;452.78;65;494.14;66;467.35;65;50;76.92;478.15;621.6;1.0;1.0;1.0;1.0;1.0;1.0;1.0;1.0;1.0;0.0;1.0;0.0;1.0;1.0;4.0;2.0;0.0;1.0;1.0;1.0;1.0;0.0;0.0;10.0;9.0;1.0;1.0;4.0;100.0;4.0;80.0;4;3.0;75.0;6.0;4.0;80.0;90.0;10.0
21167117;CENTRO DE ENSINO JOAO PESSOA;2103505;Colinas;2.0;1.0;CENSO_ESCOLAR_2025;117;76;452.14;82;462.8;82;477.34;76;426.33;82;66;80.49;448.29;556.97;1.0;1.0;0.0;1.0;1.0;1.0;0.0;0.0;1.0;1.0;1.0;0.0;1.0;1.0;0.0;3.0;0.0;1.0;1.0;1.0;1.0;0.0;0.0;9.0;9.0;9.0;1.0;3.0;75.0;3.0;60.0;4;3.0;75.0;3.0;4.0;80.0;100.0;100.0
21167125;CENTRO DE ENSINO DR ANTONIO JORGE DINO;2103505;Colinas;2.0;1.0;CENSO_ESCOLAR_2025;44;15;454.9;16;465.96;16;467.67;15;443.66;16;11;68.75;358.75;521.82;1.0;1.0;0.0;1.0;1.0;1.0;0.0;1.0;1.0;0.0;1.0;1.0;1.0;1.0;3.0;4.0;0.0;1.0;0.0;1.0;0.0;0.0;0.0;9.0;9.0;0.0;1.0;3.0;75.0;3.0;60.0;4;4.0;100.0;7.0;2.0;40.0;100.0;0.0
21167141;CENTRO DE ENSINO ISA RAPOSO BORBA GUIMARAES;2106706;Mirador;2.0;1.0;CENSO_ESCOLAR_2025;99;83;435.72;84;448.46;84;452.16;83;439.73;84;66;78.57;444.05;565.15;1.0;1.0;0.0;1.0;0.0;0.0;0.0;0.0;0.0;0.0;1.0;1.0;1.0;1.0;3.0;3.0;0.0;0.0;1.0;1.0;0.0;0.0;0.0;7.0;7.0;0.0;0.0;3.0;75.0;0.0;0.0;4;4.0;100.0;6.0;2.0;40.0;100.0;0.0
21169012;CENTRO DE ENSINO ANALIA NEIVA;2107308;Nova Iorque;2.0;1.0;CENSO_ESCOLAR_2025;22;17;416.86;17;429.88;17;454.07;17;409.14;17;13;76.47;404.71;529.23;1.0;1.0;1.0;1.0;0.0;0.0;0.0;0.0;0.0;0.0;1.0;1.0;0.0;1.0;0.0;1.0;0.0;1.0;0.0;1.0;0.0;0.0;0.0;7.0;7.0;0.0;0.0;4.0;100.0;0.0;0.0;4;3.0;75.0;1.0;2.0;40.0;100.0;0.0
21169632;CENTRO DE ENSINO JOAO FURTADO BRITO;2107704;Paraibano;2.0;1.0;CENSO_ESCOLAR_2025;143;113;436.89;114;436.68;114;468.6;113;446.48;114;89;78.07;485.79;622.25;1.0;1.0;0.0;1.0;0.0;0.0;0.0;0.0;0.0;0.0;1.0;1.0;1.0;1.0;2.0;2.0;0.0;1.0;0.0;1.0;0.0;0.0;0.0;8.0;0.0;0.0;0.0;3.0;75.0;0.0;0.0;4;4.0;100.0;4.0;2.0;40.0;0.0;0.0
21171033;CENTRO DE ENSINO SENADOR JOSE NEIVA;2105922;Lagoa do Mato;2.0;1.0;CENSO_ESCOLAR_2025;90;61;437.43;62;458.15;62;467.89;61;440.04;62;49;79.03;505.16;639.18;1.0;1.0;1.0;1.0;1.0;1.0;0.0;1.0;1.0;0.0;1.0;1.0;1.0;1.0;8.0;1.0;0.0;1.0;1.0;1.0;0.0;0.0;0.0;6.0;6.0;6.0;1.0;4.0;100.0;3.0;60.0;4;4.0;100.0;9.0;3.0;60.0;100.0;100.0
21171726;CENTRO DE ENSINO DR JOSE NEIVA;2108009;Pastos Bons;2.0;1.0;CENSO_ESCOLAR_2025;127;60;428.25;65;437.37;65;438.58;60;425.17;65;54;83.08;387.69;466.67;1.0;1.0;0.0;1.0;0.0;0.0;0.0;1.0;1.0;0.0;1.0;0.0;1.0;1.0;0.0;0.0;0.0;0.0;1.0;1.0;0.0;0.0;0.0;9.0;0.0;0.0;0.0;3.0;75.0;2.0;40.0;4;3.0;75.0;0.0;2.0;40.0;0.0;0.0
21171750;CENTRO EDUCA MAIS PROFESSOR RIBAMAR TORRES;2108009;Pastos Bons;2.0;1.0;CENSO_ESCOLAR_2025;69;62;468.02;62;468.06;62;485.82;62;473.03;62;56;90.32;562.9;623.21;1.0;1.0;0.0;1.0;1.0;1.0;0.0;0.0;1.0;0.0;1.0;1.0;1.0;1.0;3.0;4.0;0.0;1.0;0.0;1.0;0.0;0.0;0.0;9.0;9.0;9.0;1.0;3.0;75.0;2.0;40.0;4;4.0;100.0;7.0;2.0;40.0;100.0;100.0
21172684;CENTRO EDUCA MAIS ESTADO DE SAO PAULO;2110906;São Francisco do Maranhão;2.0;1.0;CENSO_ESCOLAR_2025;65;47;437.3;48;445.27;48;458.18;47;425.43;48;37;77.08;389.58;505.41;1.0;1.0;0.0;1.0;0.0;0.0;0.0;0.0;0.0;0.0;1.0;1.0;1.0;1.0;2.0;3.0;0.0;1.0;0.0;1.0;0.0;0.0;0.0;5.0;3.0;5.0;0.0;3.0;75.0;0.0;0.0;4;4.0;100.0;5.0;2.0;40.0;60.0;100.0
21173427;CENTRO DE ENSINO DR PAULO RAMOS;2111102;São João dos Patos;2.0;1.0;CENSO_ESCOLAR_2025;169;119;450.56;127;445.89;127;459.96;119;420.95;127;98;77.17;387.09;501.63;1.0;1.0;0.0;1.0;1.0;1.0;1.0;1.0;1.0;0.0;1.0;0.0;1.0;1.0;8.0;2.0;0.0;1.0;1.0;1.0;0.0;0.0;0.0;8.0;8.0;0.0;1.0;3.0;75.0;4.0;80.0;4;3.0;75.0;10.0;3.0;60.0;100.0;0.0
21173435;INSTITUTO ESTADUAL DE EDUCACAO CIENCIA E TECNOLOGIA DO MARANHAO - IEMA PLENO SAO JOAO DOS PATOS;2111102;São João dos Patos;2.0;1.0;CENSO_ESCOLAR_2025;95;89;485.63;91;484.64;91;507.53;89;510.87;91;87;95.6;669.67;700.46;1.0;1.0;0.0;1.0;1.0;1.0;1.0;1.0;0.0;1.0;1.0;1.0;1.0;1.0;12.0;0.0;0.0;1.0;1.0;1.0;0.0;0.0;0.0;9.0;9.0;9.0;1.0;3.0;75.0;4.0;80.0;4;4.0;100.0;12.0;3.0;60.0;100.0;100.0
21173915;CENTRO DE ENSINO DRº ADONIAS LUCAS DE LACERDA;2111904;Sucupira do Norte;2.0;1.0;CENSO_ESCOLAR_2025;59;48;434.23;50;447.77;50;460.04;48;434.86;50;46;92.0;570.4;620.0;1.0;1.0;0.0;1.0;1.0;1.0;0.0;0.0;1.0;0.0;1.0;0.0;1.0;0.0;0.0;0.0;0.0;0.0;1.0;0.0;0.0;0.0;1.0;6.0;0.0;0.0;1.0;3.0;75.0;2.0;40.0;4;2.0;50.0;0.0;1.0;20.0;0.0;0.0
21174148;CENTRO DE ENSINO LUZIA AIRES MARANHAO;2102804;Carolina;2.0;1.0;CENSO_ESCOLAR_2025;106;95;479.29;98;505.4;98;512.63;95;501.57;98;92;93.88;573.27;610.65;1.0;1.0;0.0;1.0;1.0;1.0;0.0;0.0;1.0;1.0;1.0;0.0;0.0;1.0;0.0;0.0;0.0;1.0;0.0;1.0;1.0;0.0;0.0;9.0;9.0;0.0;1.0;3.0;75.0;3.0;60.0;4;2.0;50.0;0.0;3.0;60.0;100.0;0.0
21174202;IEMA PLENO CAROLINA - SERTAO MARANHENSE;2102804;Carolina;2.0;1.0;CENSO_ESCOLAR_2025;32;29;460.24;31;477.31;31;497.73;29;432.17;31;28;90.32;475.48;526.43;1.0;1.0;1.0;1.0;1.0;1.0;1.0;1.0;1.0;1.0;1.0;1.0;1.0;1.0;19.0;0.0;0.0;1.0;1.0;1.0;1.0;0.0;0.0;8.0;8.0;8.0;1.0;4.0;100.0;5.0;100.0;4;4.0;100.0;19.0;4.0;80.0;100.0;100.0
21175632;CENTRO EDUCA MAIS PROFESSOR JOAO PEREIRA MARTINS NETO;2104057;Estreito;2.0;1.0;CENSO_ESCOLAR_2025;115;82;471.97;86;465.35;86;494.02;82;448.0;86;78;90.7;516.51;569.49;1.0;1.0;0.0;1.0;1.0;1.0;0.0;0.0;0.0;0.0;1.0;1.0;1.0;1.0;0.0;4.0;0.0;1.0;1.0;1.0;0.0;0.0;0.0;8.0;8.0;0.0;1.0;3.0;75.0;1.0;20.0;4;4.0;100.0;4.0;3.0;60.0;100.0;0.0
21177376;CENTRO DE ENSINO FREI GIL;2104057;Estreito;2.0;1.0;CENSO_ESCOLAR_2025;148;110;461.11;118;456.83;118;481.93;110;454.51;118;109;92.37;498.98;540.18;1.0;1.0;0.0;1.0;1.0;1.0;1.0;1.0;1.0;0.0;1.0;1.0;1.0;1.0;2.0;0.0;0.0;1.0;0.0;1.0;1.0;0.0;0.0;7.0;7.0;6.0;1.0;3.0;75.0;4.0;80.0;4;4.0;100.0;2.0;3.0;60.0;100.0;85.71
21177384;CENTRO DE ENSINO DELFINO AGUIAR DE AZEVEDO;2111052;São João do Paraíso;2.0;1.0;CENSO_ESCOLAR_2025;93;60;443.25;67;444.93;67;462.42;60;422.85;67;61;91.04;467.16;513.11;1.0;1.0;0.0;1.0;0.0;1.0;0.0;0.0;0.0;0.0;1.0;1.0;1.0;1.0;0.0;3.0;0.0;1.0;0.0;1.0;0.0;0.0;0.0;7.0;7.0;0.0;1.0;3.0;75.0;1.0;20.0;4;4.0;100.0;3.0;2.0;40.0;100.0;0.0
21177392;CENTRO DE ENSINO VALENTIM DA SILVA AGUIAR;2102556;Campestre do Maranhão;2.0;1.0;CENSO_ESCOLAR_2025;105;79;441.35;86;465.16;86;485.29;79;427.07;86;74;86.05;476.51;553.78;1.0;1.0;0.0;1.0;1.0;1.0;0.0;1.0;0.0;0.0;1.0;0.0;1.0;1.0;5.0;3.0;0.0;1.0;1.0;1.0;0.0;0.0;0.0;7.0;7.0;7.0;1.0;3.0;75.0;2.0;40.0;4;3.0;75.0;8.0;3.0;60.0;100.0;100.0
21180350;CENTRO EDUCA MAIS VITORINO FREIRE;2100501;Alto Parnaíba;2.0;1.0;CENSO_ESCOLAR_2025;101;86;431.47;89;437.78;89;457.71;86;423.62;89;71;79.78;420.67;527.32;1.0;1.0;1.0;1.0;0.0;0.0;0.0;1.0;1.0;0.0;1.0;1.0;1.0;1.0;0.0;9.0;0.0;1.0;0.0;1.0;0.0;0.0;0.0;9.0;9.0;9.0;0.0;4.0;100.0;2.0;40.0;4;4.0;100.0;9.0;2.0;40.0;100.0;100.0
21180393;CENTRO DE ENSINO DOM DANIEL COMBONI;2101400;Balsas;2.0;1.0;CENSO_ESCOLAR_2025;143;124;470.71;129;487.71;129;511.17;124;478.56;129;123;95.35;600.93;630.24;1.0;1.0;0.0;1.0;1.0;1.0;1.0;0.0;1.0;0.0;1.0;0.0;1.0;1.0;0.0;0.0;0.0;0.0;0.0;1.0;0.0;0.0;0.0;9.0;9.0;9.0;1.0;3.0;75.0;3.0;60.0;4;3.0;75.0;0.0;1.0;20.0;100.0;100.0
21182388;CENTRO DE ENSINO JOSE PEREIRA DE SOUSA;2101400;Balsas;2.0;1.0;CENSO_ESCOLAR_2025;20;9;449.48;12;428.56;12;459.52;9;428.32;12;8;66.67;338.33;507.5;1.0;1.0;1.0;1.0;1.0;1.0;0.0;0.0;0.0;0.0;1.0;0.0;0.0;0.0;2.0;0.0;0.0;0.0;0.0;0.0;0.0;0.0;1.0;7.0;5.0;0.0;1.0;4.0;100.0;1.0;20.0;4;1.0;25.0;2.0;0.0;0.0;71.43;0.0
21182400;CENTRO DE ENSINO DIDACIO SANTOS;2101400;Balsas;2.0;1.0;CENSO_ESCOLAR_2025;82;56;467.35;62;461.2;62;482.26;56;453.13;62;52;83.87;506.13;603.46;1.0;1.0;0.0;1.0;0.0;0.0;0.0;0.0;0.0;0.0;1.0;0.0;1.0;1.0;1.0;0.0;0.0;1.0;1.0;1.0;0.0;0.0;0.0;6.0;6.0;0.0;0.0;3.0;75.0;0.0;0.0;4;3.0;75.0;1.0;3.0;60.0;100.0;0.0
21182426;CENTRO DE ENSINO PROFESSOR LUIZ REGO;2101400;Balsas;2.0;1.0;CENSO_ESCOLAR_2025;139;82;449.38;90;449.23;90;473.3;82;433.64;90;79;87.78;476.89;543.29;1.0;1.0;0.0;1.0;0.0;1.0;0.0;0.0;1.0;0.0;1.0;0.0;0.0;1.0;0.0;0.0;0.0;0.0;0.0;0.0;0.0;0.0;1.0;11.0;0.0;0.0;1.0;3.0;75.0;2.0;40.0;4;2.0;50.0;0.0;0.0;0.0;0.0;0.0
21184259;CENTRO DE ENSINO LUSO ROCHA;2109502;Riachão;2.0;1.0;CENSO_ESCOLAR_2025;132;90;458.35;89;449.5;89;475.33;90;439.44;89;84;94.38;525.17;556.43;1.0;1.0;0.0;1.0;0.0;0.0;0.0;0.0;1.0;1.0;0.0;0.0;0.0;;1.0;0.0;0.0;1.0;1.0;1.0;0.0;0.0;0.0;12.0;12.0;12.0;0.0;3.0;75.0;2.0;40.0;3;0.0;0.0;1.0;3.0;60.0;100.0;100.0
21184305;CENTRO DE ENSINO ENEAS MAIA FILHO;2112001;Tasso Fragoso;2.0;1.0;CENSO_ESCOLAR_2025;110;92;448.85;94;452.65;94;470.26;92;445.09;94;85;90.43;525.53;581.18;1.0;1.0;1.0;1.0;0.0;0.0;0.0;0.0;0.0;0.0;1.0;0.0;0.0;1.0;1.0;0.0;0.0;1.0;0.0;1.0;0.0;0.0;0.0;11.0;5.0;5.0;0.0;4.0;100.0;0.0;0.0;4;2.0;50.0;1.0;2.0;40.0;45.45;45.45
21185565;CENTRO DE ENSINO AQUILES LISBOA;2110658;São Domingos do Azeitão;2.0;1.0;CENSO_ESCOLAR_2025;89;81;433.74;82;447.42;82;468.51;81;417.11;82;66;80.49;542.44;673.94;1.0;1.0;0.0;1.0;0.0;0.0;0.0;1.0;0.0;0.0;1.0;1.0;1.0;1.0;0.0;2.0;0.0;1.0;0.0;1.0;0.0;0.0;0.0;8.0;5.0;3.0;0.0;3.0;75.0;1.0;20.0;4;4.0;100.0;2.0;2.0;40.0;62.5;37.5
21185590;CENTRO DE ENSINO LUCAS COELHO;2101806;Benedito Leite;2.0;1.0;CENSO_ESCOLAR_2025;20;13;436.3;13;446.85;13;474.25;13;427.35;13;10;76.92;569.23;740.0;1.0;1.0;0.0;1.0;1.0;1.0;1.0;1.0;0.0;0.0;1.0;1.0;1.0;1.0;1.0;1.0;0.0;1.0;0.0;1.0;0.0;0.0;0.0;6.0;3.0;0.0;1.0;3.0;75.0;3.0;60.0;4;4.0;100.0;2.0;2.0;40.0;50.0;0.0
21186855;CENTRO EDUCA MAIS MARCELINO MACHADO;2104107;Fortaleza dos Nogueiras;2.0;1.0;CENSO_ESCOLAR_2025;75;66;444.01;66;445.85;66;439.29;66;432.49;66;55;83.33;450.3;540.36;0.0;1.0;0.0;1.0;1.0;1.0;0.0;1.0;1.0;0.0;1.0;1.0;1.0;0.0;10.0;0.0;0.0;1.0;0.0;1.0;0.0;0.0;0.0;6.0;6.0;0.0;1.0;2.0;50.0;3.0;60.0;4;3.0;75.0;10.0;2.0;40.0;100.0;0.0
21186898;CENTRO DE ENSINO VERA LUCIA DOS SANTOS CARVALHO;2104107;Fortaleza dos Nogueiras;2.0;1.0;CENSO_ESCOLAR_2025;79;66;443.38;69;454.02;69;472.77;66;458.92;69;61;88.41;561.16;634.75;1.0;1.0;0.0;1.0;1.0;1.0;0.0;0.0;0.0;0.0;1.0;0.0;0.0;0.0;0.0;0.0;0.0;1.0;0.0;1.0;0.0;0.0;0.0;8.0;8.0;8.0;1.0;3.0;75.0;1.0;20.0;4;1.0;25.0;0.0;2.0;40.0;100.0;100.0
21187703;CENTRO DE ENSINO PAULO FREIRE;2106102;Loreto;2.0;1.0;CENSO_ESCOLAR_2025;87;79;434.6;80;455.6;80;458.68;79;419.17;80;74;92.5;514.75;556.49;1.0;1.0;0.0;1.0;1.0;1.0;1.0;1.0;1.0;1.0;1.0;1.0;1.0;1.0;20.0;10.0;0.0;1.0;1.0;1.0;0.0;0.0;0.0;16.0;8.0;8.0;1.0;3.0;75.0;5.0;100.0;4;4.0;100.0;30.0;3.0;60.0;50.0;50.0
21188335;CENTRO DE ENSINO DR PAULO RAMOS;2109700;Sambaíba;2.0;1.0;CENSO_ESCOLAR_2025;38;32;426.31;33;432.42;33;444.14;32;420.45;33;30;90.91;539.39;593.33;1.0;1.0;0.0;1.0;1.0;1.0;0.0;1.0;1.0;0.0;1.0;0.0;1.0;0.0;0.0;1.0;0.0;0.0;0.0;1.0;0.0;0.0;0.0;8.0;5.0;5.0;1.0;3.0;75.0;3.0;60.0;4;2.0;50.0;1.0;1.0;20.0;62.5;62.5
21188750;CENTRO DE ENSINO HENRIQUE MARTINS;2110807;São Félix de Balsas;2.0;1.0;CENSO_ESCOLAR_2025;19;8;437.96;10;469.19;10;483.05;8;401.78;10;10;100.0;598.0;598.0;1.0;1.0;0.0;0.0;1.0;1.0;0.0;1.0;1.0;0.0;1.0;0.0;1.0;1.0;12.0;0.0;0.0;1.0;0.0;1.0;0.0;0.0;0.0;3.0;3.0;3.0;1.0;2.0;50.0;3.0;60.0;4;3.0;75.0;12.0;2.0;40.0;100.0;100.0
21189692;CENTRO DE ENSINO SAO RAIMUNDO NONATO;2111607;São Raimundo das Mangabeiras;2.0;1.0;CENSO_ESCOLAR_2025;126;94;420.1;98;437.12;98;449.4;94;403.44;98;76;77.55;376.53;485.53;1.0;1.0;0.0;1.0;1.0;1.0;1.0;0.0;0.0;0.0;1.0;0.0;0.0;0.0;0.0;0.0;0.0;1.0;0.0;0.0;0.0;0.0;0.0;11.0;0.0;0.0;1.0;3.0;75.0;2.0;40.0;4;1.0;25.0;0.0;1.0;20.0;0.0;0.0
21192806;CENTRO DE ENSINO GOVERNADOR EUGENIO BARROS;2109106;Presidente Dutra;2.0;2.0;CENSO_ESCOLAR_2025;21;7;401.59;7;398.37;7;448.89;7;376.26;7;5;71.43;311.43;436.0;1.0;1.0;0.0;1.0;1.0;1.0;0.0;0.0;0.0;0.0;1.0;1.0;0.0;0.0;0.0;1.0;0.0;1.0;0.0;1.0;0.0;0.0;0.0;6.0;1.0;0.0;1.0;3.0;75.0;1.0;20.0;4;2.0;50.0;1.0;2.0;40.0;16.67;0.0
21193355;CENTRO DE ENSINO HENRIQUE DE LA ROQUE - ANEXO I - BOM LUGAR;2105500;João Lisboa;2.0;2.0;CENSO_ESCOLAR_2025;13;8;480.45;8;470.78;8;484.39;8;458.4;8;8;100.0;512.5;512.5;1.0;1.0;0.0;1.0;0.0;0.0;0.0;0.0;0.0;0.0;1.0;1.0;1.0;1.0;0.0;1.0;0.0;1.0;0.0;1.0;0.0;0.0;0.0;3.0;0.0;3.0;0.0;3.0;75.0;0.0;0.0;4;4.0;100.0;1.0;2.0;40.0;0.0;100.0
21194089;CENTRO DE ENSINO MARY DALVA CASTRO ROCHA;2100055;Açailândia;2.0;1.0;CENSO_ESCOLAR_2025;61;43;443.04;44;455.2;44;469.82;43;417.83;44;39;88.64;482.73;544.62;1.0;1.0;0.0;1.0;1.0;1.0;0.0;0.0;1.0;0.0;1.0;0.0;1.0;1.0;0.0;1.0;0.0;1.0;0.0;1.0;0.0;0.0;0.0;7.0;7.0;7.0;1.0;3.0;75.0;2.0;40.0;4;3.0;75.0;1.0;2.0;40.0;100.0;100.0
21194304;CENTRO EDUCA MAIS BARREIRINHAS;2101707;Barreirinhas;2.0;1.0;CENSO_ESCOLAR_2025;129;50;429.58;59;444.56;59;455.9;50;404.47;59;45;76.27;372.2;488.0;1.0;1.0;1.0;1.0;1.0;1.0;1.0;1.0;0.0;1.0;1.0;1.0;1.0;1.0;0.0;18.0;0.0;1.0;0.0;1.0;1.0;0.0;0.0;14.0;7.0;0.0;1.0;4.0;100.0;4.0;80.0;4;4.0;100.0;18.0;3.0;60.0;50.0;0.0
21194315;CENTRO DE ENSINO DR OTAVIO VIEIRA PASSOS;2103208;Chapadinha;2.0;1.0;CENSO_ESCOLAR_2025;190;142;441.91;152;450.9;152;463.77;142;435.23;152;124;81.58;439.34;538.55;1.0;1.0;1.0;1.0;1.0;1.0;0.0;0.0;1.0;0.0;1.0;0.0;1.0;1.0;1.0;0.0;0.0;1.0;1.0;1.0;0.0;0.0;0.0;20.0;10.0;0.0;1.0;4.0;100.0;2.0;40.0;4;3.0;75.0;1.0;3.0;60.0;50.0;0.0
21194434;CENTRO DE ENSINO ALEXANDRE PIRES;2101400;Balsas;2.0;1.0;CENSO_ESCOLAR_2025;42;26;427.22;28;464.6;28;471.81;26;418.59;28;26;92.86;491.43;529.23;1.0;1.0;0.0;1.0;0.0;0.0;0.0;0.0;0.0;0.0;1.0;0.0;0.0;0.0;0.0;0.0;0.0;0.0;0.0;1.0;0.0;0.0;0.0;8.0;5.0;5.0;0.0;3.0;75.0;0.0;0.0;4;1.0;25.0;0.0;1.0;20.0;62.5;62.5
21194483;CENTRO DE ENSINO JOAO PAULO II;2111300;São Luís;2.0;1.0;CENSO_ESCOLAR_2025;111;89;468.14;93;477.72;93;502.86;89;439.65;93;77;82.8;477.2;576.36;1.0;1.0;1.0;1.0;1.0;1.0;1.0;0.0;1.0;1.0;1.0;0.0;0.0;1.0;1.0;1.0;0.0;1.0;1.0;0.0;1.0;0.0;0.0;14.0;14.0;0.0;1.0;4.0;100.0;4.0;80.0;4;2.0;50.0;2.0;3.0;60.0;100.0;0.0
21195110;CENTRO DE ENSINO DRA AGOSTINHA MELO CORREIA LIMA - ANEXO I - SAO VICENTE;2105153;Igarapé do Meio;2.0;2.0;CENSO_ESCOLAR_2025;12;1;431.3;4;442.42;4;469.0;1;373.4;4;3;75.0;365.0;486.67;1.0;1.0;0.0;1.0;0.0;0.0;0.0;0.0;0.0;0.0;1.0;1.0;1.0;0.0;0.0;0.0;0.0;0.0;0.0;1.0;0.0;0.0;0.0;3.0;0.0;0.0;0.0;3.0;75.0;0.0;0.0;4;3.0;75.0;0.0;1.0;20.0;0.0;0.0
21196283;CENTRO DE ENSINO DR CLARINDO SANTIAGO;2111300;São Luís;2.0;1.0;CENSO_ESCOLAR_2025;67;61;463.76;62;475.12;62;505.16;61;447.44;62;56;90.32;585.81;648.57;1.0;1.0;1.0;1.0;1.0;1.0;0.0;0.0;0.0;0.0;1.0;0.0;1.0;1.0;0.0;2.0;2.0;1.0;0.0;1.0;0.0;0.0;0.0;7.0;7.0;0.0;1.0;4.0;100.0;1.0;20.0;4;3.0;75.0;4.0;2.0;40.0;100.0;0.0
21196297;CENTRO DE ENSINO CRUZEIRO DE SANTA BARBARA;2111300;São Luís;2.0;2.0;CENSO_ESCOLAR_2025;73;55;473.03;57;470.02;57;493.64;55;456.99;57;49;85.96;491.58;571.84;1.0;1.0;0.0;1.0;1.0;1.0;0.0;1.0;0.0;0.0;1.0;1.0;1.0;1.0;4.0;0.0;0.0;1.0;0.0;0.0;0.0;0.0;1.0;9.0;9.0;0.0;1.0;3.0;75.0;2.0;40.0;4;4.0;100.0;4.0;1.0;20.0;100.0;0.0
21197067;IFMA - CAMPUS BARREIRINHAS;2101707;Barreirinhas;1.0;2.0;CENSO_ESCOLAR_2025;151;136;489.04;138;479.16;138;505.51;136;469.25;138;131;94.93;577.54;608.4;1.0;1.0;0.0;1.0;1.0;1.0;1.0;1.0;1.0;0.0;1.0;1.0;1.0;1.0;31.0;0.0;0.0;1.0;1.0;1.0;1.0;0.0;0.0;10.0;10.0;10.0;1.0;3.0;75.0;4.0;80.0;4;4.0;100.0;31.0;4.0;80.0;100.0;100.0
21197105;IFMA - CAMPUS SAO RAIMUNDO DAS MANGABEIRAS;2111607;São Raimundo das Mangabeiras;1.0;2.0;CENSO_ESCOLAR_2025;66;59;468.82;60;461.59;60;492.53;59;492.88;60;60;100.0;611.0;611.0;1.0;1.0;1.0;1.0;1.0;1.0;1.0;1.0;1.0;1.0;1.0;1.0;1.0;1.0;100.0;0.0;0.0;1.0;1.0;1.0;1.0;0.0;0.0;10.0;10.0;10.0;1.0;4.0;100.0;5.0;100.0;4;4.0;100.0;100.0;4.0;80.0;100.0;100.0
21198152;CENTRO DE ENSINO DR JOAO LULA;2112209;Timon;2.0;1.0;CENSO_ESCOLAR_2025;187;134;443.99;138;452.21;138;470.11;134;429.08;138;116;84.06;445.51;530.0;1.0;1.0;0.0;1.0;1.0;1.0;0.0;0.0;1.0;0.0;1.0;0.0;1.0;1.0;1.0;1.0;0.0;1.0;1.0;1.0;0.0;0.0;0.0;21.0;21.0;21.0;1.0;3.0;75.0;2.0;40.0;4;3.0;75.0;2.0;3.0;60.0;100.0;100.0
21198199;CENTRO DE ENSINO SENADOR CLODOMIR MILLET;2112209;Timon;2.0;1.0;CENSO_ESCOLAR_2025;76;60;469.51;61;476.19;61;506.51;60;458.72;61;57;93.44;618.69;662.11;1.0;1.0;1.0;1.0;1.0;1.0;1.0;1.0;1.0;0.0;1.0;0.0;0.0;1.0;2.0;0.0;0.0;1.0;1.0;1.0;0.0;0.0;0.0;7.0;7.0;7.0;1.0;4.0;100.0;4.0;80.0;4;2.0;50.0;2.0;3.0;60.0;100.0;100.0
21198247;CENTRO DE ENSINO ALFREDO DUAILIBE;2108058;Paulino Neves;2.0;1.0;CENSO_ESCOLAR_2025;87;64;450.3;68;465.94;68;481.85;64;449.47;68;66;97.06;556.47;573.33;1.0;1.0;0.0;1.0;1.0;1.0;0.0;0.0;0.0;0.0;1.0;1.0;1.0;0.0;0.0;2.0;0.0;1.0;1.0;1.0;0.0;0.0;0.0;6.0;0.0;6.0;1.0;3.0;75.0;1.0;20.0;4;3.0;75.0;2.0;3.0;60.0;0.0;100.0
21198729;CENTRO DE ENSINO JOAO TEIXEIRA SOUSA;2105658;Junco do Maranhão;2.0;1.0;CENSO_ESCOLAR_2025;41;31;454.47;31;466.21;31;466.46;31;417.16;31;29;93.55;496.13;530.34;1.0;1.0;0.0;1.0;0.0;0.0;0.0;0.0;0.0;0.0;0.0;0.0;0.0;;0.0;0.0;0.0;0.0;0.0;0.0;0.0;0.0;1.0;5.0;5.0;0.0;0.0;3.0;75.0;0.0;0.0;3;0.0;0.0;0.0;0.0;0.0;100.0;0.0
21198934;CENTRO EDUCA MAIS JOSE FURTADO BEZERRA;2106755;Miranda do Norte;2.0;1.0;CENSO_ESCOLAR_2025;161;114;444.19;117;454.53;117;474.31;114;431.82;117;83;70.94;383.08;540.0;1.0;1.0;0.0;1.0;1.0;1.0;1.0;1.0;1.0;0.0;1.0;1.0;1.0;1.0;10.0;0.0;0.0;1.0;1.0;1.0;0.0;0.0;0.0;14.0;8.0;6.0;1.0;3.0;75.0;4.0;80.0;4;4.0;100.0;10.0;3.0;60.0;57.14;42.86
21199020;CENTRO EDUCA MAIS TANCREDO DE ALMEIDA NEVES;2109304;Presidente Vargas;2.0;1.0;CENSO_ESCOLAR_2025;95;62;433.35;65;457.21;65;459.65;62;420.66;65;55;84.62;499.38;590.18;0.0;1.0;0.0;1.0;1.0;1.0;0.0;1.0;0.0;0.0;1.0;1.0;1.0;1.0;10.0;2.0;0.0;1.0;1.0;1.0;0.0;0.0;0.0;9.0;9.0;9.0;1.0;2.0;50.0;2.0;40.0;4;4.0;100.0;12.0;3.0;60.0;100.0;100.0
21199108;IFMA - CAMPUS BARRA DO CORDA;2101608;Barra do Corda;1.0;1.0;CENSO_ESCOLAR_2025;133;125;502.22;128;515.67;128;527.97;125;538.41;128;120;93.75;698.44;745.0;1.0;1.0;0.0;1.0;1.0;1.0;1.0;1.0;1.0;1.0;1.0;1.0;1.0;1.0;85.0;7.0;0.0;1.0;1.0;1.0;1.0;0.0;0.0;15.0;15.0;15.0;1.0;3.0;75.0;5.0;100.0;4;4.0;100.0;92.0;4.0;80.0;100.0;100.0
21199302;IFMA - CAMPUS PINHEIRO;2108603;Pinheiro;1.0;1.0;CENSO_ESCOLAR_2025;173;165;487.76;166;502.32;166;518.85;165;473.66;166;162;97.59;682.89;699.75;1.0;1.0;0.0;1.0;1.0;1.0;1.0;1.0;1.0;1.0;1.0;1.0;1.0;1.0;61.0;0.0;0.0;1.0;1.0;1.0;0.0;0.0;0.0;10.0;10.0;10.0;1.0;3.0;75.0;5.0;100.0;4;4.0;100.0;61.0;3.0;60.0;100.0;100.0
21199310;IFMA - CAMPUS CAXIAS;2103000;Caxias;1.0;2.0;CENSO_ESCOLAR_2025;138;133;503.97;134;512.14;134;534.11;133;528.78;134;127;94.78;648.96;684.72;1.0;1.0;0.0;1.0;1.0;1.0;1.0;1.0;1.0;1.0;1.0;1.0;1.0;1.0;80.0;3.0;11.0;1.0;1.0;1.0;1.0;0.0;0.0;15.0;15.0;15.0;1.0;3.0;75.0;5.0;100.0;4;4.0;100.0;94.0;4.0;80.0;100.0;100.0
21199365;CENTRO DE ENSINO FORTUNATO MOREIRA NETO;2109007;Porto Franco;2.0;1.0;CENSO_ESCOLAR_2025;197;150;460.3;157;470.91;157;486.33;150;461.37;157;151;96.18;544.08;565.7;1.0;1.0;0.0;1.0;1.0;1.0;1.0;0.0;1.0;0.0;1.0;0.0;1.0;1.0;0.0;3.0;0.0;0.0;1.0;1.0;0.0;0.0;0.0;9.0;2.0;9.0;1.0;3.0;75.0;3.0;60.0;4;3.0;75.0;3.0;2.0;40.0;22.22;100.0
21199383;CENTRO EDUCA MAIS PROFESSORA MARIA PINHEIRO DE SOUSA;2110856;São Francisco do Brejão;2.0;1.0;CENSO_ESCOLAR_2025;43;31;471.47;33;469.33;33;493.46;31;461.92;33;26;78.79;459.39;583.08;1.0;1.0;0.0;1.0;1.0;1.0;0.0;0.0;0.0;0.0;1.0;0.0;0.0;0.0;0.0;2.0;0.0;1.0;0.0;1.0;0.0;0.0;0.0;6.0;6.0;6.0;1.0;3.0;75.0;1.0;20.0;4;1.0;25.0;2.0;2.0;40.0;100.0;100.0
21199393;CENTRO DE ENSINO HENRIQUE DE LA ROQUE;2111532;São Pedro da Água Branca;2.0;1.0;CENSO_ESCOLAR_2025;92;56;436.68;60;459.97;60;473.02;56;448.66;60;53;88.33;465.33;526.79;1.0;1.0;0.0;1.0;1.0;1.0;0.0;0.0;0.0;0.0;1.0;0.0;1.0;1.0;0.0;0.0;0.0;1.0;0.0;0.0;0.0;0.0;0.0;6.0;6.0;6.0;1.0;3.0;75.0;1.0;20.0;4;3.0;75.0;0.0;1.0;20.0;100.0;100.0
21199407;CENTRO DE ENSINO DE EDUCACAO DE JOVENS E ADULTOS II;2105302;Imperatriz;2.0;1.0;CENSO_ESCOLAR_2025;20;13;488.91;13;478.55;13;483.25;13;445.69;13;10;76.92;370.77;482.0;1.0;1.0;1.0;1.0;1.0;1.0;0.0;0.0;0.0;0.0;1.0;1.0;1.0;1.0;2.0;0.0;0.0;1.0;0.0;1.0;0.0;0.0;0.0;7.0;0.0;7.0;1.0;4.0;100.0;1.0;20.0;4;4.0;100.0;2.0;2.0;40.0;0.0;100.0
21199582;IFMA - CAMPUS SAO LUIS MONTE CASTELO;2111300;São Luís;1.0;1.0;CENSO_ESCOLAR_2025;335;315;529.32;317;544.11;317;561.03;315;592.29;317;308;97.16;701.39;721.88;1.0;1.0;1.0;1.0;1.0;1.0;1.0;1.0;1.0;1.0;1.0;1.0;1.0;1.0;168.0;0.0;0.0;1.0;1.0;1.0;0.0;0.0;0.0;53.0;53.0;53.0;1.0;4.0;100.0;5.0;100.0;4;4.0;100.0;168.0;3.0;60.0;100.0;100.0
21205183;CENTRO DE ENSINO ANTONIO SIRLEY DE ARRUDA LIMA;2104099;Formosa da Serra Negra;2.0;1.0;CENSO_ESCOLAR_2025;140;121;453.43;124;458.89;124;463.56;121;436.75;124;111;89.52;550.48;614.95;1.0;1.0;0.0;1.0;1.0;1.0;1.0;0.0;1.0;0.0;1.0;1.0;0.0;1.0;2.0;3.0;0.0;1.0;1.0;1.0;0.0;0.0;0.0;9.0;7.0;9.0;1.0;3.0;75.0;3.0;60.0;4;3.0;75.0;5.0;3.0;60.0;77.78;100.0
21206341;IFMA - CAMPUS CODO;2103307;Codó;1.0;2.0;CENSO_ESCOLAR_2025;128;118;494.61;119;508.26;119;532.34;118;498.92;119;117;98.32;645.38;656.41;1.0;1.0;0.0;1.0;1.0;1.0;1.0;1.0;1.0;1.0;1.0;1.0;1.0;1.0;44.0;0.0;0.0;1.0;1.0;1.0;1.0;0.0;0.0;24.0;24.0;0.0;1.0;3.0;75.0;5.0;100.0;4;4.0;100.0;44.0;4.0;80.0;100.0;0.0
21207895;COLEGIO MILITAR TIRADENTES V -TIMON;2112209;Timon;2.0;1.0;CENSO_ESCOLAR_2025;169;167;543.86;167;559.31;167;566.58;167;604.87;167;167;100.0;771.26;771.26;1.0;1.0;0.0;1.0;1.0;1.0;0.0;1.0;1.0;1.0;1.0;0.0;1.0;1.0;2.0;4.0;0.0;1.0;1.0;1.0;0.0;0.0;0.0;9.0;9.0;0.0;1.0;3.0;75.0;4.0;80.0;4;3.0;75.0;6.0;3.0;60.0;100.0;0.0
21209669;CENTRO DE ENSINO DIOLINDO DE PAULA RIBEIRO;2107258;Nova Colinas;2.0;1.0;CENSO_ESCOLAR_2025;65;50;443.79;52;456.44;52;463.38;50;460.0;52;47;90.38;502.31;555.74;1.0;1.0;0.0;1.0;1.0;1.0;1.0;1.0;1.0;0.0;1.0;1.0;1.0;1.0;1.0;3.0;0.0;1.0;0.0;1.0;0.0;0.0;0.0;6.0;6.0;6.0;1.0;3.0;75.0;4.0;80.0;4;4.0;100.0;4.0;2.0;40.0;100.0;100.0
21213593;CENTRO EDUCA MAIS PROFESSOR IGNACIO RANGEL;2111300;São Luís;2.0;1.0;CENSO_ESCOLAR_2025;27;20;465.32;21;485.12;21;507.25;20;444.83;21;18;85.71;495.24;577.78;1.0;1.0;0.0;1.0;1.0;1.0;1.0;0.0;1.0;1.0;1.0;1.0;1.0;1.0;0.0;2.0;0.0;1.0;0.0;1.0;0.0;0.0;0.0;6.0;6.0;6.0;1.0;3.0;75.0;4.0;80.0;4;4.0;100.0;2.0;2.0;40.0;100.0;100.0
21213640;CENTRO EDUCA MAIS DORILENE SILVA CASTRO;2111300;São Luís;2.0;1.0;CENSO_ESCOLAR_2025;78;50;438.96;54;467.43;54;479.71;50;430.33;54;46;85.19;464.07;544.78;1.0;1.0;1.0;1.0;1.0;1.0;1.0;1.0;1.0;0.0;1.0;1.0;0.0;1.0;18.0;2.0;0.0;1.0;1.0;1.0;1.0;0.0;0.0;10.0;10.0;10.0;1.0;4.0;100.0;4.0;80.0;4;3.0;75.0;20.0;4.0;80.0;100.0;100.0
21219460;CENTRO DE ENSINO DE EDUCACAO DE JOVENS E ADULTOS;2111300;São Luís;2.0;1.0;CENSO_ESCOLAR_2025;28;17;488.27;18;500.21;18;521.53;17;381.53;18;16;88.89;437.78;492.5;1.0;1.0;1.0;1.0;1.0;1.0;0.0;0.0;0.0;0.0;1.0;0.0;0.0;1.0;0.0;0.0;0.0;0.0;0.0;0.0;0.0;0.0;1.0;6.0;0.0;0.0;1.0;4.0;100.0;1.0;20.0;4;2.0;50.0;0.0;0.0;0.0;0.0;0.0
21219478;CENTRO EDUCA MAIS PROFESSORA MARIA CASIMIRO SOARES;2101202;Bacabal;2.0;1.0;CENSO_ESCOLAR_2025;212;152;447.39;157;457.58;157;478.13;152;437.27;157;130;82.8;478.22;577.54;1.0;1.0;1.0;1.0;1.0;1.0;1.0;1.0;0.0;1.0;1.0;1.0;1.0;1.0;0.0;1.0;1.0;1.0;1.0;0.0;0.0;0.0;0.0;10.0;10.0;10.0;1.0;4.0;100.0;4.0;80.0;4;4.0;100.0;2.0;2.0;40.0;100.0;100.0
21219516;INSTITUTO ESTADUAL DE EDUCACAO CIENCIA E TECONOLOGIA DO MARANHAO - IEMA PLENO ACAILANDIA;2100055;Açailândia;2.0;1.0;CENSO_ESCOLAR_2025;89;68;475.42;70;487.37;70;506.04;68;465.84;70;65;92.86;579.71;624.31;1.0;1.0;0.0;1.0;1.0;1.0;1.0;1.0;1.0;1.0;1.0;1.0;1.0;1.0;14.0;3.0;0.0;1.0;1.0;1.0;1.0;0.0;0.0;12.0;12.0;12.0;1.0;3.0;75.0;5.0;100.0;4;4.0;100.0;17.0;4.0;80.0;100.0;100.0
21221111;CENTRO EDUCA MAIS DESEMBARGADOR EMESIO ARAUJO;2101731;Belágua;2.0;1.0;CENSO_ESCOLAR_2025;89;56;446.93;59;439.73;59;462.05;56;420.6;59;56;94.92;589.83;621.43;1.0;1.0;0.0;1.0;1.0;1.0;0.0;1.0;0.0;0.0;1.0;0.0;0.0;0.0;18.0;0.0;0.0;0.0;0.0;1.0;0.0;0.0;0.0;6.0;6.0;0.0;1.0;3.0;75.0;2.0;40.0;4;1.0;25.0;18.0;1.0;20.0;100.0;0.0
21225630;CENTRO DE ENSINO VINICIUS DE MORAES;2111300;São Luís;2.0;1.0;CENSO_ESCOLAR_2025;68;55;451.39;58;457.4;58;486.05;55;438.34;58;50;86.21;470.69;546.0;1.0;1.0;0.0;1.0;1.0;1.0;0.0;1.0;1.0;1.0;1.0;0.0;1.0;1.0;1.0;2.0;0.0;0.0;0.0;1.0;0.0;0.0;0.0;11.0;11.0;0.0;1.0;3.0;75.0;4.0;80.0;4;3.0;75.0;3.0;1.0;20.0;100.0;0.0
21225672;CENTRO DE ENSINO FERNANDO PERDIGAO;2111300;São Luís;2.0;1.0;CENSO_ESCOLAR_2025;57;50;441.69;51;442.33;51;485.74;50;435.26;51;46;90.2;523.14;580.0;1.0;1.0;1.0;1.0;1.0;1.0;1.0;1.0;0.0;1.0;1.0;1.0;1.0;1.0;5.0;3.0;0.0;0.0;0.0;0.0;0.0;0.0;1.0;13.0;13.0;0.0;1.0;4.0;100.0;4.0;80.0;4;4.0;100.0;8.0;0.0;0.0;100.0;0.0
21228302;CENTRO DE ENSINO DARCY RIBEIRO;2100055;Açailândia;2.0;2.0;CENSO_ESCOLAR_2025;49;25;442.51;28;446.57;28;469.58;25;439.98;28;23;82.14;402.86;490.43;1.0;1.0;0.0;1.0;1.0;1.0;0.0;0.0;0.0;1.0;1.0;1.0;1.0;1.0;3.0;2.0;0.0;1.0;0.0;1.0;0.0;0.0;0.0;12.0;12.0;12.0;1.0;3.0;75.0;2.0;40.0;4;4.0;100.0;5.0;2.0;40.0;100.0;100.0
21228353;CENTRO EDUCA MAIS DAYSE GALVAO DE SOUSA;2111300;São Luís;2.0;1.0;CENSO_ESCOLAR_2025;96;88;476.67;92;481.88;92;512.51;88;459.0;92;83;90.22;538.48;596.87;1.0;1.0;0.0;1.0;1.0;1.0;1.0;1.0;1.0;0.0;1.0;1.0;1.0;1.0;20.0;2.0;0.0;1.0;1.0;1.0;1.0;0.0;0.0;18.0;18.0;18.0;1.0;3.0;75.0;4.0;80.0;4;4.0;100.0;22.0;4.0;80.0;100.0;100.0
21231559;CENTRO EDUCA MAIS JOSUE MONTELLO;2112852;Vila Nova dos Martírios;2.0;1.0;CENSO_ESCOLAR_2025;89;58;460.41;60;467.27;60;482.94;58;427.3;60;52;86.67;468.0;540.0;1.0;1.0;0.0;1.0;1.0;1.0;1.0;1.0;1.0;0.0;1.0;0.0;1.0;1.0;10.0;4.0;0.0;1.0;0.0;1.0;0.0;0.0;0.0;6.0;6.0;6.0;1.0;3.0;75.0;4.0;80.0;4;3.0;75.0;14.0;2.0;40.0;100.0;100.0
21234400;CENTRO EDUCA MAIS PADRE FABIO BERTAGNOLLI;2101400;Balsas;2.0;1.0;CENSO_ESCOLAR_2025;90;67;447.04;70;467.5;70;490.3;67;447.45;70;63;90.0;569.14;632.38;1.0;1.0;0.0;1.0;1.0;1.0;0.0;0.0;1.0;0.0;1.0;1.0;1.0;1.0;6.0;0.0;0.0;1.0;1.0;0.0;0.0;0.0;0.0;14.0;14.0;14.0;1.0;3.0;75.0;2.0;40.0;4;4.0;100.0;6.0;2.0;40.0;100.0;100.0
21240744;CENTRO DE ENSINO PROFESSORA MARIA HELENA ROCHA;2111300;São Luís;2.0;2.0;CENSO_ESCOLAR_2025;20;11;448.35;13;431.15;13;485.95;11;442.72;13;12;92.31;461.54;500.0;1.0;1.0;0.0;1.0;1.0;1.0;0.0;0.0;0.0;0.0;1.0;0.0;0.0;0.0;1.0;0.0;0.0;0.0;0.0;1.0;0.0;0.0;0.0;4.0;4.0;0.0;1.0;3.0;75.0;1.0;20.0;4;1.0;25.0;1.0;1.0;20.0;100.0;0.0
21241228;CENTRO EDUCA MAIS MARIA DE JESUS GOMES PADILHA;2102408;Cajapió;2.0;2.0;CENSO_ESCOLAR_2025;36;34;408.3;33;432.08;33;440.7;34;396.22;33;28;84.85;407.88;480.71;1.0;1.0;0.0;0.0;1.0;1.0;0.0;0.0;1.0;0.0;1.0;0.0;0.0;1.0;1.0;0.0;0.0;0.0;0.0;1.0;0.0;0.0;0.0;7.0;0.0;0.0;1.0;2.0;50.0;2.0;40.0;4;2.0;50.0;1.0;1.0;20.0;0.0;0.0
21241309;CENTRO DE ENSINO NEUSA DE CARVALHO BASTOS - ANEXO I - SAO JOAO DOS CRENTES;2109908;Santa Inês;2.0;2.0;CENSO_ESCOLAR_2025;38;26;465.33;27;465.54;27;480.2;26;486.76;27;25;92.59;548.15;592.0;1.0;1.0;0.0;0.0;1.0;1.0;0.0;0.0;1.0;0.0;1.0;0.0;0.0;1.0;0.0;0.0;0.0;0.0;0.0;0.0;0.0;0.0;1.0;11.0;3.0;0.0;1.0;2.0;50.0;2.0;40.0;4;2.0;50.0;0.0;0.0;0.0;27.27;0.0
21241430;CENTRO DE ENSINO QUINCIO PINTO MUNIZ - ANEXO I - GAMELEIRA;2102507;Cajari;2.0;2.0;CENSO_ESCOLAR_2025;22;5;396.58;8;403.22;8;398.91;5;383.1;8;4;50.0;225.0;450.0;1.0;1.0;0.0;0.0;0.0;0.0;0.0;0.0;0.0;1.0;0.0;0.0;0.0;;0.0;0.0;0.0;0.0;0.0;0.0;0.0;0.0;1.0;6.0;6.0;0.0;0.0;2.0;50.0;1.0;20.0;3;0.0;0.0;0.0;0.0;0.0;100.0;0.0
21241996;CENTRO DE ENSINO DEPUTADO ALEXANDRE COSTA;2106672;Milagres do Maranhão;2.0;1.0;CENSO_ESCOLAR_2025;38;27;410.31;29;416.42;29;420.88;27;408.76;29;16;55.17;270.34;490.0;1.0;1.0;1.0;1.0;0.0;0.0;0.0;0.0;0.0;0.0;1.0;0.0;1.0;1.0;1.0;1.0;0.0;1.0;1.0;1.0;1.0;0.0;0.0;9.0;1.0;0.0;0.0;4.0;100.0;0.0;0.0;4;3.0;75.0;2.0;4.0;80.0;11.11;0.0
21242062;CENTRO DE ENSINO RUI BARBOSA - ANEXO I - FRANCO MARINHO;2102150;Brejo de Areia;2.0;1.0;CENSO_ESCOLAR_2025;23;18;458.76;17;432.83;17;473.89;18;440.72;17;14;82.35;518.82;630.0;1.0;1.0;0.0;0.0;0.0;0.0;0.0;0.0;0.0;0.0;0.0;0.0;0.0;;0.0;0.0;0.0;0.0;0.0;1.0;0.0;0.0;0.0;11.0;0.0;8.0;0.0;2.0;50.0;0.0;0.0;3;0.0;0.0;0.0;1.0;20.0;0.0;72.73
21242151;CENTRO DE ENSINO PROFESSOR NEWTON NEVES - ANEXO II - ENTRONCAMENTO;2105401;Itapecuru Mirim;2.0;2.0;CENSO_ESCOLAR_2025;31;18;445.45;22;451.21;22;446.25;18;396.49;22;16;72.73;339.09;466.25;1.0;1.0;0.0;1.0;1.0;1.0;0.0;0.0;1.0;1.0;1.0;1.0;0.0;1.0;1.0;1.0;0.0;1.0;1.0;1.0;0.0;0.0;0.0;6.0;1.0;1.0;1.0;3.0;75.0;3.0;60.0;4;3.0;75.0;2.0;3.0;60.0;16.67;16.67
21242275;CENTRO DE ENSINO DELFINO AGUIAR DE AZEVEDO - ANEXO I - VAO DO MARCO;2111052;São João do Paraíso;2.0;2.0;CENSO_ESCOLAR_2025;18;16;425.98;16;432.71;16;461.34;16;402.75;16;12;75.0;396.25;528.33;1.0;1.0;0.0;1.0;0.0;0.0;0.0;0.0;0.0;0.0;1.0;1.0;1.0;1.0;0.0;1.0;0.0;0.0;0.0;0.0;0.0;0.0;1.0;7.0;0.0;0.0;0.0;3.0;75.0;0.0;0.0;4;4.0;100.0;1.0;0.0;0.0;0.0;0.0
21242330;CENTRO DE ENSINO RUI BARBOSA - ANEXO III - CESAR BANDEIRA;2106359;Marajá do Sena;2.0;1.0;CENSO_ESCOLAR_2025;21;15;448.31;15;439.78;15;475.73;15;455.61;15;14;93.33;424.0;454.29;1.0;1.0;0.0;1.0;0.0;0.0;0.0;0.0;0.0;0.0;0.0;0.0;0.0;;0.0;0.0;0.0;1.0;0.0;1.0;0.0;0.0;0.0;6.0;0.0;0.0;0.0;3.0;75.0;0.0;0.0;3;0.0;0.0;0.0;2.0;40.0;0.0;0.0
21242615;CENTRO DE ENSINO PROFESSOR NEWTON NEVES - ANEXO III - LEITE;2105401;Itapecuru Mirim;2.0;2.0;CENSO_ESCOLAR_2025;38;11;455.35;12;426.77;12;443.21;11;437.97;12;8;66.67;365.0;547.5;1.0;1.0;0.0;1.0;0.0;0.0;0.0;0.0;1.0;0.0;1.0;0.0;0.0;1.0;1.0;1.0;0.0;1.0;1.0;1.0;1.0;0.0;0.0;9.0;0.0;0.0;0.0;3.0;75.0;1.0;20.0;4;2.0;50.0;2.0;4.0;80.0;0.0;0.0
21242925;CENTRO DE ENSINO PROFESSORA MARIETA SA;2111953;Sucupira do Riachão;2.0;1.0;CENSO_ESCOLAR_2025;56;48;444.1;48;446.25;48;482.43;48;440.2;48;41;85.42;463.33;542.44;1.0;1.0;0.0;0.0;1.0;1.0;0.0;1.0;0.0;0.0;1.0;0.0;1.0;0.0;1.0;3.0;0.0;1.0;0.0;0.0;0.0;0.0;0.0;7.0;0.0;0.0;1.0;2.0;50.0;2.0;40.0;4;2.0;50.0;4.0;1.0;20.0;0.0;0.0
21242941;CENTRO EDUCA MAIS FREI JOAO RODRIGUES MOREIRA;2105963;Lagoa Grande do Maranhão;2.0;1.0;CENSO_ESCOLAR_2025;109;66;439.15;72;451.45;72;467.14;66;425.13;72;61;84.72;440.28;519.67;1.0;1.0;0.0;1.0;1.0;1.0;0.0;0.0;0.0;0.0;1.0;0.0;1.0;1.0;0.0;0.0;0.0;1.0;0.0;1.0;1.0;0.0;0.0;6.0;6.0;6.0;1.0;3.0;75.0;1.0;20.0;4;3.0;75.0;0.0;3.0;60.0;100.0;100.0
21242968;CENTRO DE ENSINO PROFESSORA GRACILDE LIMA;2111672;São Roberto;2.0;1.0;CENSO_ESCOLAR_2025;62;44;447.12;45;458.94;45;464.38;44;434.65;45;41;91.11;488.89;536.59;1.0;1.0;0.0;1.0;0.0;1.0;0.0;1.0;0.0;0.0;1.0;1.0;1.0;1.0;1.0;0.0;0.0;1.0;0.0;1.0;0.0;0.0;0.0;6.0;4.0;6.0;1.0;3.0;75.0;2.0;40.0;4;4.0;100.0;1.0;2.0;40.0;66.67;100.0
21243000;CENTRO DE ENSINO GOVERNADOR JACKSON LAGO;2111631;São Raimundo do Doca Bezerra;2.0;1.0;CENSO_ESCOLAR_2025;45;31;464.15;30;476.57;30;487.76;31;440.17;30;19;63.33;378.0;596.84;1.0;1.0;0.0;1.0;1.0;1.0;0.0;0.0;0.0;0.0;1.0;1.0;1.0;1.0;1.0;1.0;0.0;0.0;0.0;1.0;0.0;0.0;0.0;6.0;2.0;0.0;1.0;3.0;75.0;1.0;20.0;4;4.0;100.0;2.0;1.0;20.0;33.33;0.0
21243280;CENTRO EDUCA MAIS MONSENHOR LUIS ALVES MADUREIRA;2101251;Bacabeira;2.0;2.0;CENSO_ESCOLAR_2025;27;11;417.88;11;427.39;11;421.77;11;396.75;11;6;54.55;250.91;460.0;1.0;1.0;0.0;1.0;0.0;1.0;1.0;1.0;1.0;1.0;1.0;0.0;1.0;0.0;10.0;0.0;0.0;1.0;1.0;1.0;0.0;0.0;0.0;6.0;6.0;0.0;1.0;3.0;75.0;5.0;100.0;4;2.0;50.0;10.0;3.0;60.0;100.0;0.0
21243344;CENTRO DE ENSINO DR JACKSON LAGO;2109270;Presidente Sarney;2.0;1.0;CENSO_ESCOLAR_2025;117;72;443.38;75;456.35;75;470.21;72;426.45;75;67;89.33;466.67;522.39;0.0;1.0;0.0;1.0;1.0;1.0;0.0;0.0;0.0;0.0;1.0;0.0;0.0;1.0;0.0;0.0;0.0;1.0;0.0;1.0;0.0;0.0;0.0;10.0;6.0;6.0;1.0;2.0;50.0;1.0;20.0;4;2.0;50.0;0.0;2.0;40.0;60.0;60.0
21243409;CENTRO DE ENSINO LUCILIA MOREIRA;2108603;Pinheiro;2.0;2.0;CENSO_ESCOLAR_2025;90;64;433.5;69;423.43;69;458.6;64;413.04;69;63;91.3;442.32;484.44;1.0;1.0;0.0;1.0;1.0;1.0;0.0;0.0;0.0;0.0;1.0;1.0;1.0;1.0;0.0;8.0;0.0;1.0;0.0;1.0;0.0;0.0;0.0;8.0;8.0;0.0;1.0;3.0;75.0;1.0;20.0;4;4.0;100.0;8.0;2.0;40.0;100.0;0.0
21243875;CENTRO DE ENSINO NICOLAU DINO - ANEXO II - ALTO BRASIL;2104800;Grajaú;2.0;2.0;CENSO_ESCOLAR_2025;30;16;423.31;17;418.69;17;456.42;16;421.14;17;13;76.47;395.29;516.92;1.0;1.0;0.0;1.0;0.0;0.0;0.0;0.0;1.0;0.0;1.0;0.0;0.0;0.0;0.0;0.0;0.0;0.0;0.0;0.0;0.0;0.0;1.0;8.0;8.0;0.0;0.0;3.0;75.0;1.0;20.0;4;1.0;25.0;0.0;0.0;0.0;100.0;0.0
21243883;CENTRO DE ENSINO PROFESSORA MARIA ANITA OLIVEIRA NEPOMUCENO;2105476;Jenipapo dos Vieiras;2.0;1.0;CENSO_ESCOLAR_2025;19;15;477.07;16;477.69;16;498.33;15;477.35;16;13;81.25;438.75;540.0;1.0;1.0;0.0;1.0;0.0;0.0;0.0;0.0;0.0;0.0;1.0;0.0;0.0;0.0;0.0;0.0;0.0;1.0;0.0;1.0;0.0;0.0;0.0;6.0;0.0;0.0;0.0;3.0;75.0;0.0;0.0;4;1.0;25.0;0.0;2.0;40.0;0.0;0.0
21246920;CENTRO DE ENSINO MANOEL DE NAZARETH DOS SANTOS;2103554;Conceição do Lago-Açu;2.0;1.0;CENSO_ESCOLAR_2025;89;68;446.96;70;473.82;70;486.37;68;440.62;70;57;81.43;432.29;530.88;1.0;1.0;1.0;1.0;1.0;1.0;0.0;1.0;0.0;0.0;1.0;1.0;1.0;1.0;2.0;1.0;0.0;1.0;0.0;0.0;0.0;0.0;0.0;21.0;12.0;6.0;1.0;4.0;100.0;2.0;40.0;4;4.0;100.0;3.0;1.0;20.0;57.14;28.57
21247072;CENTRO DE ENSINO DEPUTADO LUIS ROCHA - ANEXO I - QUEIMADAS;2109809;Santa Helena;2.0;2.0;CENSO_ESCOLAR_2025;11;2;390.5;2;461.3;2;462.9;2;418.1;2;2;100.0;530.0;530.0;1.0;1.0;0.0;1.0;0.0;0.0;0.0;0.0;0.0;0.0;1.0;0.0;1.0;1.0;1.0;1.0;0.0;0.0;0.0;0.0;0.0;0.0;1.0;4.0;4.0;0.0;0.0;3.0;75.0;0.0;0.0;4;3.0;75.0;2.0;0.0;0.0;100.0;0.0
21247110;CENTRO DE ENSINO PROFESSOR JOSE CARLOS QUADROS;2112456;Turilândia;2.0;1.0;CENSO_ESCOLAR_2025;116;58;453.4;66;460.51;66;474.11;58;435.13;66;55;83.33;475.76;570.91;1.0;1.0;0.0;1.0;1.0;1.0;0.0;1.0;0.0;0.0;1.0;1.0;1.0;0.0;2.0;0.0;0.0;1.0;0.0;0.0;0.0;0.0;0.0;26.0;8.0;0.0;1.0;3.0;75.0;2.0;40.0;4;3.0;75.0;2.0;1.0;20.0;30.77;0.0
21247242;CENTRO DE ENSINO TEREZINHA DE JESUS SILVA BORGES;2108256;Pedro do Rosário;2.0;1.0;CENSO_ESCOLAR_2025;169;95;420.76;105;413.45;105;435.07;95;399.56;105;75;71.43;327.05;457.87;1.0;1.0;0.0;1.0;0.0;1.0;0.0;0.0;0.0;0.0;1.0;0.0;0.0;1.0;4.0;0.0;0.0;1.0;1.0;0.0;0.0;0.0;1.0;8.0;8.0;0.0;1.0;3.0;75.0;1.0;20.0;4;2.0;50.0;4.0;2.0;40.0;100.0;0.0
21247935;CENTRO DE ENSINO PROFESSORA JUANETE MARTINS LICAR;2110203;Santa Rita;2.0;2.0;CENSO_ESCOLAR_2025;38;25;436.36;26;447.37;26;454.1;25;438.34;26;24;92.31;477.69;517.5;1.0;1.0;0.0;1.0;1.0;1.0;0.0;0.0;0.0;0.0;1.0;0.0;0.0;1.0;1.0;0.0;0.0;1.0;1.0;0.0;0.0;0.0;0.0;7.0;7.0;0.0;1.0;3.0;75.0;1.0;20.0;4;2.0;50.0;1.0;2.0;40.0;100.0;0.0
21248281;CENTRO DE ENSINO PRINCESA ISABEL - ANEXO I - ZE DOCA;2100873;Araguanã;2.0;1.0;CENSO_ESCOLAR_2025;65;53;426.63;54;443.03;54;459.09;53;413.21;54;43;79.63;433.7;544.65;1.0;1.0;0.0;1.0;1.0;1.0;0.0;0.0;0.0;0.0;1.0;0.0;0.0;0.0;0.0;1.0;0.0;1.0;0.0;1.0;1.0;0.0;0.0;6.0;6.0;6.0;1.0;3.0;75.0;1.0;20.0;4;1.0;25.0;1.0;3.0;60.0;100.0;100.0
21248303;CENTRO DE ENSINO ANTONIO LAERCIO ALVES FERNANDES DOS REIS - BOA VISTA DO GURUPI;2101970;Boa Vista do Gurupi;2.0;1.0;CENSO_ESCOLAR_2025;80;58;446.96;58;464.79;58;472.71;58;440.85;58;50;86.21;457.59;530.8;1.0;1.0;0.0;1.0;1.0;1.0;0.0;0.0;1.0;0.0;1.0;1.0;1.0;1.0;0.0;2.0;0.0;1.0;0.0;1.0;1.0;0.0;0.0;6.0;6.0;6.0;1.0;3.0;75.0;2.0;40.0;4;4.0;100.0;2.0;3.0;60.0;100.0;100.0
21248311;CENTRO EDUCA MAIS PROFESSOR EDSON PEREIRA DA SILVA;2103158;Centro do Guilherme;2.0;1.0;CENSO_ESCOLAR_2025;117;44;454.0;49;451.44;49;481.37;44;459.78;49;45;91.84;527.35;574.22;1.0;1.0;0.0;1.0;1.0;1.0;1.0;0.0;0.0;0.0;1.0;1.0;1.0;1.0;0.0;1.0;0.0;1.0;0.0;0.0;0.0;0.0;0.0;10.0;10.0;10.0;1.0;3.0;75.0;2.0;40.0;4;4.0;100.0;1.0;1.0;20.0;100.0;100.0
21248338;CENTRO DE ENSINO MARINALVA MORAIS FRAZAO;2103174;Centro Novo do Maranhão;2.0;1.0;CENSO_ESCOLAR_2025;81;61;450.95;60;460.35;60;467.38;61;435.8;60;47;78.33;428.67;547.23;1.0;1.0;0.0;1.0;1.0;1.0;0.0;1.0;0.0;0.0;1.0;1.0;0.0;1.0;3.0;1.0;0.0;1.0;0.0;0.0;0.0;0.0;1.0;9.0;7.0;0.0;1.0;3.0;75.0;2.0;40.0;4;3.0;75.0;4.0;1.0;20.0;77.78;0.0
21248354;CENTRO DE ENSINO JOAO TEIXEIRA SOUSA - ANEXO II - 21 DE ABRIL;2100550;Amapá do Maranhão;2.0;1.0;CENSO_ESCOLAR_2025;64;54;445.85;54;443.69;54;474.33;54;426.7;54;51;94.44;523.7;554.51;1.0;1.0;0.0;1.0;1.0;1.0;0.0;0.0;0.0;0.0;1.0;0.0;0.0;0.0;0.0;0.0;0.0;0.0;0.0;0.0;0.0;0.0;1.0;6.0;0.0;0.0;1.0;3.0;75.0;1.0;20.0;4;1.0;25.0;0.0;0.0;0.0;0.0;0.0
21248370;CENTRO DE ENSINO ELIAS DAS CHAGAS BITENCOURT;2106375;Maranhãozinho;2.0;1.0;CENSO_ESCOLAR_2025;58;41;470.14;41;459.96;41;476.15;41;445.39;41;36;87.8;601.46;685.0;1.0;1.0;0.0;1.0;1.0;1.0;0.0;0.0;0.0;0.0;1.0;0.0;0.0;1.0;1.0;0.0;0.0;1.0;0.0;1.0;0.0;0.0;0.0;14.0;12.0;1.0;1.0;3.0;75.0;1.0;20.0;4;2.0;50.0;1.0;2.0;40.0;85.71;7.14
21248451;CENTRO DE ENSINO LARA RIBAS;2111300;São Luís;2.0;1.0;CENSO_ESCOLAR_2025;78;61;442.82;60;442.98;60;472.98;61;413.55;60;48;80.0;393.33;491.67;1.0;1.0;1.0;1.0;1.0;1.0;1.0;0.0;1.0;1.0;1.0;1.0;0.0;1.0;10.0;3.0;0.0;1.0;1.0;1.0;1.0;0.0;0.0;10.0;7.0;8.0;1.0;4.0;100.0;4.0;80.0;4;3.0;75.0;13.0;4.0;80.0;70.0;80.0
21248559;IFMA - CAMPUS SAO JOAO DOS PATOS;2111102;São João dos Patos;1.0;1.0;CENSO_ESCOLAR_2025;103;95;499.34;95;512.61;95;528.49;95;504.74;95;92;96.84;641.68;662.61;1.0;1.0;0.0;1.0;1.0;1.0;1.0;1.0;1.0;1.0;1.0;1.0;1.0;1.0;147.0;0.0;0.0;1.0;1.0;1.0;1.0;0.0;0.0;10.0;10.0;10.0;1.0;3.0;75.0;5.0;100.0;4;4.0;100.0;147.0;4.0;80.0;100.0;100.0
21249016;CENTRO EDUCA MAIS SAO JOSE DE RIBAMAR;2111201;São José de Ribamar;2.0;1.0;CENSO_ESCOLAR_2025;133;104;445.33;106;446.65;106;470.91;104;418.6;106;90;84.91;440.75;519.11;1.0;1.0;0.0;1.0;1.0;1.0;1.0;1.0;0.0;0.0;1.0;1.0;1.0;1.0;5.0;0.0;0.0;1.0;0.0;1.0;0.0;0.0;0.0;12.0;12.0;12.0;1.0;3.0;75.0;3.0;60.0;4;4.0;100.0;5.0;2.0;40.0;100.0;100.0
21250308;CENTRO DE ENSINO LUIZ SABRY AZAR;2102036;Bom Jesus das Selvas;2.0;1.0;CENSO_ESCOLAR_2025;175;121;439.79;129;434.33;129;467.0;121;412.06;129;104;80.62;400.0;496.15;1.0;1.0;0.0;1.0;0.0;0.0;0.0;0.0;1.0;0.0;1.0;1.0;1.0;1.0;0.0;0.0;0.0;1.0;0.0;1.0;0.0;0.0;0.0;14.0;8.0;8.0;0.0;3.0;75.0;1.0;20.0;4;4.0;100.0;0.0;2.0;40.0;57.14;57.14
21250529;CENTRO DE ENSINO PROFESSORA MARCELINA NOIA ALVES;2100477;Alto Alegre do Pindaré;2.0;1.0;CENSO_ESCOLAR_2025;57;39;462.02;45;443.69;45;460.03;39;467.93;45;40;88.89;518.22;583.0;1.0;1.0;0.0;1.0;1.0;1.0;0.0;0.0;0.0;0.0;1.0;0.0;0.0;1.0;1.0;2.0;0.0;1.0;1.0;1.0;0.0;0.0;0.0;5.0;5.0;0.0;1.0;3.0;75.0;1.0;20.0;4;2.0;50.0;3.0;3.0;60.0;100.0;0.0
21250537;CENTRO EDUCA MAIS PROFESSORA CONCEICAO BRENHA RAPOSO;2111029;São João do Carú;2.0;1.0;CENSO_ESCOLAR_2025;89;60;435.87;62;447.91;62;469.48;60;437.82;62;43;69.35;380.0;547.91;1.0;1.0;0.0;1.0;1.0;1.0;0.0;0.0;0.0;0.0;1.0;0.0;1.0;1.0;7.0;1.0;0.0;1.0;0.0;1.0;0.0;0.0;0.0;6.0;6.0;6.0;1.0;3.0;75.0;1.0;20.0;4;3.0;75.0;8.0;2.0;40.0;100.0;100.0
21251274;CENTRO DE ENSINO PASTOR JOAO JONAS;2111573;São Pedro dos Crentes;2.0;1.0;CENSO_ESCOLAR_2025;38;24;439.44;26;456.02;26;459.5;24;435.96;26;24;92.31;528.46;572.5;1.0;1.0;0.0;1.0;1.0;1.0;0.0;1.0;0.0;0.0;1.0;1.0;1.0;1.0;10.0;1.0;0.0;0.0;0.0;0.0;0.0;0.0;1.0;9.0;9.0;0.0;1.0;3.0;75.0;2.0;40.0;4;4.0;100.0;11.0;0.0;0.0;100.0;0.0
21251320;CENTRO DE ENSINO PREFEITO DIONILIO GONCALVES COSTA;2106300;Magalhães de Almeida;2.0;1.0;CENSO_ESCOLAR_2025;89;74;445.56;79;454.17;79;482.41;74;443.22;79;64;81.01;496.96;613.44;1.0;1.0;1.0;1.0;0.0;1.0;0.0;0.0;1.0;0.0;1.0;0.0;1.0;1.0;0.0;3.0;0.0;1.0;0.0;1.0;0.0;0.0;0.0;6.0;6.0;6.0;1.0;4.0;100.0;2.0;40.0;4;3.0;75.0;3.0;2.0;40.0;100.0;100.0
21251355;CENTRO EDUCA MAIS CONEGO NESTOR CUNHA;2110104;Santa Quitéria do Maranhão;2.0;1.0;CENSO_ESCOLAR_2025;204;181;437.63;184;444.03;184;463.09;181;413.84;184;150;81.52;449.02;550.8;1.0;1.0;0.0;1.0;1.0;1.0;0.0;1.0;1.0;1.0;1.0;1.0;0.0;1.0;0.0;2.0;0.0;1.0;0.0;1.0;0.0;0.0;0.0;12.0;12.0;1.0;1.0;3.0;75.0;4.0;80.0;4;3.0;75.0;2.0;2.0;40.0;100.0;8.33
21252530;CENTRO EDUCA MAIS DRA AGOSTINHA MELO CORREIA LIMA;2105153;Igarapé do Meio;2.0;1.0;CENSO_ESCOLAR_2025;81;47;425.51;51;440.63;51;460.42;47;417.46;51;34;66.67;352.55;528.82;1.0;1.0;0.0;1.0;0.0;0.0;0.0;0.0;0.0;0.0;1.0;0.0;0.0;1.0;0.0;1.0;0.0;1.0;0.0;1.0;0.0;0.0;0.0;8.0;0.0;0.0;0.0;3.0;75.0;0.0;0.0;4;2.0;50.0;1.0;2.0;40.0;0.0;0.0
21252670;CENTRO EDUCA MAIS PROFESSOR FRANCISCO NALDO POVOAS;2106326;Maracaçumé;2.0;1.0;CENSO_ESCOLAR_2025;214;114;436.96;120;433.61;120;454.03;114;419.53;120;81;67.5;378.83;561.23;1.0;1.0;0.0;1.0;1.0;1.0;0.0;0.0;0.0;0.0;1.0;1.0;1.0;1.0;0.0;3.0;0.0;1.0;0.0;1.0;0.0;0.0;0.0;8.0;8.0;0.0;1.0;3.0;75.0;1.0;20.0;4;4.0;100.0;3.0;2.0;40.0;100.0;0.0
21252688;CENTRO EDUCA MAIS MARIA IRACEMA ALVES DE SOUSA;2104677;Governador Nunes Freire;2.0;1.0;CENSO_ESCOLAR_2025;179;120;444.2;130;436.39;130;462.82;120;426.53;130;103;79.23;424.0;535.15;1.0;1.0;0.0;1.0;0.0;0.0;0.0;1.0;1.0;0.0;1.0;1.0;0.0;0.0;0.0;1.0;0.0;1.0;0.0;1.0;0.0;0.0;0.0;24.0;9.0;9.0;0.0;3.0;75.0;2.0;40.0;4;2.0;50.0;1.0;2.0;40.0;37.5;37.5
21252815;CENTRO DE ENSINO ROSALINA SA;2104073;Feira Nova do Maranhão;2.0;1.0;CENSO_ESCOLAR_2025;79;57;441.81;58;452.0;58;455.99;57;431.95;58;53;91.38;508.28;556.23;1.0;1.0;0.0;1.0;1.0;1.0;0.0;1.0;1.0;0.0;1.0;0.0;0.0;1.0;10.0;0.0;0.0;1.0;0.0;1.0;0.0;0.0;0.0;6.0;6.0;0.0;1.0;3.0;75.0;3.0;60.0;4;2.0;50.0;10.0;2.0;40.0;100.0;0.0
21253676;CENTRO DE ENSINO SANTA FILOMENA;2109759;Santa Filomena do Maranhão;2.0;1.0;CENSO_ESCOLAR_2025;26;10;413.6;12;414.31;12;447.2;10;406.07;12;7;58.33;320.0;548.57;1.0;1.0;0.0;1.0;0.0;0.0;0.0;0.0;0.0;0.0;0.0;0.0;0.0;;0.0;0.0;0.0;1.0;0.0;1.0;0.0;0.0;0.0;7.0;0.0;0.0;0.0;3.0;75.0;0.0;0.0;3;0.0;0.0;0.0;2.0;40.0;0.0;0.0
21254036;CENTRO EDUCA MAIS JOVIANA SILVA FARIAS;2100055;Açailândia;2.0;1.0;CENSO_ESCOLAR_2025;132;94;443.66;104;457.04;104;472.37;94;429.44;104;86;82.69;439.62;531.63;1.0;1.0;0.0;1.0;0.0;1.0;0.0;0.0;0.0;0.0;1.0;1.0;0.0;1.0;0.0;0.0;0.0;1.0;1.0;0.0;0.0;0.0;1.0;5.0;0.0;0.0;1.0;3.0;75.0;1.0;20.0;4;3.0;75.0;0.0;2.0;40.0;0.0;0.0
21254290;CENTRO DE ENSINO ALUISIO AZEVEDO;2105450;Jatobá;2.0;1.0;CENSO_ESCOLAR_2025;51;26;421.4;30;438.88;30;456.99;26;389.87;30;23;76.67;373.33;486.96;1.0;1.0;0.0;1.0;0.0;1.0;0.0;0.0;0.0;0.0;1.0;0.0;1.0;1.0;0.0;0.0;0.0;1.0;0.0;1.0;0.0;0.0;0.0;6.0;0.0;0.0;1.0;3.0;75.0;1.0;20.0;4;3.0;75.0;0.0;2.0;40.0;0.0;0.0
21254338;CENTRO DE ENSINO ISA RAPOSO BORBA GUIMARAES - ANEXO III - COCOS;2106706;Mirador;2.0;2.0;CENSO_ESCOLAR_2025;34;27;424.54;27;430.88;27;449.85;27;404.53;27;15;55.56;328.15;590.67;1.0;1.0;0.0;1.0;1.0;1.0;0.0;0.0;0.0;0.0;0.0;0.0;0.0;;0.0;0.0;0.0;0.0;0.0;0.0;0.0;0.0;1.0;7.0;0.0;0.0;1.0;3.0;75.0;1.0;20.0;3;0.0;0.0;0.0;0.0;0.0;0.0;0.0
21254397;CENTRO DE ENSINO VEREADOR JOAQUIM SILVA SOUSA;2100477;Alto Alegre do Pindaré;2.0;2.0;CENSO_ESCOLAR_2025;30;18;429.63;22;443.4;22;480.0;18;410.46;22;21;95.45;514.55;539.05;1.0;1.0;1.0;1.0;0.0;0.0;0.0;0.0;1.0;0.0;1.0;0.0;0.0;1.0;1.0;0.0;0.0;1.0;0.0;1.0;0.0;0.0;0.0;9.0;9.0;9.0;0.0;4.0;100.0;1.0;20.0;4;2.0;50.0;1.0;2.0;40.0;100.0;100.0
21255253;CENTRO DE ENSINO MARINALVA MORAIS FRAZAO - ANEXO I-CHEGA TUDO;2103174;Centro Novo do Maranhão;2.0;2.0;CENSO_ESCOLAR_2025;47;26;434.74;25;462.6;25;466.54;26;429.93;25;24;96.0;432.8;450.83;1.0;1.0;0.0;0.0;0.0;0.0;0.0;1.0;0.0;0.0;1.0;0.0;0.0;0.0;1.0;4.0;0.0;0.0;0.0;1.0;0.0;0.0;0.0;10.0;0.0;8.0;0.0;2.0;50.0;1.0;20.0;4;1.0;25.0;5.0;1.0;20.0;0.0;80.0
21255261;CENTRO EDUCA MAIS LUIS CHEIVAN;2104628;Governador Luiz Rocha;2.0;1.0;CENSO_ESCOLAR_2025;80;68;463.26;70;444.84;70;484.7;68;459.95;70;62;88.57;516.57;583.23;1.0;1.0;0.0;1.0;0.0;1.0;0.0;0.0;0.0;0.0;1.0;1.0;0.0;1.0;1.0;0.0;0.0;1.0;0.0;1.0;0.0;0.0;0.0;6.0;6.0;6.0;1.0;3.0;75.0;1.0;20.0;4;3.0;75.0;1.0;2.0;40.0;100.0;100.0
21256357;CENTRO DE ENSINO ODORICO MENDES - ANEXO I - BOM VIVER;2108603;Pinheiro;2.0;2.0;CENSO_ESCOLAR_2025;20;13;436.61;13;469.7;13;476.58;13;425.63;13;12;92.31;504.62;546.67;1.0;1.0;0.0;1.0;0.0;0.0;0.0;0.0;1.0;0.0;1.0;0.0;0.0;1.0;1.0;0.0;0.0;0.0;0.0;0.0;0.0;0.0;1.0;6.0;6.0;0.0;0.0;3.0;75.0;1.0;20.0;4;2.0;50.0;1.0;0.0;0.0;100.0;0.0
21256608;CENTRO DE ENSINO JOSE BRUNO DE MORAIS;2103000;Caxias;2.0;2.0;CENSO_ESCOLAR_2025;29;22;411.56;23;421.43;23;414.14;22;405.0;23;15;65.22;282.61;433.33;1.0;1.0;0.0;1.0;0.0;1.0;0.0;1.0;1.0;0.0;1.0;1.0;1.0;1.0;1.0;0.0;0.0;1.0;0.0;1.0;0.0;0.0;0.0;6.0;6.0;6.0;1.0;3.0;75.0;3.0;60.0;4;4.0;100.0;1.0;2.0;40.0;100.0;100.0
21256616;CENTRO DE ENSINO THALES RIBEIRO GONCALVES - ANEXO II - BREJINHO;2103000;Caxias;2.0;2.0;CENSO_ESCOLAR_2025;29;15;467.71;16;466.3;16;467.88;15;414.47;16;14;87.5;457.5;522.86;1.0;1.0;0.0;1.0;0.0;1.0;0.0;0.0;0.0;0.0;1.0;0.0;0.0;1.0;1.0;1.0;0.0;1.0;1.0;1.0;0.0;0.0;0.0;13.0;0.0;13.0;1.0;3.0;75.0;1.0;20.0;4;2.0;50.0;2.0;3.0;60.0;0.0;100.0
21257248;CENTRO DE ENSINO ANTONIO CORREA - ANEXO III - PALMEIRAL;2104008;Esperantinópolis;2.0;2.0;CENSO_ESCOLAR_2025;38;28;432.92;31;440.4;31;463.09;28;432.85;31;23;74.19;383.23;516.52;1.0;1.0;0.0;0.0;0.0;1.0;0.0;1.0;0.0;0.0;1.0;0.0;0.0;1.0;1.0;0.0;0.0;0.0;0.0;0.0;0.0;0.0;1.0;9.0;3.0;0.0;1.0;2.0;50.0;2.0;40.0;4;2.0;50.0;1.0;0.0;0.0;33.33;0.0
21257582;CENTRO EDUCA MAIS PAULO VI;2111300;São Luís;2.0;1.0;CENSO_ESCOLAR_2025;84;78;467.34;80;473.92;80;500.62;78;463.63;80;67;83.75;532.75;636.12;1.0;1.0;1.0;1.0;1.0;1.0;1.0;0.0;1.0;1.0;1.0;1.0;1.0;1.0;2.0;0.0;0.0;1.0;1.0;1.0;0.0;0.0;0.0;10.0;10.0;10.0;1.0;4.0;100.0;4.0;80.0;4;4.0;100.0;2.0;3.0;60.0;100.0;100.0
21258236;CENTRO DE ENSINO HOSANO GOMES FERREIRA - ANEXO I - SAO JOAO DA MATA;2105948;Lago dos Rodrigues;2.0;2.0;CENSO_ESCOLAR_2025;24;17;427.94;18;432.15;18;418.51;17;414.29;18;15;83.33;325.56;390.67;1.0;1.0;0.0;0.0;0.0;0.0;0.0;0.0;0.0;0.0;1.0;1.0;0.0;1.0;0.0;1.0;0.0;1.0;0.0;1.0;0.0;0.0;0.0;3.0;3.0;0.0;0.0;2.0;50.0;0.0;0.0;4;3.0;75.0;1.0;2.0;40.0;100.0;0.0
21258392;CENTRO DE ENSINO CRISTOVAO COLOMBO - ANEXO III - TRES LAGOS;2105708;Lago da Pedra;2.0;2.0;CENSO_ESCOLAR_2025;21;12;422.76;13;419.03;13;451.38;12;400.04;13;10;76.92;372.31;484.0;1.0;1.0;0.0;0.0;0.0;0.0;0.0;0.0;0.0;0.0;1.0;0.0;0.0;0.0;1.0;0.0;0.0;0.0;0.0;0.0;0.0;0.0;1.0;15.0;0.0;0.0;0.0;2.0;50.0;0.0;0.0;4;1.0;25.0;1.0;0.0;0.0;0.0;0.0
21258422;CENTRO DE ENSINO JOSE MALAQUIAS - ANEXO I - LUDOVICO;2105807;Lago do Junco;2.0;2.0;CENSO_ESCOLAR_2025;19;12;435.2;13;416.4;13;447.11;12;411.13;13;11;84.62;406.15;480.0;1.0;1.0;0.0;0.0;0.0;0.0;0.0;0.0;0.0;0.0;1.0;0.0;0.0;0.0;1.0;0.0;0.0;1.0;0.0;1.0;0.0;0.0;0.0;5.0;5.0;0.0;0.0;2.0;50.0;0.0;0.0;4;1.0;25.0;1.0;2.0;40.0;100.0;0.0
21258740;CENTRO DE ENSINO IRIS BULGARELLI;2102804;Carolina;2.0;2.0;CENSO_ESCOLAR_2025;20;14;459.64;14;441.01;14;492.41;14;448.49;14;13;92.86;521.43;561.54;1.0;1.0;0.0;1.0;0.0;0.0;0.0;0.0;0.0;0.0;1.0;0.0;1.0;1.0;0.0;0.0;0.0;0.0;0.0;0.0;0.0;0.0;1.0;5.0;5.0;0.0;0.0;3.0;75.0;0.0;0.0;4;3.0;75.0;0.0;0.0;0.0;100.0;0.0
21258848;CENTRO DE ENSINO PROFESSORA MARCELINA NOIA ALVES - ANEXO IV - MINEIRINHO;2100477;Alto Alegre do Pindaré;2.0;2.0;CENSO_ESCOLAR_2025;10;8;440.74;8;459.98;8;465.19;8;446.14;8;7;87.5;462.5;528.57;1.0;1.0;0.0;1.0;0.0;0.0;0.0;0.0;0.0;0.0;0.0;0.0;0.0;;0.0;0.0;0.0;0.0;0.0;1.0;0.0;0.0;0.0;4.0;4.0;4.0;0.0;3.0;75.0;0.0;0.0;3;0.0;0.0;0.0;1.0;20.0;100.0;100.0
21258856;CENTRO DE ENSINO PROFESSORA MARCELINA NOIA ALVES - ANEXO II - NOVA OLINDA;2100477;Alto Alegre do Pindaré;2.0;2.0;CENSO_ESCOLAR_2025;15;8;429.52;8;459.02;8;481.99;8;421.64;8;8;100.0;512.5;512.5;1.0;1.0;0.0;0.0;1.0;1.0;0.0;0.0;0.0;0.0;1.0;0.0;0.0;1.0;0.0;0.0;0.0;0.0;1.0;1.0;0.0;0.0;0.0;4.0;4.0;4.0;1.0;2.0;50.0;1.0;20.0;4;2.0;50.0;0.0;2.0;40.0;100.0;100.0
21258880;CENTRO DE ENSINO SAO CRISTOVAO - ANEXO III - SAO BERNARDO;2111300;São Luís;2.0;1.0;CENSO_ESCOLAR_2025;23;10;476.93;12;462.42;12;464.54;10;451.46;12;11;91.67;491.67;536.36;1.0;1.0;1.0;1.0;1.0;1.0;0.0;0.0;0.0;0.0;1.0;1.0;1.0;1.0;0.0;2.0;0.0;0.0;0.0;1.0;0.0;0.0;0.0;5.0;1.0;0.0;1.0;4.0;100.0;1.0;20.0;4;4.0;100.0;2.0;1.0;20.0;20.0;0.0
21259372;CENTRO DE ENSINO SAO FRANCISCO;2110237;Santana do Maranhão;2.0;1.0;CENSO_ESCOLAR_2025;48;38;474.53;38;478.13;38;495.11;38;433.54;38;37;97.37;558.95;574.05;1.0;1.0;0.0;1.0;0.0;0.0;0.0;0.0;0.0;0.0;1.0;0.0;0.0;1.0;1.0;1.0;0.0;0.0;0.0;0.0;0.0;0.0;1.0;6.0;6.0;0.0;0.0;3.0;75.0;0.0;0.0;4;2.0;50.0;2.0;0.0;0.0;100.0;0.0
21259445;CENTRO EDUCA MAIS INACIO ROCHA;2111078;São João do Soter;2.0;1.0;CENSO_ESCOLAR_2025;127;88;446.18;90;446.35;90;461.03;88;422.6;90;80;88.89;445.33;501.0;1.0;1.0;0.0;1.0;0.0;0.0;0.0;0.0;0.0;0.0;1.0;1.0;1.0;1.0;1.0;3.0;20.0;1.0;1.0;0.0;0.0;0.0;0.0;12.0;10.0;12.0;0.0;3.0;75.0;0.0;0.0;4;4.0;100.0;24.0;2.0;40.0;83.33;100.0
21259836;CENTRO DE ENSINO ESTADO DO RIO DE JANEIRO - ANEXO I - SAO JOSE;2104206;Fortuna;2.0;2.0;CENSO_ESCOLAR_2025;34;19;449.17;19;418.99;19;468.99;19;471.24;19;19;100.0;525.26;525.26;1.0;1.0;0.0;0.0;0.0;0.0;0.0;0.0;0.0;1.0;1.0;0.0;0.0;1.0;1.0;1.0;0.0;1.0;0.0;1.0;0.0;0.0;0.0;7.0;0.0;0.0;0.0;2.0;50.0;1.0;20.0;4;2.0;50.0;2.0;2.0;40.0;0.0;0.0
21259860;CENTRO DE ENSINO DR GENESIO REGO - ANEXO I - CENTRO DOS RODRIGUES;2110302;Santo Antônio dos Lopes;2.0;2.0;CENSO_ESCOLAR_2025;16;3;425.53;4;418.82;4;449.9;3;433.13;4;3;75.0;330.0;440.0;1.0;1.0;0.0;0.0;1.0;1.0;0.0;0.0;0.0;0.0;1.0;0.0;0.0;1.0;0.0;0.0;0.0;0.0;0.0;0.0;0.0;0.0;1.0;6.0;6.0;0.0;1.0;2.0;50.0;1.0;20.0;4;2.0;50.0;0.0;0.0;0.0;100.0;0.0
21259895;CENTRO DE ENSINO DIAS CARNEIRO - ANEXO I - SOCORRO;2104602;Governador Eugênio Barros;2.0;2.0;CENSO_ESCOLAR_2025;15;14;427.46;14;450.53;14;476.62;14;451.83;14;12;85.71;564.29;658.33;1.0;1.0;0.0;1.0;0.0;0.0;0.0;0.0;0.0;0.0;1.0;0.0;0.0;0.0;0.0;1.0;0.0;0.0;0.0;1.0;0.0;0.0;0.0;3.0;0.0;0.0;0.0;3.0;75.0;0.0;0.0;4;1.0;25.0;1.0;1.0;20.0;0.0;0.0
21259933;CENTRO DE ENSINO THALES RIBEIRO GONCALVES - ANEXO IV - POVOADO SANTO ANTONIO;2103000;Caxias;2.0;2.0;CENSO_ESCOLAR_2025;34;19;418.07;20;434.6;20;443.38;19;396.68;20;18;90.0;399.0;443.33;1.0;1.0;0.0;0.0;1.0;1.0;0.0;1.0;0.0;0.0;1.0;0.0;1.0;1.0;0.0;0.0;0.0;1.0;1.0;0.0;0.0;0.0;0.0;8.0;0.0;0.0;1.0;2.0;50.0;2.0;40.0;4;3.0;75.0;0.0;2.0;40.0;0.0;0.0
21259950;CENTRO DE ENSINO PROFESSORA MARIA PINHEIRO DE SOUSA - ANEXO I;2110856;São Francisco do Brejão;2.0;2.0;CENSO_ESCOLAR_2025;28;21;465.33;21;442.93;21;473.3;21;412.52;21;20;95.24;495.24;520.0;1.0;1.0;0.0;1.0;0.0;0.0;0.0;0.0;0.0;0.0;1.0;0.0;0.0;0.0;0.0;1.0;0.0;0.0;0.0;0.0;0.0;0.0;1.0;6.0;6.0;0.0;0.0;3.0;75.0;0.0;0.0;4;1.0;25.0;1.0;0.0;0.0;100.0;0.0
21259968;CENTRO DE ENSINO DARCY RIBEIRO - ANEXO II - PLANO DA SERRA;2100055;Açailândia;2.0;2.0;CENSO_ESCOLAR_2025;26;14;460.84;14;498.89;14;498.79;14;435.77;14;14;100.0;548.57;548.57;1.0;1.0;0.0;1.0;0.0;0.0;0.0;0.0;0.0;0.0;1.0;0.0;1.0;1.0;2.0;3.0;1.0;0.0;0.0;1.0;0.0;0.0;0.0;6.0;0.0;6.0;0.0;3.0;75.0;0.0;0.0;4;3.0;75.0;6.0;1.0;20.0;0.0;100.0
21259976;CENTRO DE ENSINO DARCY RIBEIRO - ANEXO I - NOVO BACABAL;2100055;Açailândia;2.0;2.0;CENSO_ESCOLAR_2025;26;19;425.44;20;432.28;20;432.12;19;402.93;20;15;75.0;301.0;401.33;1.0;1.0;1.0;1.0;0.0;0.0;0.0;0.0;0.0;0.0;1.0;1.0;0.0;1.0;1.0;1.0;0.0;0.0;0.0;1.0;0.0;0.0;0.0;6.0;0.0;0.0;0.0;4.0;100.0;0.0;0.0;4;3.0;75.0;2.0;1.0;20.0;0.0;0.0
21259984;CENTRO DE ENSINO PROFESSOR ANTONIO CARLOS BECKMAN - ANEXO I - ASSENTAMENTO OZIEL ALVES;2100055;Açailândia;2.0;2.0;CENSO_ESCOLAR_2025;10;6;459.32;7;453.16;7;509.23;6;451.02;7;6;85.71;494.29;576.67;1.0;1.0;0.0;0.0;0.0;0.0;0.0;0.0;0.0;1.0;1.0;1.0;0.0;1.0;1.0;1.0;1.0;0.0;0.0;1.0;0.0;0.0;0.0;3.0;0.0;0.0;0.0;2.0;50.0;1.0;20.0;4;3.0;75.0;3.0;1.0;20.0;0.0;0.0
21259992;CENTRO DE ENSINO DOM MARCELINO BICEGO - ANEXO I - ASSENTAMENTO CALIFORNIA;2100055;Açailândia;2.0;2.0;CENSO_ESCOLAR_2025;11;6;456.6;6;432.45;6;439.93;6;390.9;6;5;83.33;400.0;480.0;1.0;1.0;0.0;1.0;0.0;0.0;0.0;0.0;0.0;0.0;0.0;0.0;0.0;;0.0;0.0;0.0;0.0;0.0;0.0;0.0;0.0;1.0;3.0;0.0;0.0;0.0;3.0;75.0;0.0;0.0;3;0.0;0.0;0.0;0.0;0.0;0.0;0.0
21260087;CENTRO DE ENSINO DR FERNANDO CASTRO - ANEXO I - FERNANDO CASTRO;2102325;Buriticupu;2.0;2.0;CENSO_ESCOLAR_2025;29;6;438.1;8;366.58;8;427.15;6;396.45;8;4;50.0;222.5;445.0;1.0;1.0;0.0;1.0;0.0;0.0;0.0;0.0;1.0;0.0;1.0;0.0;0.0;1.0;1.0;1.0;0.0;1.0;0.0;1.0;0.0;0.0;0.0;12.0;0.0;12.0;0.0;3.0;75.0;1.0;20.0;4;2.0;50.0;2.0;2.0;40.0;0.0;100.0
21260109;CENTRO DE ENSINO DR FERNANDO CASTRO - ANEXO III - SEGUNDO NUCLEO;2102325;Buriticupu;2.0;2.0;CENSO_ESCOLAR_2025;87;30;414.4;30;433.92;30;468.11;30;420.1;30;24;80.0;368.67;460.83;1.0;1.0;0.0;1.0;0.0;0.0;0.0;0.0;0.0;0.0;1.0;0.0;0.0;1.0;2.0;2.0;0.0;0.0;1.0;0.0;0.0;0.0;1.0;16.0;0.0;0.0;0.0;3.0;75.0;0.0;0.0;4;2.0;50.0;4.0;1.0;20.0;0.0;0.0
21260230;CENTRO DE ENSINO PROFESSOR GALENO EDGAR BRANDES - ANEXO I - IPIRANGA;2101608;Barra do Corda;2.0;2.0;CENSO_ESCOLAR_2025;11;4;420.48;4;452.98;4;471.65;4;493.75;4;3;75.0;395.0;526.67;1.0;1.0;0.0;0.0;0.0;0.0;0.0;0.0;0.0;0.0;1.0;0.0;0.0;1.0;0.0;0.0;0.0;0.0;0.0;0.0;0.0;0.0;1.0;6.0;0.0;0.0;0.0;2.0;50.0;0.0;0.0;4;2.0;50.0;0.0;0.0;0.0;0.0;0.0
21260257;CENTRO DE ENSINO GREGORIO ALVES TORRES;2105351;Itaipava do Grajaú;2.0;1.0;CENSO_ESCOLAR_2025;76;52;445.02;53;451.95;53;479.48;52;434.07;53;46;86.79;458.49;528.26;1.0;1.0;0.0;1.0;0.0;0.0;0.0;0.0;0.0;0.0;1.0;1.0;1.0;1.0;3.0;0.0;0.0;1.0;0.0;1.0;0.0;0.0;0.0;11.0;8.0;0.0;0.0;3.0;75.0;0.0;0.0;4;4.0;100.0;3.0;2.0;40.0;72.73;0.0
21261563;INSTITUTO ESTADUAL DE EDUCAO CINCIA E TECNOLOGIA DO MA - IEMA PLENO SAO LUIS MARIO MARTINS MEIRELES;2111300;São Luís;2.0;2.0;CENSO_ESCOLAR_2025;46;28;438.48;30;452.5;30;477.21;28;432.44;30;22;73.33;377.33;514.55;1.0;1.0;0.0;1.0;1.0;1.0;1.0;1.0;1.0;0.0;1.0;1.0;1.0;1.0;20.0;2.0;0.0;1.0;1.0;0.0;1.0;0.0;0.0;9.0;9.0;9.0;1.0;3.0;75.0;4.0;80.0;4;4.0;100.0;22.0;3.0;60.0;100.0;100.0
21261733;CENTRO DE ENSINO PROFESSORA CONCEICAO BRENHA RAPOSO - ANEXO I - SANTAREM;2111029;São João do Carú;2.0;2.0;CENSO_ESCOLAR_2025;11;6;444.83;7;443.39;7;466.86;6;440.93;7;4;57.14;342.86;600.0;1.0;1.0;0.0;1.0;0.0;0.0;0.0;0.0;0.0;0.0;0.0;0.0;0.0;;0.0;0.0;0.0;0.0;0.0;0.0;0.0;0.0;1.0;6.0;0.0;0.0;0.0;3.0;75.0;0.0;0.0;3;0.0;0.0;0.0;0.0;0.0;0.0;0.0
21261830;CENTRO DE EDUCACAO QUILOMBOLA ROSEMARY MEDEIROS MUNIZ DA SILVA;2105401;Itapecuru Mirim;2.0;2.0;CENSO_ESCOLAR_2025;33;14;409.74;13;435.88;13;413.99;14;399.06;13;11;84.62;409.23;483.64;1.0;1.0;0.0;0.0;0.0;0.0;0.0;0.0;0.0;0.0;1.0;1.0;1.0;1.0;0.0;4.0;0.0;0.0;0.0;0.0;0.0;0.0;1.0;14.0;1.0;1.0;0.0;2.0;50.0;0.0;0.0;4;4.0;100.0;4.0;0.0;0.0;7.14;7.14
21262047;CENTRO DE ENSINO GOVERNADOR JACKSON LAGO - ANEXO I - MONTE CASTELO;2111631;São Raimundo do Doca Bezerra;2.0;2.0;CENSO_ESCOLAR_2025;11;10;474.25;10;490.43;10;484.85;10;417.66;10;5;50.0;316.0;632.0;1.0;1.0;0.0;1.0;0.0;0.0;0.0;0.0;0.0;0.0;1.0;1.0;0.0;1.0;0.0;0.0;1.0;0.0;0.0;0.0;0.0;0.0;1.0;3.0;0.0;0.0;0.0;3.0;75.0;0.0;0.0;4;3.0;75.0;1.0;0.0;0.0;0.0;0.0
21263361;CENTRO DE ENSINO ANTERO CAMARA PENHA;2108306;Penalva;2.0;2.0;CENSO_ESCOLAR_2025;62;38;418.58;44;432.69;44;447.7;38;404.17;44;37;84.09;425.0;505.41;1.0;1.0;0.0;1.0;1.0;1.0;0.0;0.0;0.0;1.0;1.0;1.0;1.0;1.0;1.0;3.0;1.0;1.0;1.0;1.0;0.0;0.0;0.0;4.0;4.0;0.0;1.0;3.0;75.0;2.0;40.0;4;4.0;100.0;5.0;3.0;60.0;100.0;0.0
21263590;CENTRO DE ENSINO MANOEL BEZERRA DE OLIVEIRA;2109551;Ribamar Fiquene;2.0;1.0;CENSO_ESCOLAR_2025;86;57;432.35;62;453.61;62;457.44;57;426.33;62;56;90.32;456.77;505.71;1.0;1.0;0.0;1.0;1.0;1.0;0.0;0.0;0.0;0.0;1.0;1.0;1.0;1.0;0.0;1.0;0.0;1.0;0.0;0.0;0.0;0.0;0.0;6.0;6.0;0.0;1.0;3.0;75.0;1.0;20.0;4;4.0;100.0;1.0;1.0;20.0;100.0;0.0
21263620;CENTRO DE ENSINO PROFESSOR CARLOS ALBERTO MONTEIRO DE MACEDO;2105989;Lajeado Novo;2.0;1.0;CENSO_ESCOLAR_2025;59;51;431.55;51;421.32;51;465.14;51;439.68;51;43;84.31;456.08;540.93;1.0;1.0;0.0;1.0;0.0;0.0;0.0;0.0;0.0;0.0;1.0;0.0;1.0;0.0;0.0;2.0;0.0;1.0;0.0;1.0;0.0;0.0;0.0;11.0;8.0;1.0;0.0;3.0;75.0;0.0;0.0;4;2.0;50.0;2.0;2.0;40.0;72.73;9.09
21266921;CENTRO EDUCA MAIS JOAO PAULO II;2107605;Palmeirândia;2.0;1.0;CENSO_ESCOLAR_2025;41;27;422.01;26;441.4;26;443.75;27;400.84;26;23;88.46;422.31;477.39;1.0;1.0;0.0;1.0;1.0;1.0;0.0;1.0;0.0;0.0;1.0;1.0;1.0;0.0;10.0;2.0;0.0;0.0;0.0;1.0;0.0;0.0;0.0;6.0;4.0;0.0;1.0;3.0;75.0;2.0;40.0;4;3.0;75.0;12.0;1.0;20.0;66.67;0.0
21266948;CENTRO DE ENSINO FLAUDISMAR ALVES DE SOUSA;2102358;Buritirana;2.0;1.0;CENSO_ESCOLAR_2025;83;64;448.41;67;456.42;67;466.72;64;439.1;67;58;86.57;441.19;509.66;1.0;1.0;0.0;1.0;1.0;1.0;1.0;0.0;0.0;0.0;1.0;0.0;1.0;1.0;0.0;3.0;0.0;1.0;1.0;1.0;0.0;0.0;0.0;8.0;8.0;8.0;1.0;3.0;75.0;2.0;40.0;4;3.0;75.0;3.0;3.0;60.0;100.0;100.0
21268754;CENTRO DE ENSINO ELEUTERIO ROCHA - ANEXO I - CANELEIRINHO;2101939;Bernardo do Mearim;2.0;2.0;CENSO_ESCOLAR_2025;12;0;;0;;0;;0;;0;0;;;;1.0;1.0;0.0;1.0;0.0;0.0;0.0;0.0;0.0;0.0;0.0;0.0;0.0;;0.0;0.0;0.0;0.0;0.0;0.0;0.0;0.0;1.0;3.0;0.0;0.0;0.0;3.0;75.0;0.0;0.0;3;0.0;0.0;0.0;0.0;0.0;0.0;0.0
21269220;CENTRO DE ENSINO ESTADO DE SAO PAULO - ANEXO I - MIMOSO;2110906;São Francisco do Maranhão;2.0;2.0;CENSO_ESCOLAR_2025;25;13;412.72;13;431.38;13;414.2;13;393.48;13;10;76.92;343.08;446.0;1.0;1.0;0.0;0.0;0.0;0.0;0.0;0.0;0.0;0.0;0.0;0.0;0.0;;0.0;1.0;0.0;1.0;0.0;1.0;0.0;0.0;0.0;5.0;0.0;5.0;0.0;2.0;50.0;0.0;0.0;3;0.0;0.0;1.0;2.0;40.0;0.0;100.0
21269238;CENTRO DE ENSINO JOSUE MONTELLO - ANEXO II - MARCOLANDIA;2112852;Vila Nova dos Martírios;2.0;2.0;CENSO_ESCOLAR_2025;24;12;488.38;15;465.88;15;494.82;12;439.84;15;14;93.33;438.67;470.0;0.0;1.0;0.0;1.0;0.0;0.0;0.0;0.0;0.0;0.0;1.0;0.0;1.0;1.0;0.0;0.0;0.0;0.0;0.0;1.0;0.0;0.0;0.0;3.0;0.0;0.0;0.0;2.0;50.0;0.0;0.0;4;3.0;75.0;0.0;1.0;20.0;0.0;0.0
21269289;CENTRO DE ENSINO DR FERNANDO CASTRO - ANEXO II - VILA PINDARE;2102325;Buriticupu;2.0;2.0;CENSO_ESCOLAR_2025;29;13;460.54;13;463.35;13;451.74;13;436.02;13;8;61.54;366.15;595.0;1.0;1.0;0.0;1.0;0.0;1.0;0.0;0.0;1.0;0.0;1.0;0.0;0.0;1.0;0.0;1.0;0.0;0.0;0.0;1.0;0.0;0.0;0.0;10.0;0.0;0.0;1.0;3.0;75.0;2.0;40.0;4;2.0;50.0;1.0;1.0;20.0;0.0;0.0
21269408;CENTRO DE ENSINO ISAURA AMORIM - ANEXO I - SAO JOAO DO ANDIROBAL;2103257;Cidelândia;2.0;2.0;CENSO_ESCOLAR_2025;12;6;435.83;6;482.75;6;483.2;6;501.18;6;4;66.67;506.67;760.0;1.0;1.0;0.0;0.0;0.0;0.0;0.0;0.0;0.0;0.0;1.0;0.0;0.0;1.0;0.0;0.0;0.0;0.0;0.0;0.0;0.0;0.0;1.0;3.0;3.0;0.0;0.0;2.0;50.0;0.0;0.0;4;2.0;50.0;0.0;0.0;0.0;100.0;0.0
21269467;CENTRO DE ENSINO PIO XI - ANEXO I - BARRO BRANCO;2101608;Barra do Corda;2.0;2.0;CENSO_ESCOLAR_2025;21;6;429.1;6;436.23;6;426.57;6;444.05;6;4;66.67;310.0;465.0;1.0;1.0;0.0;0.0;0.0;0.0;0.0;1.0;0.0;0.0;0.0;0.0;0.0;;8.0;0.0;0.0;0.0;0.0;1.0;0.0;0.0;0.0;5.0;0.0;0.0;0.0;2.0;50.0;1.0;20.0;3;0.0;0.0;8.0;1.0;20.0;0.0;0.0
21269815;CENTRO DE ENSINO LUZENIR MATTA ROMA - ANEXO I - CAJAZEIRAS;2103307;Codó;2.0;2.0;CENSO_ESCOLAR_2025;29;20;406.97;20;406.5;20;415.87;20;399.58;20;15;75.0;306.0;408.0;1.0;1.0;0.0;0.0;0.0;0.0;0.0;0.0;1.0;0.0;0.0;0.0;0.0;;0.0;0.0;0.0;0.0;0.0;0.0;0.0;0.0;0.0;6.0;0.0;0.0;0.0;2.0;50.0;1.0;20.0;3;0.0;0.0;0.0;0.0;0.0;0.0;0.0
21269823;CENTRO DE ENSINO JOSE DE ANCHIETA - ANEXO I - SANTA SOFIA;2108603;Pinheiro;2.0;2.0;CENSO_ESCOLAR_2025;11;0;;0;;0;;0;;0;0;;;;1.0;1.0;0.0;0.0;1.0;1.0;0.0;0.0;0.0;0.0;1.0;0.0;0.0;1.0;0.0;0.0;0.0;0.0;0.0;1.0;0.0;0.0;0.0;3.0;3.0;3.0;1.0;2.0;50.0;1.0;20.0;4;2.0;50.0;0.0;1.0;20.0;100.0;100.0
21269971;CENTRO DE ENSINO CRISTINO PIMENTA - ANEXO II - SAO PAULO;2101301;Bacuri;2.0;2.0;CENSO_ESCOLAR_2025;17;13;429.61;14;452.81;14;462.69;13;401.95;14;13;92.86;477.14;513.85;0.0;1.0;0.0;0.0;0.0;0.0;0.0;0.0;0.0;0.0;1.0;0.0;1.0;1.0;0.0;0.0;0.0;0.0;0.0;1.0;0.0;0.0;0.0;3.0;0.0;0.0;0.0;1.0;25.0;0.0;0.0;4;3.0;75.0;0.0;1.0;20.0;0.0;0.0
21270031;CENTRO DE ENSINO RAIMUNDO RODRIGUES - ANEXO I - PORTINHO;2111789;Serrano do Maranhão;2.0;2.0;CENSO_ESCOLAR_2025;16;8;399.41;8;435.95;8;403.81;8;380.05;8;6;75.0;297.5;396.67;1.0;1.0;0.0;0.0;0.0;0.0;0.0;0.0;0.0;0.0;0.0;0.0;0.0;;0.0;0.0;0.0;0.0;1.0;0.0;0.0;0.0;1.0;6.0;4.0;0.0;0.0;2.0;50.0;0.0;0.0;3;0.0;0.0;0.0;1.0;20.0;66.67;0.0
21270635;CENTRO DE ENSINO HENRIQUE MARTINS - ANEXO I - POVOADO BATATEIRAS;2110807;São Félix de Balsas;2.0;2.0;CENSO_ESCOLAR_2025;10;2;421.05;3;443.63;3;479.87;2;405.1;3;3;100.0;600.0;600.0;0.0;1.0;0.0;0.0;0.0;0.0;0.0;1.0;0.0;0.0;1.0;1.0;1.0;1.0;1.0;2.0;3.0;0.0;0.0;0.0;0.0;0.0;1.0;3.0;0.0;0.0;0.0;1.0;25.0;1.0;20.0;4;4.0;100.0;6.0;0.0;0.0;0.0;0.0
21272000;CENTRO EDUCA MAIS MARIA DO SOCORRO COELHO CABRAL;2101400;Balsas;2.0;1.0;CENSO_ESCOLAR_2025;137;106;432.52;113;444.4;113;480.02;106;417.6;113;100;88.5;493.27;557.4;1.0;1.0;0.0;1.0;0.0;0.0;0.0;0.0;0.0;0.0;1.0;0.0;1.0;0.0;0.0;5.0;0.0;1.0;0.0;1.0;0.0;0.0;0.0;8.0;6.0;8.0;0.0;3.0;75.0;0.0;0.0;4;2.0;50.0;5.0;2.0;40.0;75.0;100.0
21272158;CENTRO DE ENSINO PROFESSOR GALENO EDGAR BRANDES - ANEXO V - CAJAZEIRA BR;2101608;Barra do Corda;2.0;2.0;CENSO_ESCOLAR_2025;13;3;392.63;3;427.63;3;411.47;3;381.97;3;2;66.67;313.33;470.0;1.0;1.0;0.0;0.0;0.0;0.0;0.0;0.0;0.0;0.0;0.0;0.0;0.0;;0.0;0.0;0.0;0.0;0.0;0.0;0.0;0.0;1.0;3.0;0.0;0.0;0.0;2.0;50.0;0.0;0.0;3;0.0;0.0;0.0;0.0;0.0;0.0;0.0
21272166;CENTRO DE ENSINO HENRIQUE DE LA ROQUE - ANEXO II - CENTRO DO TOINHO;2111763;Senador La Rocque;2.0;2.0;CENSO_ESCOLAR_2025;13;8;419.46;8;431.72;8;439.1;8;385.76;8;8;100.0;510.0;510.0;1.0;1.0;0.0;0.0;0.0;0.0;0.0;0.0;0.0;0.0;1.0;1.0;0.0;1.0;0.0;1.0;0.0;1.0;0.0;1.0;0.0;0.0;0.0;3.0;0.0;3.0;0.0;2.0;50.0;0.0;0.0;4;3.0;75.0;1.0;2.0;40.0;0.0;100.0
21272247;CENTRO DE ENSINO ASTOLFO SEABRA DE CARVALHO;2112308;Tuntum;2.0;2.0;CENSO_ESCOLAR_2025;20;8;456.56;9;469.17;9;477.71;8;420.14;9;7;77.78;397.78;511.43;1.0;1.0;0.0;1.0;1.0;1.0;0.0;0.0;1.0;1.0;1.0;1.0;0.0;0.0;0.0;2.0;0.0;1.0;0.0;0.0;0.0;0.0;0.0;6.0;6.0;0.0;1.0;3.0;75.0;3.0;60.0;4;2.0;50.0;2.0;1.0;20.0;100.0;0.0
21272263;CENTRO DE ENSINO ASTOLFO SEABRA DE CARVALHO- ANEXO I - SAO LOURENCO;2112308;Tuntum;2.0;2.0;CENSO_ESCOLAR_2025;11;4;386.5;4;480.8;4;465.12;4;369.95;4;3;75.0;440.0;586.67;1.0;1.0;0.0;0.0;0.0;0.0;0.0;0.0;0.0;0.0;0.0;0.0;0.0;;0.0;0.0;0.0;0.0;0.0;0.0;0.0;0.0;1.0;8.0;0.0;0.0;0.0;2.0;50.0;0.0;0.0;3;0.0;0.0;0.0;0.0;0.0;0.0;0.0
21272352;CENTRO DE ENSINO PROFESSORA MARCELINA NOIA ALVES - ANEXO I - CELESTINO;2100477;Alto Alegre do Pindaré;2.0;2.0;CENSO_ESCOLAR_2025;21;17;433.17;17;420.76;17;447.83;17;419.55;17;15;88.24;423.53;480.0;1.0;1.0;0.0;1.0;0.0;0.0;0.0;0.0;0.0;0.0;0.0;0.0;0.0;;0.0;0.0;0.0;0.0;0.0;1.0;0.0;0.0;0.0;6.0;6.0;0.0;0.0;3.0;75.0;0.0;0.0;3;0.0;0.0;0.0;1.0;20.0;100.0;0.0
21272360;CENTRO DE ENSINO PROFESSORA MARCELINA NOIA ALVES - ANEXO III - MORADA NOVA;2100477;Alto Alegre do Pindaré;2.0;2.0;CENSO_ESCOLAR_2025;19;11;404.19;12;410.61;12;438.18;11;415.96;12;8;66.67;295.0;442.5;1.0;1.0;0.0;0.0;0.0;0.0;0.0;0.0;0.0;0.0;0.0;0.0;0.0;;0.0;0.0;0.0;0.0;0.0;1.0;0.0;0.0;0.0;4.0;4.0;4.0;0.0;2.0;50.0;0.0;0.0;3;0.0;0.0;0.0;1.0;20.0;100.0;100.0
21272379;CENTRO DE ENSINO VEREADOR JOAQUIM SILVA SOUSA - ANEXO I - ASSENTAMENTO ALTAMIRA;2100477;Alto Alegre do Pindaré;2.0;2.0;CENSO_ESCOLAR_2025;11;9;433.17;8;418.41;8;412.56;9;413.77;8;5;62.5;245.0;392.0;1.0;1.0;1.0;0.0;0.0;0.0;0.0;0.0;1.0;0.0;1.0;0.0;0.0;1.0;0.0;0.0;0.0;1.0;0.0;1.0;0.0;0.0;0.0;8.0;0.0;8.0;0.0;3.0;75.0;1.0;20.0;4;2.0;50.0;0.0;2.0;40.0;0.0;100.0
21272387;CENTRO DE ENSINO PROFESSOR VALMIR DA PAIXAO SANTOS - ANEXO II - FLORESTA;2110005;Santa Luzia;2.0;2.0;CENSO_ESCOLAR_2025;18;9;430.54;9;446.29;9;485.84;9;460.1;9;6;66.67;320.0;480.0;1.0;1.0;0.0;0.0;0.0;0.0;0.0;0.0;0.0;0.0;0.0;0.0;0.0;;0.0;0.0;0.0;0.0;0.0;0.0;0.0;0.0;1.0;4.0;0.0;0.0;0.0;2.0;50.0;0.0;0.0;3;0.0;0.0;0.0;0.0;0.0;0.0;0.0
21272409;CENTRO DE ENSINO PROFESSOR VALMIR DA PAIXAO SANTOS - ANEXO III - SANTO ONOFRE;2110005;Santa Luzia;2.0;2.0;CENSO_ESCOLAR_2025;16;10;442.8;10;434.12;10;442.79;10;455.34;10;7;70.0;380.0;542.86;1.0;1.0;0.0;0.0;0.0;0.0;0.0;0.0;0.0;0.0;0.0;0.0;0.0;;0.0;0.0;0.0;0.0;0.0;0.0;0.0;0.0;1.0;6.0;0.0;0.0;0.0;2.0;50.0;0.0;0.0;3;0.0;0.0;0.0;0.0;0.0;0.0;0.0
21272417;CENTRO DE ENSINO PROFESSOR VALMIR DA PAIXAO SANTOS - ANEXO V - CHAPADA DO SERINGAL;2110005;Santa Luzia;2.0;2.0;CENSO_ESCOLAR_2025;12;5;415.62;9;415.68;9;463.81;5;392.64;9;8;88.89;346.67;390.0;1.0;1.0;0.0;0.0;0.0;0.0;0.0;0.0;0.0;0.0;0.0;0.0;0.0;;0.0;0.0;0.0;0.0;0.0;0.0;0.0;0.0;1.0;3.0;0.0;0.0;0.0;2.0;50.0;0.0;0.0;3;0.0;0.0;0.0;0.0;0.0;0.0;0.0
21272468;CENTRO DE ENSINO NINA RODRIGUES - ANEXO I - AFOGA;2100709;Anajatuba;2.0;2.0;CENSO_ESCOLAR_2025;33;30;407.63;32;420.45;32;428.03;30;416.01;32;23;71.88;351.88;489.57;1.0;1.0;0.0;0.0;0.0;0.0;0.0;0.0;0.0;0.0;1.0;0.0;0.0;1.0;0.0;0.0;0.0;0.0;0.0;0.0;0.0;0.0;0.0;7.0;7.0;0.0;0.0;2.0;50.0;0.0;0.0;4;2.0;50.0;0.0;0.0;0.0;100.0;0.0
21272581;CENTRO DE ENSINO JOSE FURTADO BEZERRA - ANEXO I - COMERCIO;2106755;Miranda do Norte;2.0;2.0;CENSO_ESCOLAR_2025;17;9;446.48;11;420.65;11;445.15;9;388.42;11;9;81.82;390.91;477.78;1.0;1.0;0.0;1.0;0.0;0.0;0.0;0.0;0.0;0.0;1.0;1.0;0.0;1.0;0.0;1.0;0.0;0.0;0.0;0.0;0.0;0.0;0.0;3.0;3.0;3.0;0.0;3.0;75.0;0.0;0.0;4;3.0;75.0;1.0;0.0;0.0;100.0;100.0
21272603;CENTRO DE ENSINO JOAQUIM SALVIANO - ANEXO III- FORTALEZA BEIRA RIO;2108900;Poção de Pedras;2.0;2.0;CENSO_ESCOLAR_2025;10;2;431.5;2;407.3;2;461.55;2;353.75;2;2;100.0;420.0;420.0;1.0;1.0;0.0;0.0;0.0;0.0;0.0;0.0;0.0;0.0;1.0;1.0;0.0;1.0;1.0;1.0;0.0;1.0;0.0;1.0;0.0;0.0;0.0;3.0;3.0;0.0;0.0;2.0;50.0;0.0;0.0;4;3.0;75.0;2.0;2.0;40.0;100.0;0.0
21272620;CENTRO DE ENSINO JOAQUIM SALVIANO - ANEXO II - LUCINDO;2108900;Poção de Pedras;2.0;2.0;CENSO_ESCOLAR_2025;10;6;401.68;7;401.04;7;414.19;6;412.57;7;5;71.43;317.14;444.0;1.0;1.0;0.0;0.0;0.0;0.0;0.0;0.0;0.0;0.0;1.0;1.0;1.0;1.0;1.0;1.0;1.0;0.0;0.0;0.0;0.0;0.0;1.0;3.0;0.0;0.0;0.0;2.0;50.0;0.0;0.0;4;4.0;100.0;3.0;0.0;0.0;0.0;0.0
21272646;CENTRO DE ENSINO GOVERNADOR JACKSON LAGO - ANEXO II - TRES LAGOAS;2111631;São Raimundo do Doca Bezerra;2.0;2.0;CENSO_ESCOLAR_2025;11;4;435.42;5;418.44;5;411.98;4;375.15;5;5;100.0;408.0;408.0;1.0;1.0;0.0;1.0;0.0;0.0;0.0;0.0;0.0;0.0;1.0;0.0;1.0;1.0;0.0;1.0;0.0;0.0;0.0;0.0;0.0;0.0;1.0;6.0;4.0;0.0;0.0;3.0;75.0;0.0;0.0;4;3.0;75.0;1.0;0.0;0.0;66.67;0.0
21272654;CENTRO DE ENSINO FRANCISCO NALDO POVOAS - ANEXO I - CAJUEIRO;2106326;Maracaçumé;2.0;2.0;CENSO_ESCOLAR_2025;20;10;445.86;11;424.97;11;449.12;10;397.1;11;7;63.64;305.45;480.0;1.0;1.0;0.0;1.0;0.0;0.0;0.0;0.0;0.0;0.0;1.0;1.0;1.0;1.0;0.0;1.0;0.0;0.0;0.0;0.0;0.0;0.0;1.0;3.0;3.0;0.0;0.0;3.0;75.0;0.0;0.0;4;4.0;100.0;1.0;0.0;0.0;100.0;0.0
21272662;CENTRO DE ENSINO PROFESSOR FRANCISCO XAVIER RODRIGUES DO CARMO;2110039;Santa Luzia do Paruá;2.0;1.0;CENSO_ESCOLAR_2025;96;49;432.67;53;448.03;53;464.58;49;417.52;53;45;84.91;448.68;528.44;1.0;1.0;0.0;1.0;0.0;0.0;0.0;0.0;0.0;0.0;0.0;0.0;0.0;;0.0;0.0;0.0;1.0;0.0;1.0;0.0;0.0;0.0;6.0;6.0;6.0;0.0;3.0;75.0;0.0;0.0;3;0.0;0.0;0.0;2.0;40.0;100.0;100.0
21272689;CENTRO DE ENSINO PLINIO PORTUGAL DA ROCHA;2101707;Barreirinhas;2.0;2.0;CENSO_ESCOLAR_2025;39;17;447.19;21;420.87;21;435.95;17;407.07;21;17;80.95;379.05;468.24;1.0;1.0;0.0;1.0;0.0;1.0;0.0;0.0;1.0;0.0;1.0;0.0;0.0;1.0;0.0;0.0;0.0;0.0;0.0;1.0;0.0;0.0;0.0;15.0;6.0;0.0;1.0;3.0;75.0;2.0;40.0;4;2.0;50.0;0.0;1.0;20.0;40.0;0.0
21272719;CENTRO DE ENSINO HUMBERTO DE CAMPOS - ANEXO I - RAMPA;2105005;Humberto de Campos;2.0;2.0;CENSO_ESCOLAR_2025;33;23;433.5;25;432.39;25;437.72;23;395.93;25;21;84.0;429.6;511.43;0.0;1.0;0.0;0.0;0.0;1.0;0.0;0.0;0.0;0.0;1.0;0.0;0.0;1.0;1.0;1.0;0.0;1.0;0.0;0.0;0.0;0.0;0.0;6.0;0.0;0.0;1.0;1.0;25.0;1.0;20.0;4;2.0;50.0;2.0;1.0;20.0;0.0;0.0
21272735;CENTRO DE ENSINO RAIMUNDA NONATA PAIXAO;2105104;Icatu;2.0;2.0;CENSO_ESCOLAR_2025;80;65;427.52;67;425.96;67;438.73;65;388.2;67;59;88.06;408.66;464.07;1.0;1.0;0.0;1.0;0.0;0.0;0.0;0.0;0.0;0.0;1.0;0.0;1.0;1.0;0.0;1.0;2.0;1.0;1.0;1.0;0.0;0.0;0.0;6.0;0.0;6.0;0.0;3.0;75.0;0.0;0.0;4;3.0;75.0;3.0;3.0;60.0;0.0;100.0
21272751;CENTRO DE ENSINO PROFESSOR JOAQUIM SANTOS - ANEXO I - SAO MIGUEL;2109601;Rosário;2.0;2.0;CENSO_ESCOLAR_2025;22;13;423.3;13;450.98;13;471.16;13;402.51;13;11;84.62;380.0;449.09;1.0;1.0;0.0;1.0;0.0;0.0;0.0;0.0;0.0;0.0;1.0;0.0;0.0;1.0;1.0;2.0;0.0;0.0;0.0;0.0;0.0;0.0;1.0;4.0;3.0;0.0;0.0;3.0;75.0;0.0;0.0;4;2.0;50.0;3.0;0.0;0.0;75.0;0.0
21272778;CENTRO DE EDUCACAO QUILOMBOLA PATRICIO DA CUNHA COSTA;2102101;Brejo;2.0;2.0;CENSO_ESCOLAR_2025;14;13;408.39;13;398.85;13;410.19;13;394.58;13;10;76.92;381.54;496.0;1.0;1.0;0.0;0.0;1.0;1.0;0.0;1.0;0.0;0.0;1.0;0.0;0.0;1.0;1.0;1.0;0.0;1.0;0.0;1.0;0.0;0.0;0.0;6.0;0.0;6.0;1.0;2.0;50.0;2.0;40.0;4;2.0;50.0;2.0;2.0;40.0;0.0;100.0
21272794;EC DOM JOAO ANTONIO FARINA;2112704;Vargem Grande;3.0;1.0;CENSO_ESCOLAR_2025;35;32;484.86;32;491.41;32;521.72;32;528.67;32;32;100.0;736.88;736.88;1.0;1.0;0.0;1.0;1.0;1.0;0.0;0.0;1.0;0.0;1.0;0.0;1.0;0.0;1.0;4.0;0.0;1.0;0.0;1.0;0.0;0.0;0.0;11.0;6.0;0.0;1.0;3.0;75.0;2.0;40.0;4;2.0;50.0;5.0;2.0;40.0;54.55;0.0
21272999;CENTRO DE ENSINO LUCAS COELHO - ANEXO I - COCOS;2101806;Benedito Leite;2.0;2.0;CENSO_ESCOLAR_2025;10;8;460.39;8;457.04;8;449.5;8;393.0;8;7;87.5;447.5;511.43;1.0;1.0;0.0;1.0;0.0;0.0;0.0;0.0;0.0;0.0;1.0;0.0;1.0;1.0;0.0;0.0;0.0;0.0;0.0;1.0;0.0;0.0;0.0;4.0;0.0;0.0;0.0;3.0;75.0;0.0;0.0;4;3.0;75.0;0.0;1.0;20.0;0.0;0.0
21275092;CENTRO DE ENSINO JOAO PAULO I - ANEXO I - SANTO ANTONIO;2106607;Matões;2.0;2.0;CENSO_ESCOLAR_2025;12;5;453.28;7;436.5;7;476.66;5;400.38;7;5;71.43;391.43;548.0;1.0;1.0;0.0;0.0;0.0;0.0;0.0;0.0;0.0;0.0;1.0;0.0;0.0;1.0;0.0;0.0;0.0;0.0;0.0;1.0;0.0;0.0;0.0;5.0;0.0;0.0;0.0;2.0;50.0;0.0;0.0;4;2.0;50.0;0.0;1.0;20.0;0.0;0.0
21275106;CENTRO DE ENSINO MESTRE TIBERIO - ANEXO I - OLHO D AGUA DO NOGA;2107803;Parnarama;2.0;2.0;CENSO_ESCOLAR_2025;70;54;406.53;55;427.16;55;423.0;54;394.14;55;45;81.82;371.27;453.78;1.0;1.0;0.0;1.0;0.0;0.0;0.0;0.0;0.0;0.0;1.0;0.0;1.0;1.0;0.0;0.0;0.0;0.0;0.0;1.0;0.0;0.0;0.0;24.0;0.0;0.0;0.0;3.0;75.0;0.0;0.0;4;3.0;75.0;0.0;1.0;20.0;0.0;0.0
21275548;INSTITUTO ESTADUAL DE EDUCACAO CIENCIA E TECNOLOGIA DO MA - IEMA PLENO SAO LUIS CENTRO;2111300;São Luís;2.0;1.0;CENSO_ESCOLAR_2025;198;169;482.69;174;492.0;174;520.14;169;470.28;174;152;87.36;538.85;616.84;1.0;1.0;1.0;1.0;1.0;1.0;1.0;1.0;1.0;1.0;1.0;1.0;1.0;1.0;40.0;4.0;10.0;1.0;1.0;1.0;1.0;0.0;0.0;18.0;18.0;18.0;1.0;4.0;100.0;5.0;100.0;4;4.0;100.0;54.0;4.0;80.0;100.0;100.0
21277770;CENTRO DE ENSINO CARLOS MELO;2111201;São José de Ribamar;2.0;2.0;CENSO_ESCOLAR_2025;21;16;423.81;16;434.15;16;461.84;16;422.06;16;10;62.5;306.25;490.0;1.0;1.0;1.0;1.0;1.0;1.0;0.0;0.0;0.0;0.0;1.0;1.0;1.0;1.0;8.0;4.0;0.0;1.0;0.0;1.0;0.0;0.0;0.0;6.0;1.0;6.0;1.0;4.0;100.0;1.0;20.0;4;4.0;100.0;12.0;2.0;40.0;16.67;100.0
21278407;CENTRO DE EDUCACAO QUILOMBOLA FLAVIANO PINTO NETO;2111706;São Vicente Ferrer;2.0;2.0;CENSO_ESCOLAR_2025;14;11;424.68;13;454.69;13;426.45;11;377.41;13;11;84.62;376.92;445.45;1.0;1.0;0.0;0.0;0.0;0.0;0.0;0.0;0.0;0.0;1.0;1.0;1.0;1.0;3.0;0.0;0.0;0.0;1.0;0.0;0.0;0.0;1.0;6.0;0.0;0.0;0.0;2.0;50.0;0.0;0.0;4;4.0;100.0;3.0;1.0;20.0;0.0;0.0
21278458;IFMA - CAMPUS COELHO NETO;2103406;Coelho Neto;1.0;1.0;CENSO_ESCOLAR_2025;137;136;488.73;136;514.84;136;528.6;136;517.07;136;134;98.53;655.15;664.93;1.0;1.0;0.0;1.0;1.0;1.0;1.0;1.0;1.0;0.0;1.0;1.0;1.0;1.0;69.0;21.0;13.0;1.0;1.0;1.0;1.0;0.0;0.0;8.0;8.0;8.0;1.0;3.0;75.0;4.0;80.0;4;4.0;100.0;103.0;4.0;80.0;100.0;100.0
21279403;CENTRO DE ENSINO HUMBERTO DE CAMPOS - ANEXO I - CARNAUBEIRAS;2100907;Araioses;2.0;2.0;CENSO_ESCOLAR_2025;10;6;423.6;6;431.72;6;473.22;6;433.15;6;4;66.67;346.67;520.0;0.0;1.0;0.0;1.0;0.0;0.0;0.0;0.0;0.0;0.0;0.0;0.0;0.0;;0.0;0.0;0.0;0.0;0.0;0.0;0.0;0.0;1.0;3.0;3.0;0.0;0.0;2.0;50.0;0.0;0.0;3;0.0;0.0;0.0;0.0;0.0;100.0;0.0
21279764;IFMA - CAMPUS SAO JOSE DE RIBAMAR;2111201;São José de Ribamar;1.0;1.0;CENSO_ESCOLAR_2025;150;137;518.79;140;532.5;140;544.02;137;544.34;140;132;94.29;614.71;651.97;1.0;1.0;1.0;1.0;1.0;1.0;1.0;1.0;1.0;1.0;1.0;1.0;1.0;1.0;40.0;19.0;0.0;1.0;1.0;1.0;1.0;0.0;0.0;9.0;9.0;9.0;1.0;4.0;100.0;5.0;100.0;4;4.0;100.0;59.0;4.0;80.0;100.0;100.0
21280835;INSTITUTO ESTADUAL DE EDUCACAO CIENCIA E TECNOLOGIA DO MA - IEMA PLENO PINDARE-MIRIM;2108504;Pindaré-Mirim;2.0;1.0;CENSO_ESCOLAR_2025;125;106;473.77;112;476.97;112;494.61;106;453.77;112;98;87.5;608.93;695.92;1.0;1.0;0.0;1.0;1.0;1.0;1.0;1.0;1.0;1.0;1.0;1.0;1.0;1.0;15.0;5.0;0.0;1.0;1.0;1.0;1.0;0.0;0.0;12.0;12.0;12.0;1.0;3.0;75.0;5.0;100.0;4;4.0;100.0;20.0;4.0;80.0;100.0;100.0
21280843;INSTITUTO ESTADUAL DE EDUCACAO CIENCIA E TECNOLOGIA DO MA - IEMA PLENO BACABEIRA;2101251;Bacabeira;2.0;1.0;CENSO_ESCOLAR_2025;122;96;464.98;101;479.03;101;495.48;96;450.3;101;90;89.11;563.76;632.67;1.0;1.0;0.0;1.0;1.0;1.0;1.0;1.0;1.0;1.0;1.0;1.0;1.0;1.0;23.0;2.0;0.0;1.0;1.0;1.0;1.0;0.0;0.0;13.0;13.0;13.0;1.0;3.0;75.0;5.0;100.0;4;4.0;100.0;25.0;4.0;80.0;100.0;100.0
21281637;IFMA - CAMPUS VIANA;2112803;Viana;1.0;2.0;CENSO_ESCOLAR_2025;53;50;502.19;51;513.54;51;511.02;50;510.65;51;51;100.0;723.53;723.53;1.0;1.0;0.0;1.0;1.0;1.0;1.0;1.0;1.0;1.0;1.0;1.0;1.0;1.0;0.0;0.0;22.0;1.0;0.0;1.0;0.0;0.0;0.0;11.0;11.0;11.0;1.0;3.0;75.0;5.0;100.0;4;4.0;100.0;22.0;2.0;40.0;100.0;100.0
21281645;IFMA - CAMPUS AVANCADO ROSARIO;2109601;Rosário;1.0;2.0;CENSO_ESCOLAR_2025;102;95;503.62;97;517.72;97;539.85;95;537.15;97;95;97.94;658.97;672.84;1.0;1.0;1.0;0.0;1.0;1.0;1.0;1.0;0.0;0.0;1.0;1.0;1.0;1.0;40.0;4.0;0.0;1.0;1.0;0.0;0.0;0.0;0.0;12.0;8.0;4.0;1.0;3.0;75.0;3.0;60.0;4;4.0;100.0;44.0;2.0;40.0;66.67;33.33
21281653;IFMA - CAMPUS GRAJAU;2104800;Grajaú;1.0;1.0;CENSO_ESCOLAR_2025;95;84;482.1;87;495.84;87;522.52;84;510.53;87;83;95.4;645.75;676.87;1.0;1.0;0.0;1.0;1.0;1.0;1.0;1.0;1.0;1.0;1.0;1.0;1.0;1.0;60.0;0.0;0.0;1.0;1.0;1.0;1.0;0.0;0.0;9.0;9.0;9.0;1.0;3.0;75.0;5.0;100.0;4;4.0;100.0;60.0;4.0;80.0;100.0;100.0
21281661;IFMA - CAMPUS PEDREIRAS;2108207;Pedreiras;1.0;1.0;CENSO_ESCOLAR_2025;326;290;501.7;305;496.32;305;531.41;290;534.31;305;283;92.79;612.72;660.35;1.0;1.0;0.0;1.0;1.0;1.0;1.0;1.0;1.0;0.0;1.0;1.0;1.0;1.0;60.0;0.0;0.0;1.0;1.0;1.0;1.0;0.0;0.0;10.0;10.0;10.0;1.0;3.0;75.0;4.0;80.0;4;4.0;100.0;60.0;4.0;80.0;100.0;100.0
21281785;IFMA - CAMPUS AVANCADO PORTO FRANCO;2109007;Porto Franco;1.0;1.0;CENSO_ESCOLAR_2025;26;26;515.25;26;534.96;26;554.08;26;580.17;26;26;100.0;726.92;726.92;1.0;1.0;1.0;1.0;0.0;1.0;1.0;1.0;1.0;0.0;1.0;1.0;1.0;1.0;40.0;6.0;0.0;1.0;0.0;1.0;0.0;0.0;0.0;6.0;6.0;0.0;1.0;4.0;100.0;4.0;80.0;4;4.0;100.0;46.0;2.0;40.0;100.0;0.0
21282137;INSTITUTO ESTADUAL DE EDUCACAO CIENCIA E TECNOLOGIA DO MA - IEMA PLENO AXIXA;2101103;Axixá;2.0;2.0;CENSO_ESCOLAR_2025;118;96;449.32;97;442.75;97;472.43;96;442.35;97;91;93.81;552.16;588.57;1.0;1.0;0.0;1.0;1.0;1.0;1.0;1.0;1.0;1.0;1.0;1.0;1.0;1.0;30.0;1.0;1.0;1.0;1.0;1.0;0.0;0.0;0.0;13.0;13.0;0.0;1.0;3.0;75.0;5.0;100.0;4;4.0;100.0;32.0;3.0;60.0;100.0;0.0
21282145;INSTITUTO ESTADUAL DE EDUCACAO CIENCIA E TECNOLOGIA DO MA - IEMA PLENO COROATA;2103604;Coroatá;2.0;1.0;CENSO_ESCOLAR_2025;124;116;478.92;117;466.29;117;493.58;116;475.05;117;112;95.73;640.68;669.29;1.0;1.0;1.0;1.0;1.0;1.0;1.0;1.0;1.0;1.0;1.0;1.0;1.0;0.0;39.0;1.0;0.0;1.0;1.0;1.0;0.0;0.0;0.0;12.0;12.0;0.0;1.0;4.0;100.0;5.0;100.0;4;3.0;75.0;40.0;3.0;60.0;100.0;0.0
21282153;INSTITUTO ESTADUAL DE EDUCACAO CIENCIA E TECNOLOGIA DO MA - IEMA PLENO SAO JOSE DE RIBAMAR;2111201;São José de Ribamar;2.0;1.0;CENSO_ESCOLAR_2025;98;77;463.56;84;468.65;84;494.98;77;437.51;84;77;91.67;534.52;583.12;1.0;1.0;0.0;1.0;1.0;1.0;1.0;1.0;1.0;1.0;1.0;1.0;1.0;1.0;20.0;0.0;0.0;1.0;1.0;1.0;1.0;0.0;0.0;12.0;12.0;12.0;1.0;3.0;75.0;5.0;100.0;4;4.0;100.0;20.0;4.0;80.0;100.0;100.0
21282161;INSTITUTO ESTADUAL DE EDUCACAO CIENCIA E TECNOLOGIA DO MA - IEMA PLENO TIMON;2112209;Timon;2.0;1.0;CENSO_ESCOLAR_2025;118;101;481.11;103;500.06;103;513.41;101;479.5;103;99;96.12;625.44;650.71;1.0;1.0;1.0;1.0;1.0;1.0;1.0;1.0;0.0;0.0;1.0;1.0;1.0;1.0;20.0;0.0;0.0;1.0;1.0;1.0;0.0;0.0;0.0;13.0;13.0;0.0;1.0;4.0;100.0;3.0;60.0;4;4.0;100.0;20.0;3.0;60.0;100.0;0.0
21283290;IFMA - CAMPUS PRESIDENTE DUTRA;2109106;Presidente Dutra;1.0;2.0;CENSO_ESCOLAR_2025;64;61;533.52;61;574.21;61;570.48;61;610.17;61;61;100.0;776.72;776.72;1.0;1.0;0.0;1.0;1.0;1.0;1.0;1.0;1.0;0.0;1.0;1.0;1.0;1.0;80.0;5.0;12.0;1.0;0.0;1.0;0.0;0.0;0.0;10.0;10.0;10.0;1.0;3.0;75.0;4.0;80.0;4;4.0;100.0;97.0;2.0;40.0;100.0;100.0
21283303;IFMA - CAMPUS ITAPECURU MIRIM;2105401;Itapecuru Mirim;1.0;1.0;CENSO_ESCOLAR_2025;71;69;508.14;70;526.81;70;536.47;69;555.69;70;70;100.0;707.71;707.71;1.0;1.0;1.0;1.0;1.0;1.0;1.0;1.0;1.0;0.0;1.0;1.0;1.0;1.0;57.0;0.0;0.0;1.0;1.0;1.0;0.0;0.0;0.0;8.0;8.0;0.0;1.0;4.0;100.0;4.0;80.0;4;4.0;100.0;57.0;3.0;60.0;100.0;0.0
21283850;CENTRO DE ENSINO MATIAS COSTA;2105104;Icatu;2.0;2.0;CENSO_ESCOLAR_2025;46;38;421.65;41;437.81;41;428.75;38;386.22;41;38;92.68;433.17;467.37;1.0;1.0;0.0;0.0;1.0;1.0;0.0;0.0;0.0;0.0;1.0;0.0;1.0;1.0;0.0;1.0;0.0;1.0;0.0;1.0;0.0;0.0;0.0;5.0;2.0;5.0;1.0;2.0;50.0;1.0;20.0;4;3.0;75.0;1.0;2.0;40.0;40.0;100.0
21283869;INSTITUTO ESTADUAL DE EDUCACAO CIENCIA E TECNOLOGIA DO MA - IEMA PLENO BREJO;2102101;Brejo;2.0;2.0;CENSO_ESCOLAR_2025;100;90;449.78;91;458.92;91;476.99;90;433.76;91;88;96.7;551.65;570.45;1.0;1.0;0.0;0.0;1.0;1.0;1.0;1.0;0.0;1.0;1.0;1.0;1.0;1.0;35.0;1.0;0.0;1.0;1.0;1.0;0.0;0.0;0.0;13.0;13.0;13.0;1.0;2.0;50.0;4.0;80.0;4;4.0;100.0;36.0;3.0;60.0;100.0;100.0
21283877;INSTITUTO ESTADUAL DE EDUCACAO CIENCIA E TECNOLOGIA DO MA - IEMA PLENO CURURUPU;2103703;Cururupu;2.0;1.0;CENSO_ESCOLAR_2025;111;96;466.67;100;482.59;100;499.02;96;458.34;100;91;91.0;490.6;539.12;1.0;1.0;0.0;1.0;1.0;1.0;1.0;1.0;1.0;1.0;1.0;1.0;1.0;1.0;49.0;0.0;0.0;1.0;1.0;1.0;1.0;0.0;0.0;13.0;13.0;13.0;1.0;3.0;75.0;5.0;100.0;4;4.0;100.0;49.0;4.0;80.0;100.0;100.0
21283885;INSTITUTO ESTADUAL DE EDUCACAO CIENCIA E TECNOLOGIA DO MA - IEMA PLENO SAO LUIS ITAQUI BACANGA;2111300;São Luís;2.0;1.0;CENSO_ESCOLAR_2025;138;117;453.83;123;450.46;123;485.02;117;437.07;123;102;82.93;430.73;519.41;1.0;1.0;1.0;1.0;1.0;1.0;1.0;1.0;1.0;1.0;1.0;1.0;1.0;1.0;40.0;1.0;0.0;1.0;1.0;1.0;0.0;0.0;0.0;14.0;13.0;2.0;1.0;4.0;100.0;5.0;100.0;4;4.0;100.0;41.0;3.0;60.0;92.86;14.29
21283893;INSTITUTO ESTADUAL DE EDUCACAO CIENCIA E TECNOLOGIA DO MA - IEMA PLENO MATOES;2106607;Matões;2.0;1.0;CENSO_ESCOLAR_2025;109;88;445.32;94;452.31;94;466.43;88;435.11;94;86;91.49;512.34;560.0;1.0;1.0;1.0;1.0;1.0;1.0;1.0;1.0;1.0;1.0;1.0;1.0;1.0;1.0;22.0;0.0;0.0;1.0;1.0;1.0;1.0;0.0;0.0;12.0;12.0;0.0;1.0;4.0;100.0;5.0;100.0;4;4.0;100.0;22.0;4.0;80.0;100.0;0.0
21283907;INSTITUTO ESTADUAL DE EDUCACAO CIENCIA E TECNOLOGIA DO MA - IEMA PLENO PRESIDENTE DUTRA;2109106;Presidente Dutra;2.0;2.0;CENSO_ESCOLAR_2025;118;110;468.03;113;482.04;113;514.75;110;470.67;113;111;98.23;661.42;673.33;1.0;1.0;0.0;1.0;1.0;1.0;1.0;1.0;1.0;1.0;1.0;0.0;1.0;1.0;20.0;2.0;0.0;1.0;0.0;1.0;1.0;0.0;0.0;12.0;12.0;12.0;1.0;3.0;75.0;5.0;100.0;4;3.0;75.0;22.0;3.0;60.0;100.0;100.0
21283915;INSTITUTO ESTADUAL DE EDUCACAO CIENCIA E TECNOLOGIA DO MA - IEMA PLENO SANTA INES;2109908;Santa Inês;2.0;1.0;CENSO_ESCOLAR_2025;119;101;477.82;105;469.07;105;492.95;101;453.71;105;99;94.29;589.33;625.05;1.0;1.0;1.0;1.0;1.0;1.0;1.0;1.0;1.0;1.0;1.0;1.0;1.0;1.0;30.0;0.0;0.0;1.0;0.0;1.0;1.0;0.0;0.0;12.0;12.0;0.0;1.0;4.0;100.0;5.0;100.0;4;4.0;100.0;30.0;3.0;60.0;100.0;0.0
21284334;IFMA - CAMPUS ARAIOSES;2100907;Araioses;1.0;1.0;CENSO_ESCOLAR_2025;78;67;477.99;72;475.63;72;506.78;67;445.11;72;68;94.44;620.83;657.35;1.0;1.0;0.0;1.0;1.0;1.0;1.0;1.0;1.0;0.0;1.0;1.0;1.0;1.0;50.0;0.0;0.0;1.0;1.0;1.0;0.0;0.0;0.0;9.0;9.0;9.0;1.0;3.0;75.0;4.0;80.0;4;4.0;100.0;50.0;3.0;60.0;100.0;100.0
21284970;CENTRO DE ENSINO RAFAEL BRAGA DE OLIVEIRA - ANEXO I POVOADO CORDEIRO;2108702;Pio XII;2.0;2.0;CENSO_ESCOLAR_2025;50;40;434.22;41;430.68;41;457.9;40;395.06;41;27;65.85;350.24;531.85;1.0;1.0;0.0;0.0;1.0;1.0;0.0;1.0;0.0;0.0;1.0;0.0;0.0;0.0;1.0;4.0;0.0;1.0;0.0;0.0;0.0;0.0;0.0;6.0;6.0;0.0;1.0;2.0;50.0;2.0;40.0;4;1.0;25.0;5.0;1.0;20.0;100.0;0.0
21284989;CENTRO EDUCA MAIS ROBSON PARENTES NOLETO SILVA;2112209;Timon;2.0;1.0;CENSO_ESCOLAR_2025;47;25;467.95;26;453.55;26;472.07;25;426.81;26;22;84.62;432.31;510.91;1.0;1.0;1.0;1.0;0.0;1.0;0.0;0.0;0.0;0.0;1.0;0.0;0.0;1.0;1.0;1.0;0.0;1.0;0.0;1.0;0.0;0.0;0.0;6.0;6.0;6.0;1.0;4.0;100.0;1.0;20.0;4;2.0;50.0;2.0;2.0;40.0;100.0;100.0
21285012;COLEGIO MILITAR 2 DE JULHO - UNIDADE XI - C E PROF RAIMUNDO JOSE PEREIRA DA SILVA;2101608;Barra do Corda;2.0;1.0;CENSO_ESCOLAR_2025;77;70;490.23;73;486.92;73;513.58;70;507.32;73;71;97.26;657.26;675.77;1.0;1.0;0.0;1.0;1.0;1.0;0.0;0.0;1.0;0.0;1.0;1.0;1.0;1.0;2.0;0.0;0.0;1.0;0.0;0.0;0.0;0.0;0.0;12.0;10.0;12.0;1.0;3.0;75.0;2.0;40.0;4;4.0;100.0;2.0;1.0;20.0;83.33;100.0
21285250;CENTRO DE ENSINO ANTILHON TEOPLO RAMOS ROCHA;2114007;Zé Doca;2.0;1.0;CENSO_ESCOLAR_2025;52;29;455.5;32;452.54;32;457.89;29;437.79;32;27;84.38;427.5;506.67;1.0;1.0;0.0;1.0;0.0;0.0;0.0;0.0;0.0;0.0;1.0;1.0;1.0;1.0;0.0;8.0;0.0;1.0;0.0;1.0;0.0;0.0;0.0;6.0;6.0;0.0;0.0;3.0;75.0;0.0;0.0;4;4.0;100.0;8.0;2.0;40.0;100.0;0.0
21285268;CENTRO EDUCA MAIS PROFESSOR JOSE RIBAMAR SANTOS SILVA;2107456;Olinda Nova do Maranhão;2.0;2.0;CENSO_ESCOLAR_2025;51;33;440.07;33;431.79;33;460.21;33;415.77;33;28;84.85;444.85;524.29;1.0;1.0;0.0;1.0;0.0;0.0;0.0;1.0;0.0;0.0;1.0;1.0;0.0;1.0;8.0;3.0;0.0;1.0;1.0;0.0;0.0;0.0;0.0;6.0;6.0;6.0;0.0;3.0;75.0;1.0;20.0;4;3.0;75.0;11.0;2.0;40.0;100.0;100.0
21285608;CENTRO DE ENSINO PAULO FREIRE - ANEXO I - BURITIRANA;2106102;Loreto;2.0;2.0;CENSO_ESCOLAR_2025;10;4;431.3;5;458.22;5;489.88;4;363.7;5;5;100.0;556.0;556.0;1.0;1.0;0.0;0.0;0.0;0.0;0.0;1.0;0.0;0.0;1.0;1.0;0.0;0.0;3.0;0.0;0.0;0.0;0.0;1.0;0.0;0.0;0.0;3.0;1.0;0.0;0.0;2.0;50.0;1.0;20.0;4;2.0;50.0;3.0;1.0;20.0;33.33;0.0
21286000;CENTRO DE ENSINO LUSO ROCHA - ANEXO II - BACURI;2109502;Riachão;2.0;2.0;CENSO_ESCOLAR_2025;13;9;464.72;9;451.5;9;472.29;9;438.68;9;9;100.0;575.56;575.56;1.0;1.0;0.0;1.0;0.0;0.0;0.0;0.0;1.0;0.0;0.0;0.0;0.0;;0.0;0.0;0.0;0.0;0.0;1.0;0.0;0.0;0.0;4.0;4.0;4.0;0.0;3.0;75.0;1.0;20.0;3;0.0;0.0;0.0;1.0;20.0;100.0;100.0
21286183;INSTITUTO ESTADUAL DE EDUCACAO CIENCIA E TECNOLOGIA DO MA - IEMA PLENO SAO VICENTE FERRER;2111706;São Vicente Ferrer;2.0;2.0;CENSO_ESCOLAR_2025;103;91;452.04;95;449.7;95;472.47;91;439.67;95;75;78.95;477.26;604.53;1.0;1.0;0.0;1.0;1.0;1.0;1.0;1.0;1.0;1.0;1.0;0.0;1.0;0.0;8.0;1.0;13.0;1.0;1.0;1.0;1.0;0.0;0.0;12.0;12.0;12.0;1.0;3.0;75.0;5.0;100.0;4;2.0;50.0;22.0;4.0;80.0;100.0;100.0
21286205;CENTRO DE ENSINO DR TARQUINIO LOPES FILHO - ANEXO I - SONHO DOURADO;2102903;Carutapera;2.0;1.0;CENSO_ESCOLAR_2025;10;7;461.11;8;483.11;8;485.19;7;444.11;8;8;100.0;475.0;475.0;1.0;1.0;0.0;1.0;0.0;0.0;0.0;0.0;0.0;1.0;0.0;0.0;0.0;;0.0;0.0;0.0;1.0;0.0;1.0;0.0;0.0;0.0;3.0;0.0;1.0;0.0;3.0;75.0;1.0;20.0;3;0.0;0.0;0.0;2.0;40.0;0.0;33.33
21286400;CENTRO DE ENSINO DR TARQUINIO LOPES FILHO - ANEXO II - LIVRAMENTO;2102903;Carutapera;2.0;2.0;CENSO_ESCOLAR_2025;10;6;486.97;6;462.48;6;479.57;6;483.02;6;4;66.67;363.33;545.0;1.0;1.0;0.0;1.0;0.0;0.0;0.0;0.0;0.0;0.0;0.0;0.0;0.0;;0.0;0.0;0.0;0.0;0.0;1.0;0.0;0.0;0.0;3.0;0.0;1.0;0.0;3.0;75.0;0.0;0.0;3;0.0;0.0;0.0;1.0;20.0;0.0;33.33
21286736;CENTRO DE ENSINO ESTADO DO PARANA;2107902;Passagem Franca;2.0;1.0;CENSO_ESCOLAR_2025;86;67;450.62;68;464.08;68;473.49;67;450.83;68;54;79.41;523.82;659.63;1.0;1.0;0.0;1.0;0.0;0.0;0.0;0.0;0.0;0.0;1.0;0.0;1.0;1.0;0.0;1.0;0.0;0.0;0.0;1.0;0.0;0.0;0.0;11.0;1.0;4.0;0.0;3.0;75.0;0.0;0.0;4;3.0;75.0;1.0;1.0;20.0;9.09;36.36
21287422;INSTITUTO ESTADUAL DE EDUCACAO CIENCIA E TECNOLOGIA DO MA - IEMA PLENO CODO;2103307;Codó;2.0;1.0;CENSO_ESCOLAR_2025;140;136;466.58;136;469.47;136;498.55;136;445.7;136;121;88.97;541.76;608.93;1.0;1.0;0.0;1.0;0.0;1.0;1.0;1.0;1.0;1.0;1.0;0.0;1.0;1.0;15.0;0.0;0.0;1.0;1.0;1.0;0.0;0.0;0.0;12.0;12.0;12.0;1.0;3.0;75.0;5.0;100.0;4;3.0;75.0;15.0;3.0;60.0;100.0;100.0
21287449;INSTITUTO ESTADUAL DE EDUCACAO CIENCIA E TECNOLOGIA DO MA - IEMA PLENO BACABAL;2101202;Bacabal;2.0;1.0;CENSO_ESCOLAR_2025;144;125;445.2;131;460.44;131;477.53;125;433.8;131;107;81.68;482.9;591.21;1.0;1.0;1.0;1.0;1.0;1.0;1.0;1.0;1.0;1.0;1.0;1.0;1.0;1.0;8.0;30.0;3.0;1.0;1.0;1.0;0.0;0.0;0.0;12.0;12.0;3.0;1.0;4.0;100.0;5.0;100.0;4;4.0;100.0;41.0;3.0;60.0;100.0;25.0
21287457;INSTITUTO ESTADUAL DE EDUCACAO CIENCIA E TECNOLOGIA DO MA - IEMA PLENO SANTA LUZIA DO PARUA;2110039;Santa Luzia do Paruá;2.0;1.0;CENSO_ESCOLAR_2025;115;101;474.3;105;474.23;105;498.14;101;468.74;105;98;93.33;607.05;650.41;1.0;1.0;0.0;1.0;1.0;1.0;0.0;1.0;1.0;0.0;1.0;0.0;1.0;1.0;20.0;0.0;0.0;1.0;1.0;0.0;0.0;0.0;0.0;12.0;12.0;0.0;1.0;3.0;75.0;3.0;60.0;4;3.0;75.0;20.0;2.0;40.0;100.0;0.0
21287465;INSTITUTO ESTADUAL DE EDUCACAO CIENCIA E TECNOLOGIA DO MA - IEMA PLENO VARGEM GRANDE;2112704;Vargem Grande;2.0;1.0;CENSO_ESCOLAR_2025;99;92;459.82;94;456.65;94;479.41;92;446.88;94;77;81.91;516.38;630.39;1.0;1.0;0.0;1.0;1.0;1.0;1.0;1.0;1.0;1.0;1.0;1.0;1.0;1.0;13.0;0.0;1.0;1.0;1.0;1.0;1.0;0.0;0.0;12.0;12.0;12.0;1.0;3.0;75.0;5.0;100.0;4;4.0;100.0;14.0;4.0;80.0;100.0;100.0
21288747;INSTITUTO ESTADUAL DE EDUCACAO CIENCIA E TECNOLOGIA DO MA - IEMA PLENO CHAPADINHA;2103208;Chapadinha;2.0;1.0;CENSO_ESCOLAR_2025;133;120;463.64;122;471.26;122;491.69;120;476.22;122;112;91.8;630.98;687.32;1.0;1.0;0.0;1.0;1.0;1.0;1.0;1.0;1.0;1.0;1.0;0.0;1.0;1.0;10.0;2.0;0.0;1.0;0.0;1.0;1.0;0.0;0.0;12.0;12.0;0.0;1.0;3.0;75.0;5.0;100.0;4;3.0;75.0;12.0;3.0;60.0;100.0;0.0
21288755;INSTITUTO ESTADUAL DE EDUCACAO CIENCIA E TECNOLOGIA DO MA - IEMA PLENO SAO LUIS TAMANCAO;2111300;São Luís;2.0;1.0;CENSO_ESCOLAR_2025;48;40;486.24;40;484.74;40;513.9;40;452.86;40;39;97.5;528.0;541.54;1.0;1.0;1.0;1.0;1.0;1.0;1.0;1.0;0.0;1.0;1.0;1.0;1.0;1.0;25.0;2.0;6.0;1.0;1.0;1.0;1.0;0.0;0.0;5.0;5.0;4.0;1.0;4.0;100.0;4.0;80.0;4;4.0;100.0;33.0;4.0;80.0;100.0;80.0
21288763;INSTITUTO ESTADUAL DE EDUCACAO CIENCIA E TECNOLOGIA DO MA - IEMA PLENO CARUTAPERA;2102903;Carutapera;2.0;1.0;CENSO_ESCOLAR_2025;138;120;469.28;125;462.24;125;502.45;120;452.27;125;117;93.6;521.44;557.09;1.0;1.0;0.0;1.0;1.0;1.0;1.0;1.0;1.0;1.0;1.0;1.0;1.0;1.0;20.0;3.0;0.0;1.0;0.0;1.0;1.0;0.0;0.0;12.0;12.0;12.0;1.0;3.0;75.0;5.0;100.0;4;4.0;100.0;23.0;3.0;60.0;100.0;100.0
21288771;INSTITUTO ESTADUAL DE EDUCACAO CIENCIA E TECNOLOGIA DO MA - IEMA PLENO BALSAS;2101400;Balsas;2.0;1.0;CENSO_ESCOLAR_2025;90;68;467.52;72;470.65;72;506.09;68;468.4;72;71;98.61;611.67;620.28;1.0;1.0;0.0;1.0;1.0;1.0;1.0;1.0;1.0;1.0;1.0;0.0;1.0;1.0;20.0;3.0;0.0;1.0;1.0;1.0;1.0;0.0;0.0;12.0;12.0;12.0;1.0;3.0;75.0;5.0;100.0;4;3.0;75.0;23.0;4.0;80.0;100.0;100.0
21288780;INSTITUTO ESTADUAL DE EDUCACAO CIENCIA E TECNOLOGIA DO MA - IEMA PLENO COELHO NETO;2103406;Coelho Neto;2.0;1.0;CENSO_ESCOLAR_2025;128;119;453.39;124;480.34;124;500.4;119;452.84;124;115;92.74;588.87;634.96;1.0;1.0;0.0;1.0;1.0;1.0;1.0;1.0;1.0;1.0;1.0;1.0;1.0;1.0;23.0;0.0;0.0;1.0;1.0;1.0;1.0;1.0;0.0;12.0;12.0;0.0;1.0;3.0;75.0;5.0;100.0;4;4.0;100.0;23.0;5.0;100.0;100.0;0.0
21288810;INSTITUTO ESTADUAL DE EDUCACAO CIENCIA E TECNOLOGIA DO MA - IEMA PLENO COLINAS;2103505;Colinas;2.0;2.0;CENSO_ESCOLAR_2025;92;86;457.2;90;475.25;90;496.64;86;459.74;90;84;93.33;576.89;618.1;1.0;1.0;0.0;1.0;1.0;1.0;1.0;1.0;1.0;1.0;1.0;1.0;1.0;1.0;33.0;3.0;0.0;1.0;1.0;1.0;1.0;0.0;0.0;12.0;12.0;12.0;1.0;3.0;75.0;5.0;100.0;4;4.0;100.0;36.0;4.0;80.0;100.0;100.0
21288828;CENTRO EDUCA MAIS RAIMUNDO PINHEIRO PIRES;2103307;Codó;2.0;2.0;CENSO_ESCOLAR_2025;33;18;432.88;19;447.57;19;447.76;18;404.21;19;16;84.21;417.89;496.25;1.0;1.0;1.0;1.0;0.0;0.0;0.0;0.0;1.0;0.0;1.0;0.0;0.0;1.0;0.0;0.0;0.0;0.0;0.0;1.0;0.0;0.0;0.0;6.0;0.0;0.0;0.0;4.0;100.0;1.0;20.0;4;2.0;50.0;0.0;1.0;20.0;0.0;0.0
21288879;INSTITUTO ESTADUAL DE EDUCACAO CIENCIA E TECNOLOGIA DO MA - IEMA PLENO ALTO ALEGRE DO PINDARE;2100477;Alto Alegre do Pindaré;2.0;1.0;CENSO_ESCOLAR_2025;95;79;457.8;82;452.09;82;489.89;79;466.89;82;71;86.59;574.88;663.94;1.0;1.0;0.0;1.0;0.0;0.0;1.0;0.0;0.0;0.0;1.0;1.0;1.0;1.0;0.0;10.0;0.0;1.0;0.0;1.0;0.0;0.0;0.0;9.0;9.0;9.0;0.0;3.0;75.0;1.0;20.0;4;4.0;100.0;10.0;2.0;40.0;100.0;100.0
21289280;CENTRO EDUCA MAIS VICENTE GARRETO DE VASCONCELOS;2100808;Anapurus;2.0;1.0;CENSO_ESCOLAR_2025;25;17;447.98;17;465.22;17;474.54;17;435.24;17;16;94.12;548.24;582.5;1.0;1.0;0.0;1.0;1.0;1.0;0.0;0.0;0.0;0.0;0.0;0.0;0.0;;10.0;8.0;0.0;1.0;0.0;1.0;0.0;0.0;0.0;6.0;6.0;6.0;1.0;3.0;75.0;1.0;20.0;3;0.0;0.0;18.0;2.0;40.0;100.0;100.0
21289379;CENTRO EDUCA MAIS ALFREDO RODRIGUES LIMA;2100436;Alto Alegre do Maranhão;2.0;1.0;CENSO_ESCOLAR_2025;82;46;434.39;49;443.86;49;463.83;46;409.76;49;42;85.71;442.04;515.71;1.0;1.0;0.0;1.0;1.0;1.0;1.0;1.0;0.0;0.0;1.0;1.0;1.0;1.0;5.0;0.0;0.0;1.0;0.0;1.0;0.0;0.0;0.0;6.0;0.0;0.0;1.0;3.0;75.0;3.0;60.0;4;4.0;100.0;5.0;2.0;40.0;0.0;0.0
21290148;INSTITUTO ESTADUAL DE EDUCACAO CIENCIA E TECNOLOGIA DO MA - IEMA PLENO SAO MATEUS;2111508;São Mateus do Maranhão;2.0;2.0;CENSO_ESCOLAR_2025;140;130;479.08;132;483.8;132;511.97;130;489.17;132;127;96.21;648.94;674.49;1.0;1.0;0.0;1.0;1.0;1.0;1.0;1.0;1.0;1.0;1.0;1.0;1.0;0.0;20.0;0.0;0.0;1.0;1.0;1.0;1.0;0.0;0.0;12.0;12.0;12.0;1.0;3.0;75.0;5.0;100.0;4;3.0;75.0;20.0;4.0;80.0;100.0;100.0
21291373;CENTRO DE ENSINO POETA CUNHA SANTOS;2111201;São José de Ribamar;2.0;1.0;CENSO_ESCOLAR_2025;192;145;456.47;152;455.4;152;486.66;145;433.48;152;140;92.11;507.76;551.29;1.0;1.0;1.0;1.0;1.0;1.0;0.0;0.0;1.0;0.0;1.0;1.0;0.0;1.0;0.0;2.0;33.0;1.0;0.0;0.0;0.0;0.0;0.0;5.0;0.0;0.0;1.0;4.0;100.0;2.0;40.0;4;3.0;75.0;35.0;1.0;20.0;0.0;0.0
21292051;CENTRO EDUCA MAIS QUILOMBOLA ROSALINO DE LIMA MARTINS;2104909;Guimarães;2.0;2.0;CENSO_ESCOLAR_2025;16;12;401.93;12;449.89;12;426.18;12;394.28;12;9;75.0;313.33;417.78;1.0;1.0;0.0;0.0;1.0;1.0;0.0;1.0;0.0;0.0;0.0;0.0;0.0;;0.0;0.0;34.0;1.0;0.0;1.0;0.0;0.0;0.0;4.0;3.0;4.0;1.0;2.0;50.0;2.0;40.0;3;0.0;0.0;34.0;2.0;40.0;75.0;100.0
21296804;CENTRO DE ENSINO PROFESSORA MARIA ANITA OLIVEIRA NEPOMUCENO - ANEXO I - JACAREZINHO;2105476;Jenipapo dos Vieiras;2.0;2.0;CENSO_ESCOLAR_2025;12;8;463.39;8;476.8;8;513.92;8;457.15;8;8;100.0;657.5;657.5;1.0;1.0;0.0;0.0;0.0;0.0;0.0;0.0;0.0;0.0;0.0;0.0;0.0;;0.0;0.0;0.0;0.0;0.0;1.0;0.0;0.0;0.0;3.0;0.0;0.0;0.0;2.0;50.0;0.0;0.0;3;0.0;0.0;0.0;1.0;20.0;0.0;0.0
21297002;CENTRO DE ENSINO PROFESSORA MARIA ANITA OLIVEIRA NEPOMUCENO - ANEXO IV - LAGOA DO COCO;2105476;Jenipapo dos Vieiras;2.0;2.0;CENSO_ESCOLAR_2025;13;5;471.44;5;470.32;5;492.56;5;426.52;5;4;80.0;352.0;440.0;1.0;1.0;0.0;0.0;0.0;0.0;0.0;0.0;0.0;0.0;0.0;0.0;0.0;;0.0;0.0;0.0;0.0;0.0;1.0;0.0;0.0;0.0;4.0;0.0;0.0;0.0;2.0;50.0;0.0;0.0;3;0.0;0.0;0.0;1.0;20.0;0.0;0.0
21306605;CENTRO DE ENSINO DR JOAO LULA - ANEXO I - CAMPO GRANDE;2112209;Timon;2.0;2.0;CENSO_ESCOLAR_2025;47;12;432.08;12;418.55;12;441.45;12;423.03;12;9;75.0;333.33;444.44;1.0;1.0;0.0;1.0;0.0;0.0;0.0;0.0;0.0;0.0;0.0;0.0;0.0;;0.0;0.0;0.0;1.0;0.0;0.0;0.0;0.0;1.0;11.0;11.0;11.0;0.0;3.0;75.0;0.0;0.0;3;0.0;0.0;0.0;1.0;20.0;100.0;100.0
21313202;CENTRO DE ENSINO DR HENRIQUE COUTO - ANEXO I - BAIXA GRANDE;2110609;São Bernardo;2.0;2.0;CENSO_ESCOLAR_2025;27;17;428.8;18;455.68;18;448.52;17;417.25;18;15;83.33;398.89;478.67;0.0;1.0;0.0;0.0;0.0;0.0;0.0;0.0;1.0;0.0;0.0;0.0;0.0;;0.0;0.0;0.0;0.0;0.0;1.0;0.0;0.0;0.0;3.0;0.0;0.0;0.0;1.0;25.0;1.0;20.0;3;0.0;0.0;0.0;1.0;20.0;0.0;0.0
21313407;CENTRO DE ENSINO DEBORA CORREIA LIMA - ANEXO I - COQUEIRO;2110609;São Bernardo;2.0;2.0;CENSO_ESCOLAR_2025;20;19;433.44;19;443.63;19;478.47;19;417.48;19;17;89.47;527.37;589.41;1.0;1.0;0.0;0.0;0.0;0.0;0.0;0.0;0.0;0.0;1.0;0.0;0.0;0.0;0.0;0.0;0.0;0.0;0.0;0.0;0.0;0.0;1.0;3.0;0.0;0.0;0.0;2.0;50.0;0.0;0.0;4;1.0;25.0;0.0;0.0;0.0;0.0;0.0
21314004;CENTRO DE ENSINO FRANCISCO MACATRAO - ANEXO I - PALESTINA;2102101;Brejo;2.0;2.0;CENSO_ESCOLAR_2025;29;16;419.78;18;426.89;18;428.94;16;401.44;18;17;94.44;481.11;509.41;1.0;1.0;0.0;0.0;1.0;1.0;0.0;0.0;0.0;0.0;1.0;0.0;1.0;1.0;0.0;1.0;0.0;1.0;0.0;1.0;0.0;0.0;0.0;7.0;7.0;0.0;1.0;2.0;50.0;1.0;20.0;4;3.0;75.0;1.0;2.0;40.0;100.0;0.0
21314209;CENTRO DE ENSINO PAULO RAMOS - ANEXO IV - PORTO SANTO;2112407;Turiaçu;2.0;2.0;CENSO_ESCOLAR_2025;10;8;429.39;8;448.85;8;474.0;8;436.51;8;8;100.0;582.5;582.5;1.0;1.0;0.0;0.0;0.0;0.0;0.0;0.0;0.0;0.0;0.0;0.0;0.0;;0.0;0.0;0.0;0.0;0.0;1.0;0.0;0.0;0.0;5.0;0.0;5.0;0.0;2.0;50.0;0.0;0.0;3;0.0;0.0;0.0;1.0;20.0;0.0;100.0
21315604;CENTRO DE ENSINO ESTER FLORA DE ARAUJO - ANEXO I - CAJAZEIRAS;2112605;Urbano Santos;2.0;1.0;CENSO_ESCOLAR_2025;47;16;397.07;19;421.38;19;400.65;16;387.83;19;11;57.89;269.47;465.45;1.0;1.0;0.0;0.0;0.0;0.0;0.0;0.0;0.0;0.0;1.0;0.0;0.0;1.0;1.0;1.0;0.0;0.0;0.0;1.0;0.0;0.0;0.0;9.0;0.0;0.0;0.0;2.0;50.0;0.0;0.0;4;2.0;50.0;2.0;1.0;20.0;0.0;0.0
21316201;CENTRO DE EDUCACAO QUILOMBOLA ANGELO DA CONCEICAO DA GUARDA;2112902;Vitória do Mearim;2.0;2.0;CENSO_ESCOLAR_2025;10;5;421.8;7;437.67;7;465.96;5;432.32;7;7;100.0;505.71;505.71;1.0;1.0;0.0;0.0;0.0;0.0;0.0;0.0;0.0;0.0;1.0;1.0;1.0;0.0;0.0;2.0;0.0;1.0;0.0;1.0;1.0;0.0;0.0;4.0;0.0;0.0;0.0;2.0;50.0;0.0;0.0;4;3.0;75.0;2.0;3.0;60.0;0.0;0.0
21316406;CENTRO DE ENSINO MARIA GRACIANA PINTO COSTA - ANEXO I - COQUE;2112902;Vitória do Mearim;2.0;2.0;CENSO_ESCOLAR_2025;17;9;437.11;9;428.09;9;472.22;9;392.84;9;4;44.44;224.44;505.0;1.0;1.0;0.0;1.0;0.0;0.0;0.0;0.0;0.0;0.0;1.0;0.0;1.0;1.0;0.0;0.0;0.0;0.0;0.0;0.0;0.0;0.0;1.0;7.0;0.0;0.0;0.0;3.0;75.0;0.0;0.0;4;3.0;75.0;0.0;0.0;0.0;0.0;0.0
21323224;CENTRO DE ENSINO DR JACKSON LAGO - ANEXO I - TRES FUROS;2109270;Presidente Sarney;2.0;2.0;CENSO_ESCOLAR_2025;59;35;425.68;38;446.4;38;440.54;35;407.32;38;29;76.32;353.16;462.76;1.0;1.0;0.0;1.0;1.0;1.0;0.0;0.0;0.0;1.0;1.0;0.0;0.0;0.0;0.0;0.0;0.0;0.0;0.0;1.0;1.0;0.0;0.0;8.0;8.0;0.0;1.0;3.0;75.0;2.0;40.0;4;1.0;25.0;0.0;2.0;40.0;100.0;0.0
21323240;CENTRO DE ENSINO TEREZINHA DE JESUS SILVA BORGES - ANEXO III TRES PALMEIRAS;2108256;Pedro do Rosário;2.0;2.0;CENSO_ESCOLAR_2025;12;1;411.7;1;363.0;1;369.1;1;559.3;1;0;0.0;0.0;;0.0;1.0;0.0;0.0;0.0;0.0;0.0;0.0;1.0;0.0;1.0;0.0;0.0;1.0;0.0;0.0;0.0;0.0;0.0;1.0;0.0;0.0;0.0;11.0;6.0;0.0;0.0;1.0;25.0;1.0;20.0;4;2.0;50.0;0.0;1.0;20.0;54.55;0.0
21323267;CENTRO DE ENSINO PROFESSOR RUBEM ALMEIDA - ANEXO I - PARAISO;2108603;Pinheiro;2.0;2.0;CENSO_ESCOLAR_2025;13;8;430.45;8;437.62;8;406.02;8;374.98;8;7;87.5;390.0;445.71;1.0;1.0;0.0;0.0;0.0;0.0;0.0;0.0;0.0;0.0;0.0;0.0;0.0;;0.0;0.0;0.0;0.0;0.0;1.0;0.0;0.0;0.0;3.0;0.0;0.0;0.0;2.0;50.0;0.0;0.0;3;0.0;0.0;0.0;1.0;20.0;0.0;0.0
21325235;CENTRO DE ENSINO PAULO RAMOS - ANEXO V - NOVA CAXIAS;2112407;Turiaçu;2.0;2.0;CENSO_ESCOLAR_2025;13;10;441.58;10;416.11;10;423.21;10;421.0;10;8;80.0;342.0;427.5;1.0;1.0;0.0;0.0;0.0;0.0;0.0;0.0;0.0;0.0;0.0;0.0;0.0;;0.0;0.0;0.0;0.0;0.0;0.0;0.0;0.0;0.0;2.0;0.0;2.0;0.0;2.0;50.0;0.0;0.0;3;0.0;0.0;0.0;0.0;0.0;0.0;100.0
21326401;CENTRO EDUCA MAIS DEPUTADO REMY SOARES;2109106;Presidente Dutra;2.0;1.0;CENSO_ESCOLAR_2025;59;50;489.65;50;508.77;50;518.75;50;520.8;50;47;94.0;609.2;648.09;1.0;1.0;0.0;1.0;1.0;1.0;1.0;1.0;1.0;0.0;1.0;1.0;0.0;1.0;14.0;1.0;0.0;1.0;1.0;1.0;0.0;0.0;0.0;11.0;11.0;11.0;1.0;3.0;75.0;4.0;80.0;4;3.0;75.0;15.0;3.0;60.0;100.0;100.0
21326410;CENTRO EDUCA MAIS - VERIANO MORAES;2103802;Dom Pedro;2.0;1.0;CENSO_ESCOLAR_2025;40;16;431.58;16;452.3;16;411.21;16;399.29;16;12;75.0;387.5;516.67;1.0;1.0;0.0;1.0;0.0;1.0;0.0;0.0;1.0;0.0;1.0;0.0;1.0;1.0;1.0;0.0;0.0;1.0;0.0;1.0;0.0;0.0;0.0;6.0;6.0;6.0;1.0;3.0;75.0;2.0;40.0;4;3.0;75.0;1.0;2.0;40.0;100.0;100.0
21326428;CENTRO DE ENSINO ALCIDES CESAR MENESES;2111748;Senador Alexandre Costa;2.0;1.0;CENSO_ESCOLAR_2025;115;82;440.36;82;443.64;82;451.58;82;414.37;82;72;87.8;439.76;500.83;1.0;1.0;0.0;1.0;1.0;1.0;0.0;0.0;1.0;0.0;1.0;0.0;0.0;1.0;0.0;0.0;0.0;1.0;0.0;1.0;1.0;0.0;0.0;6.0;6.0;0.0;1.0;3.0;75.0;2.0;40.0;4;2.0;50.0;0.0;3.0;60.0;100.0;0.0
21326606;CENTRO EDUCA MAIS VALNICE BERTOLDO LIMA CORDEIRO;2102754;Capinzal do Norte;2.0;1.0;CENSO_ESCOLAR_2025;79;61;455.83;67;453.39;67;489.04;61;452.51;67;53;79.1;460.6;582.26;1.0;1.0;1.0;1.0;1.0;1.0;0.0;0.0;1.0;0.0;1.0;1.0;0.0;0.0;0.0;1.0;0.0;1.0;0.0;1.0;0.0;0.0;0.0;6.0;1.0;1.0;1.0;4.0;100.0;2.0;40.0;4;2.0;50.0;1.0;2.0;40.0;16.67;16.67
21327220;CENTRO DE ENSINO PAULO RAMOS - ANEXO III - COLONIA AMELIA;2112407;Turiaçu;2.0;2.0;CENSO_ESCOLAR_2025;10;6;419.42;7;422.09;7;440.79;6;385.37;7;5;71.43;300.0;420.0;1.0;1.0;0.0;0.0;0.0;0.0;0.0;0.0;0.0;0.0;0.0;0.0;0.0;;0.0;0.0;0.0;0.0;0.0;0.0;0.0;0.0;0.0;3.0;0.0;3.0;0.0;2.0;50.0;0.0;0.0;3;0.0;0.0;0.0;0.0;0.0;0.0;100.0
21331693;CENTRO DE ENSINO LUSO ROCHA - ANEXO I - ALTO BONITO;2109502;Riachão;2.0;2.0;CENSO_ESCOLAR_2025;21;16;423.62;17;441.31;17;446.77;16;388.94;17;15;88.24;402.35;456.0;1.0;1.0;0.0;1.0;0.0;0.0;0.0;0.0;1.0;0.0;0.0;0.0;0.0;;1.0;0.0;0.0;0.0;0.0;1.0;0.0;0.0;0.0;3.0;3.0;3.0;0.0;3.0;75.0;1.0;20.0;3;0.0;0.0;1.0;1.0;20.0;100.0;100.0
21333203;CENTRO DE ENSINO MARIA DO SOCORRO COELHO CABRAL - ANEXO I - EURICO BOGEA;2101400;Balsas;2.0;1.0;CENSO_ESCOLAR_2025;10;8;470.44;8;435.82;8;501.21;8;414.96;8;8;100.0;505.0;505.0;1.0;1.0;0.0;1.0;0.0;0.0;0.0;0.0;0.0;0.0;1.0;0.0;0.0;0.0;0.0;0.0;0.0;0.0;0.0;0.0;0.0;0.0;1.0;3.0;3.0;0.0;0.0;3.0;75.0;0.0;0.0;4;1.0;25.0;0.0;0.0;0.0;100.0;0.0
21333211;CENTRO DE ENSINO ANTONIO SIRLEY DE ARRUDA LIMA - ANEXO I - SIBIL;2104099;Formosa da Serra Negra;2.0;2.0;CENSO_ESCOLAR_2025;32;31;435.1;31;439.66;31;458.99;31;434.0;31;29;93.55;510.97;546.21;1.0;1.0;0.0;0.0;0.0;0.0;0.0;0.0;0.0;0.0;1.0;0.0;0.0;1.0;0.0;0.0;0.0;0.0;0.0;1.0;0.0;0.0;0.0;6.0;6.0;6.0;0.0;2.0;50.0;0.0;0.0;4;2.0;50.0;0.0;1.0;20.0;100.0;100.0
21333408;CENTRO DE ENSINO ANTONIO SIRLEY DE ARRUDA LIMA - ANEXO II - SOARA;2104099;Formosa da Serra Negra;2.0;2.0;CENSO_ESCOLAR_2025;21;12;440.23;15;440.83;15;434.55;12;452.12;15;11;73.33;393.33;536.36;1.0;1.0;0.0;0.0;0.0;0.0;0.0;1.0;0.0;0.0;1.0;0.0;0.0;1.0;1.0;0.0;0.0;0.0;0.0;1.0;0.0;0.0;0.0;6.0;6.0;6.0;0.0;2.0;50.0;1.0;20.0;4;2.0;50.0;1.0;1.0;20.0;100.0;100.0
21335214;CENTRO DE ENSINO ARLINDO FERREIRA DE LUCENA;2101608;Barra do Corda;2.0;1.0;CENSO_ESCOLAR_2025;87;68;461.67;72;466.64;72;486.57;68;446.04;72;63;87.5;543.06;620.63;1.0;1.0;0.0;1.0;1.0;1.0;1.0;1.0;1.0;0.0;1.0;1.0;0.0;1.0;5.0;1.0;0.0;1.0;1.0;1.0;0.0;0.0;0.0;6.0;6.0;1.0;1.0;3.0;75.0;4.0;80.0;4;3.0;75.0;6.0;3.0;60.0;100.0;16.67
21335419;CENTRO DE ENSINO JOSUE DINIZ ALVES;2109908;Santa Inês;2.0;1.0;CENSO_ESCOLAR_2025;121;102;468.16;106;474.98;106;502.58;102;444.1;106;96;90.57;570.75;630.21;1.0;1.0;1.0;1.0;1.0;1.0;1.0;1.0;1.0;0.0;1.0;1.0;0.0;1.0;7.0;0.0;0.0;0.0;0.0;0.0;0.0;0.0;1.0;7.0;7.0;0.0;1.0;4.0;100.0;4.0;80.0;4;3.0;75.0;7.0;0.0;0.0;100.0;0.0
21335605;CENTRO EDUCA MAIS JOSE MOTA AMARAL;2106904;Monção;2.0;1.0;CENSO_ESCOLAR_2025;70;46;451.36;49;474.14;49;493.49;46;451.21;49;47;95.92;554.69;578.3;0.0;1.0;1.0;1.0;1.0;1.0;1.0;1.0;1.0;0.0;1.0;0.0;1.0;0.0;5.0;10.0;0.0;1.0;0.0;1.0;0.0;0.0;0.0;6.0;6.0;0.0;1.0;3.0;75.0;4.0;80.0;4;2.0;50.0;15.0;2.0;40.0;100.0;0.0
21335630;CENTRO EDUCA MAIS NEWTON SERRA;2102002;Bom Jardim;2.0;1.0;CENSO_ESCOLAR_2025;123;87;447.36;95;454.5;95;460.6;87;430.23;95;73;76.84;402.95;524.38;1.0;1.0;0.0;1.0;1.0;1.0;0.0;0.0;1.0;0.0;1.0;0.0;0.0;0.0;0.0;0.0;0.0;1.0;0.0;1.0;1.0;0.0;0.0;8.0;0.0;0.0;1.0;3.0;75.0;2.0;40.0;4;1.0;25.0;0.0;3.0;60.0;0.0;0.0
21335800;CENTRO DE ENSINO PROFESSOR RAFAEL BRAGA DE OLIVEIRA;2108702;Pio XII;2.0;1.0;CENSO_ESCOLAR_2025;79;57;445.68;63;449.07;63;458.76;57;420.25;63;48;76.19;399.05;523.75;1.0;1.0;0.0;1.0;0.0;0.0;0.0;0.0;1.0;1.0;1.0;1.0;1.0;1.0;1.0;1.0;0.0;1.0;0.0;1.0;1.0;0.0;0.0;6.0;6.0;6.0;0.0;3.0;75.0;2.0;40.0;4;4.0;100.0;2.0;3.0;60.0;100.0;100.0
21335818;CENTRO DE ENSINO ARDALIAO AMERICO PIRES - ANEXO I - SAO GONCALO;2101608;Barra do Corda;2.0;2.0;CENSO_ESCOLAR_2025;17;16;447.16;16;431.86;16;448.26;16;404.91;16;14;87.5;470.0;537.14;1.0;1.0;0.0;0.0;0.0;0.0;0.0;0.0;1.0;0.0;1.0;0.0;1.0;1.0;0.0;0.0;0.0;1.0;1.0;1.0;0.0;0.0;0.0;2.0;2.0;1.0;0.0;2.0;50.0;1.0;20.0;4;3.0;75.0;0.0;3.0;60.0;100.0;50.0
21335826;CENTRO DE ENSINO PROFESSOR GALENO EDGAR BRANDES - ANEXO IV - LEANDRO;2104081;Fernando Falcão;2.0;2.0;CENSO_ESCOLAR_2025;30;18;432.11;19;464.67;19;473.93;18;445.51;19;19;100.0;646.32;646.32;1.0;1.0;0.0;1.0;0.0;0.0;0.0;1.0;0.0;0.0;1.0;0.0;1.0;1.0;2.0;0.0;0.0;0.0;0.0;1.0;0.0;0.0;0.0;6.0;6.0;0.0;0.0;3.0;75.0;1.0;20.0;4;3.0;75.0;2.0;1.0;20.0;100.0;0.0
21335834;CENTRO DE ENSINO PARSONDAS DE CARVALHO - ANEXO I - BOA LEMBRANCA;2111805;Sítio Novo;2.0;2.0;CENSO_ESCOLAR_2025;25;20;454.9;20;451.73;20;476.69;20;419.56;20;20;100.0;516.0;516.0;1.0;1.0;0.0;1.0;0.0;0.0;0.0;0.0;0.0;0.0;1.0;0.0;0.0;0.0;0.0;0.0;0.0;0.0;0.0;1.0;0.0;0.0;0.0;12.0;0.0;12.0;0.0;3.0;75.0;0.0;0.0;4;1.0;25.0;0.0;1.0;20.0;0.0;100.0
21335842;CENTRO DE ENSINO ANTONIO FRANCISCO DOS REIS - ANEXO I - ALTO DO COCO;2104800;Grajaú;2.0;2.0;CENSO_ESCOLAR_2025;13;5;422.98;7;398.84;7;452.4;5;429.3;7;7;100.0;431.43;431.43;1.0;1.0;0.0;0.0;0.0;0.0;0.0;0.0;0.0;0.0;1.0;0.0;0.0;1.0;0.0;0.0;0.0;0.0;0.0;0.0;0.0;0.0;1.0;3.0;0.0;0.0;0.0;2.0;50.0;0.0;0.0;4;2.0;50.0;0.0;0.0;0.0;0.0;0.0
21336210;CENTRO DE ENSINO ANTONIO FRANCISCO DOS REIS - ANEXO III - SAMBAIBA;2104800;Grajaú;2.0;2.0;CENSO_ESCOLAR_2025;11;5;423.02;5;463.9;5;472.98;5;375.24;5;4;80.0;304.0;380.0;1.0;1.0;0.0;0.0;0.0;0.0;0.0;0.0;0.0;0.0;1.0;0.0;0.0;1.0;0.0;0.0;0.0;0.0;0.0;0.0;0.0;0.0;1.0;6.0;0.0;0.0;0.0;2.0;50.0;0.0;0.0;4;2.0;50.0;0.0;0.0;0.0;0.0;0.0
21336237;CENTRO DE ENSINO ANTONIO FRANCISCO DOS REIS - ANEXO IV - ASSENTAMENTO VERA CRUZ;2104800;Grajaú;2.0;2.0;CENSO_ESCOLAR_2025;17;11;411.82;12;417.92;12;448.53;11;372.05;12;10;83.33;331.67;398.0;1.0;1.0;0.0;0.0;0.0;0.0;0.0;0.0;0.0;0.0;1.0;0.0;0.0;1.0;0.0;0.0;0.0;0.0;0.0;0.0;0.0;0.0;1.0;3.0;0.0;0.0;0.0;2.0;50.0;0.0;0.0;4;2.0;50.0;0.0;0.0;0.0;0.0;0.0
21336253;CENTRO DE ENSINO ANTONIO FRANCISCO DOS REIS - ANEXO II - FLORES;2104800;Grajaú;2.0;2.0;CENSO_ESCOLAR_2025;12;10;435.95;10;448.54;10;421.39;10;400.4;10;8;80.0;410.0;512.5;1.0;1.0;0.0;0.0;0.0;0.0;0.0;0.0;0.0;0.0;1.0;0.0;0.0;1.0;0.0;0.0;0.0;0.0;0.0;0.0;0.0;0.0;1.0;3.0;0.0;0.0;0.0;2.0;50.0;0.0;0.0;4;2.0;50.0;0.0;0.0;0.0;0.0;0.0
21336407;INSTITUTO ESTADUAL DE EDUCACAO CIENCIA E TECNOLOGIA DO MA - IEMA PLENO BARRA DO CORDA;2101608;Barra do Corda;2.0;1.0;CENSO_ESCOLAR_2025;126;66;450.3;73;463.58;73;482.07;66;434.5;73;61;83.56;440.0;526.56;1.0;1.0;0.0;1.0;1.0;1.0;1.0;0.0;1.0;0.0;1.0;1.0;1.0;1.0;7.0;3.0;0.0;1.0;0.0;0.0;0.0;0.0;0.0;12.0;12.0;12.0;1.0;3.0;75.0;3.0;60.0;4;4.0;100.0;10.0;1.0;20.0;100.0;100.0
21336601;CE ANTONIO FRANCISCO DOS REIS - ANEXO MATOS ALEM;2104800;Grajaú;2.0;2.0;CENSO_ESCOLAR_2025;15;8;443.96;8;459.91;8;459.74;8;379.25;8;4;50.0;222.5;445.0;1.0;1.0;0.0;0.0;0.0;0.0;0.0;0.0;0.0;0.0;0.0;0.0;0.0;;0.0;0.0;0.0;0.0;0.0;0.0;0.0;0.0;1.0;5.0;0.0;0.0;0.0;2.0;50.0;0.0;0.0;3;0.0;0.0;0.0;0.0;0.0;0.0;0.0
21336806;CENTRO DE ENSINO PROFESSORA MARIA LUIZA RODRIGUES DE SOUSA - ANEXO I - POVOADO CASSIMIRO;2102002;Bom Jardim;2.0;2.0;CENSO_ESCOLAR_2025;46;25;434.77;27;437.72;27;452.59;25;411.86;27;24;88.89;478.52;538.33;1.0;1.0;0.0;0.0;0.0;0.0;0.0;0.0;0.0;0.0;1.0;0.0;0.0;0.0;0.0;0.0;0.0;1.0;0.0;1.0;0.0;0.0;0.0;12.0;0.0;8.0;0.0;2.0;50.0;0.0;0.0;4;1.0;25.0;0.0;2.0;40.0;0.0;66.67
21337209;CENTRO EDUCA MAIS DEPUTADO JOSE RIBAMAR ELOUF;2112209;Timon;2.0;1.0;CENSO_ESCOLAR_2025;44;28;439.45;29;453.47;29;470.06;28;428.9;29;25;86.21;456.55;529.6;1.0;1.0;0.0;1.0;1.0;1.0;1.0;1.0;1.0;1.0;1.0;1.0;0.0;1.0;0.0;8.0;5.0;1.0;1.0;1.0;1.0;0.0;0.0;6.0;6.0;0.0;1.0;3.0;75.0;5.0;100.0;4;3.0;75.0;13.0;4.0;80.0;100.0;0.0
21337403;CENTRO DE ENSINO DR GETULIO VARGAS - ANEXO I - CASTELO;2106904;Monção;2.0;2.0;CENSO_ESCOLAR_2025;11;4;436.62;6;454.15;6;475.0;4;445.1;6;6;100.0;490.0;490.0;1.0;1.0;0.0;0.0;0.0;0.0;0.0;0.0;0.0;0.0;1.0;1.0;0.0;1.0;0.0;0.0;0.0;0.0;0.0;0.0;0.0;0.0;1.0;3.0;0.0;0.0;0.0;2.0;50.0;0.0;0.0;4;3.0;75.0;0.0;0.0;0.0;0.0;0.0
21339210;CENTRO DE ENSINO HUMBERTO DE CAMPOS - ANEXO II - ILHA DAS CANARIAS;2100907;Araioses;2.0;2.0;CENSO_ESCOLAR_2025;13;6;486.5;7;489.0;7;515.54;6;491.7;7;7;100.0;580.0;580.0;1.0;1.0;1.0;1.0;0.0;0.0;0.0;0.0;0.0;0.0;0.0;0.0;0.0;;1.0;0.0;0.0;0.0;0.0;0.0;0.0;0.0;1.0;3.0;3.0;0.0;0.0;4.0;100.0;0.0;0.0;3;0.0;0.0;1.0;0.0;0.0;100.0;0.0
21339414;CENTRO DE ENSINO PREFEITO DIONILIO GONCALVES COSTA - ANEXO III - CUSTODIO LIMA;2106300;Magalhães de Almeida;2.0;2.0;CENSO_ESCOLAR_2025;16;7;409.24;6;437.12;6;463.08;7;404.8;6;5;83.33;340.0;408.0;1.0;1.0;0.0;0.0;0.0;0.0;0.0;0.0;0.0;0.0;1.0;0.0;1.0;1.0;0.0;0.0;0.0;0.0;0.0;1.0;0.0;0.0;0.0;3.0;0.0;0.0;0.0;2.0;50.0;0.0;0.0;4;3.0;75.0;0.0;1.0;20.0;0.0;0.0
21339430;CENTRO DE EDUCACAO QUILOMBOLA ELOI FERREIRA DOS REIS;2106409;Mata Roma;2.0;2.0;CENSO_ESCOLAR_2025;18;13;393.42;13;427.24;13;421.87;13;437.61;13;11;84.62;355.38;420.0;1.0;1.0;0.0;0.0;0.0;0.0;0.0;0.0;0.0;0.0;1.0;0.0;1.0;0.0;0.0;2.0;0.0;0.0;0.0;0.0;0.0;0.0;1.0;7.0;0.0;0.0;0.0;2.0;50.0;0.0;0.0;4;2.0;50.0;2.0;0.0;0.0;0.0;0.0
21339805;CENTRO DE ENSINO PREFEITO DIONILIO GONCALVES COSTA - ANEXO IV - BACURI;2106300;Magalhães de Almeida;2.0;2.0;CENSO_ESCOLAR_2025;10;9;468.4;9;479.73;9;488.26;9;464.0;9;9;100.0;540.0;540.0;1.0;1.0;0.0;0.0;0.0;0.0;0.0;0.0;0.0;0.0;1.0;0.0;1.0;1.0;0.0;0.0;0.0;0.0;0.0;1.0;0.0;0.0;0.0;6.0;0.0;0.0;0.0;2.0;50.0;0.0;0.0;4;3.0;75.0;0.0;1.0;20.0;0.0;0.0
21340005;CENTRO DE ENSINO SAO FRANCISCO - ANEXO I - SAO JOAO;2110237;Santana do Maranhão;2.0;2.0;CENSO_ESCOLAR_2025;34;29;434.08;29;447.9;29;459.23;29;398.99;29;26;89.66;471.03;525.38;1.0;1.0;0.0;0.0;0.0;0.0;0.0;0.0;0.0;0.0;1.0;0.0;0.0;1.0;1.0;1.0;0.0;0.0;0.0;0.0;0.0;0.0;1.0;6.0;0.0;0.0;0.0;2.0;50.0;0.0;0.0;4;2.0;50.0;2.0;0.0;0.0;0.0;0.0
21340617;CENTRO DE ENSINO ALFREDO DUAILIBE - ANEXO II - SAO JOSE;2108058;Paulino Neves;2.0;2.0;CENSO_ESCOLAR_2025;14;5;429.74;7;395.73;7;442.97;5;410.82;7;6;85.71;380.0;443.33;1.0;1.0;0.0;1.0;0.0;0.0;0.0;0.0;0.0;0.0;0.0;0.0;0.0;;0.0;0.0;0.0;0.0;0.0;1.0;0.0;0.0;0.0;5.0;1.0;5.0;0.0;3.0;75.0;0.0;0.0;3;0.0;0.0;0.0;1.0;20.0;20.0;100.0
21340633;CENTRO DE ENSINO ALFREDO DUAILIBE - ANEXO III - SIMPLICIO;2108058;Paulino Neves;2.0;2.0;CENSO_ESCOLAR_2025;19;18;437.8;18;420.55;18;446.77;18;408.36;18;14;77.78;345.56;444.29;1.0;1.0;0.0;0.0;0.0;0.0;0.0;0.0;0.0;0.0;0.0;0.0;0.0;;0.0;0.0;0.0;0.0;0.0;1.0;0.0;0.0;0.0;5.0;0.0;0.0;0.0;2.0;50.0;0.0;0.0;3;0.0;0.0;0.0;1.0;20.0;0.0;0.0
21346240;CENTRO DE ENSINO REITOR RIBAMAR CARVALHO;2103307;Codó;2.0;1.0;CENSO_ESCOLAR_2025;145;82;418.26;84;436.87;84;447.19;82;395.24;84;71;84.52;402.14;475.77;1.0;1.0;0.0;1.0;1.0;1.0;0.0;0.0;1.0;1.0;1.0;1.0;1.0;1.0;3.0;5.0;0.0;1.0;0.0;0.0;0.0;0.0;0.0;11.0;6.0;0.0;1.0;3.0;75.0;3.0;60.0;4;4.0;100.0;8.0;1.0;20.0;54.55;0.0
21346259;CENTRO DE ENSINO NEY BRAGA - ANEXO I - RODAGEM;2101509;Barão de Grajaú;2.0;2.0;CENSO_ESCOLAR_2025;43;27;438.47;29;429.72;29;445.69;27;410.42;29;23;79.31;380.0;479.13;1.0;1.0;0.0;0.0;0.0;0.0;0.0;0.0;0.0;0.0;0.0;0.0;0.0;;0.0;1.0;0.0;0.0;0.0;0.0;0.0;0.0;0.0;9.0;0.0;3.0;0.0;2.0;50.0;0.0;0.0;3;0.0;0.0;1.0;0.0;0.0;0.0;33.33
21349002;CENTRO DE ENSINO JOSE NEVES DE OLIVEIRA - ANEXO I - CAJUAPARA;2105427;Itinga do Maranhão;2.0;1.0;CENSO_ESCOLAR_2025;14;7;411.54;7;468.67;7;462.99;7;417.03;7;6;85.71;477.14;556.67;1.0;1.0;0.0;1.0;0.0;0.0;0.0;0.0;0.0;0.0;1.0;1.0;0.0;1.0;1.0;0.0;0.0;1.0;0.0;1.0;0.0;0.0;0.0;3.0;0.0;0.0;0.0;3.0;75.0;0.0;0.0;4;3.0;75.0;1.0;2.0;40.0;0.0;0.0
21349401;CENTRO DE ENSINO PROFESSOR JOSE CESARIO DA SILVA;2100055;Açailândia;2.0;1.0;CENSO_ESCOLAR_2025;101;71;482.19;74;476.48;74;508.41;71;454.7;74;66;89.19;558.92;626.67;1.0;1.0;0.0;1.0;0.0;0.0;1.0;1.0;1.0;0.0;1.0;1.0;1.0;1.0;2.0;0.0;0.0;1.0;1.0;1.0;0.0;0.0;0.0;7.0;7.0;7.0;0.0;3.0;75.0;3.0;60.0;4;4.0;100.0;2.0;3.0;60.0;100.0;100.0
21352216;CENTRO DE ENSINO THALES RIBEIRO GONCALVES - ANEXO V - ASSENTAMENTO CABECEIRA DE SAO PEDRO;2103000;Caxias;2.0;2.0;CENSO_ESCOLAR_2025;14;7;430.36;9;448.88;9;424.06;7;390.86;9;7;77.78;408.89;525.71;1.0;1.0;0.0;0.0;0.0;0.0;0.0;0.0;0.0;0.0;1.0;1.0;1.0;1.0;1.0;0.0;0.0;1.0;0.0;0.0;0.0;0.0;0.0;3.0;0.0;0.0;0.0;2.0;50.0;0.0;0.0;4;4.0;100.0;1.0;1.0;20.0;0.0;0.0
21353000;CENTRO DE ENSINO DOUTOR JOSE NEIVA - ANEXO I - SANTA FE;2108009;Pastos Bons;2.0;2.0;CENSO_ESCOLAR_2025;23;9;444.91;10;442.47;10;474.82;9;435.74;10;10;100.0;532.0;532.0;1.0;1.0;0.0;0.0;0.0;0.0;0.0;0.0;0.0;0.0;1.0;0.0;0.0;1.0;0.0;0.0;0.0;1.0;0.0;1.0;0.0;0.0;0.0;6.0;0.0;0.0;0.0;2.0;50.0;0.0;0.0;4;2.0;50.0;0.0;2.0;40.0;0.0;0.0
21355002;CENTRO DE ENSINO DEPUTADO JOSE RIBAMAR DOMINICI;2111003;São João Batista;2.0;1.0;CENSO_ESCOLAR_2025;67;23;407.44;26;435.97;26;434.42;23;407.69;26;22;84.62;435.38;514.55;1.0;1.0;0.0;1.0;1.0;1.0;0.0;0.0;0.0;0.0;0.0;0.0;0.0;;0.0;1.0;0.0;1.0;0.0;0.0;0.0;0.0;1.0;6.0;6.0;0.0;1.0;3.0;75.0;1.0;20.0;3;0.0;0.0;1.0;1.0;20.0;100.0;0.0
21355207;CENTRO DE ENSINO MARIA DA CONCEICAO TEOFILO SILVA - ANEXO I - VERTENTE;2112209;Timon;2.0;2.0;CENSO_ESCOLAR_2025;62;29;433.81;31;448.84;31;459.27;29;421.23;31;26;83.87;423.87;505.38;1.0;1.0;0.0;0.0;1.0;1.0;0.0;0.0;1.0;0.0;1.0;0.0;0.0;0.0;0.0;0.0;0.0;1.0;0.0;1.0;0.0;0.0;0.0;21.0;21.0;21.0;1.0;2.0;50.0;2.0;40.0;4;1.0;25.0;0.0;2.0;40.0;100.0;100.0
21358206;CENTRO DE EDUCACAO QUILOMBOLA PROFESSOR AQUILES BATISTA VIEIRA - OITIUA;2100204;Alcântara;2.0;2.0;CENSO_ESCOLAR_2025;28;17;435.19;19;453.36;19;447.76;17;404.54;19;16;84.21;397.89;472.5;1.0;1.0;0.0;1.0;0.0;0.0;0.0;0.0;0.0;0.0;1.0;1.0;1.0;1.0;3.0;0.0;0.0;0.0;0.0;1.0;0.0;0.0;0.0;12.0;1.0;1.0;0.0;3.0;75.0;0.0;0.0;4;4.0;100.0;3.0;1.0;20.0;8.33;8.33
21358214;CENTRO DE ENSINO MARIA GRACIANA PINTO COSTA;2112902;Vitória do Mearim;2.0;1.0;CENSO_ESCOLAR_2025;65;26;458.53;30;449.83;30;456.29;26;436.51;30;25;83.33;459.33;551.2;1.0;1.0;0.0;1.0;1.0;1.0;1.0;1.0;1.0;0.0;1.0;0.0;1.0;1.0;0.0;11.0;0.0;1.0;0.0;1.0;0.0;0.0;0.0;6.0;6.0;0.0;1.0;3.0;75.0;4.0;80.0;4;3.0;75.0;11.0;2.0;40.0;100.0;0.0
21359202;CENTRO EDUCA MAIS ANICETO MARIANO COSTA;2106508;Matinha;2.0;1.0;CENSO_ESCOLAR_2025;116;101;448.55;102;452.84;102;477.65;101;457.03;102;90;88.24;517.84;586.89;1.0;1.0;0.0;1.0;1.0;1.0;1.0;0.0;1.0;0.0;1.0;1.0;1.0;1.0;10.0;1.0;0.0;1.0;1.0;1.0;0.0;0.0;0.0;6.0;0.0;0.0;1.0;3.0;75.0;3.0;60.0;4;4.0;100.0;11.0;3.0;60.0;0.0;0.0
21361207;CENTRO DE ENSINO PROFESSOR VALMIR DA PAIXAO SANTOS - ANEXO - VI -FAISA;2110005;Santa Luzia;2.0;2.0;CENSO_ESCOLAR_2025;24;12;449.61;17;455.01;17;465.92;12;415.73;17;16;94.12;512.94;545.0;1.0;1.0;0.0;0.0;0.0;0.0;0.0;0.0;0.0;0.0;0.0;0.0;0.0;;0.0;0.0;0.0;0.0;0.0;0.0;0.0;0.0;1.0;10.0;0.0;0.0;0.0;2.0;50.0;0.0;0.0;3;0.0;0.0;0.0;0.0;0.0;0.0;0.0
21364206;CENTRO DE ENSINO DR ANTONIO JORGE DINO - ANEXO I - ASSENTAMENTO PAVIO;2103505;Colinas;2.0;2.0;CENSO_ESCOLAR_2025;33;8;397.99;10;414.18;10;387.21;8;392.0;10;1;10.0;40.0;400.0;1.0;1.0;1.0;0.0;0.0;0.0;0.0;0.0;0.0;0.0;1.0;0.0;0.0;0.0;1.0;1.0;0.0;0.0;0.0;0.0;0.0;0.0;1.0;6.0;0.0;0.0;0.0;3.0;75.0;0.0;0.0;4;1.0;25.0;2.0;0.0;0.0;0.0;0.0
21368201;CENTRO DE ENSINO LICEU TUTOIENSE - ANEXO I - COMUM;2112506;Tutóia;2.0;1.0;CENSO_ESCOLAR_2025;17;6;432.15;9;433.61;9;444.79;6;454.02;9;7;77.78;375.56;482.86;1.0;1.0;0.0;1.0;1.0;1.0;0.0;0.0;0.0;0.0;1.0;1.0;1.0;1.0;1.0;0.0;0.0;1.0;0.0;1.0;0.0;0.0;0.0;3.0;3.0;0.0;1.0;3.0;75.0;1.0;20.0;4;4.0;100.0;1.0;2.0;40.0;100.0;0.0
21370206;CENTRO DE ENSINO JOSE LOPES DE SOUSA;2110104;Santa Quitéria do Maranhão;2.0;2.0;CENSO_ESCOLAR_2025;33;24;415.24;25;434.97;25;420.75;24;393.45;25;18;72.0;362.4;503.33;0.0;1.0;0.0;0.0;0.0;0.0;0.0;0.0;0.0;0.0;1.0;0.0;0.0;1.0;0.0;0.0;0.0;0.0;0.0;1.0;0.0;0.0;0.0;21.0;0.0;0.0;0.0;1.0;25.0;0.0;0.0;4;2.0;50.0;0.0;1.0;20.0;0.0;0.0
21371202;CENTRO DE ENSINO ALFREDO DUAILIBE - ANEXO V - SAO FRANCISCO;2108058;Paulino Neves;2.0;2.0;CENSO_ESCOLAR_2025;54;8;394.8;8;406.49;8;429.72;8;402.55;8;7;87.5;382.5;437.14;1.0;1.0;0.0;0.0;0.0;0.0;0.0;0.0;0.0;0.0;0.0;0.0;0.0;;0.0;0.0;0.0;0.0;0.0;1.0;0.0;0.0;0.0;9.0;0.0;0.0;0.0;2.0;50.0;0.0;0.0;3;0.0;0.0;0.0;1.0;20.0;0.0;0.0
21372209;CENTRO DE ENSINO ALFREDO DUAILIBE - ANEXO VI - SANTA RITA;2108058;Paulino Neves;2.0;2.0;CENSO_ESCOLAR_2025;19;7;411.01;7;460.9;7;425.96;7;395.91;7;7;100.0;554.29;554.29;1.0;1.0;0.0;1.0;0.0;0.0;0.0;0.0;0.0;0.0;0.0;0.0;0.0;;0.0;0.0;0.0;0.0;0.0;1.0;0.0;0.0;0.0;6.0;0.0;0.0;0.0;3.0;75.0;0.0;0.0;3;0.0;0.0;0.0;1.0;20.0;0.0;0.0
21372217;CENTRO DE ENSINO MARIA LUIZA NOVAES VIANA - ANEXO I - BELEM;2102200;Buriti;2.0;2.0;CENSO_ESCOLAR_2025;21;11;426.16;12;425.78;12;448.69;11;401.15;12;9;75.0;313.33;417.78;1.0;1.0;0.0;0.0;0.0;0.0;0.0;0.0;0.0;0.0;0.0;0.0;0.0;;0.0;0.0;0.0;0.0;0.0;0.0;0.0;0.0;1.0;5.0;0.0;0.0;0.0;2.0;50.0;0.0;0.0;3;0.0;0.0;0.0;0.0;0.0;0.0;0.0
21372225;CENTRO DE EDUCACAO QUILOMBOLA DEPUTADO JULIO PIRES MONTELES - ANEXO II - GUADALUPE;2100808;Anapurus;2.0;2.0;CENSO_ESCOLAR_2025;12;9;424.49;9;421.27;9;422.79;9;418.53;9;9;100.0;373.33;373.33;1.0;1.0;0.0;0.0;1.0;1.0;0.0;0.0;0.0;0.0;1.0;1.0;0.0;1.0;1.0;0.0;0.0;0.0;0.0;1.0;0.0;0.0;0.0;4.0;0.0;0.0;1.0;2.0;50.0;1.0;20.0;4;3.0;75.0;1.0;1.0;20.0;0.0;0.0
21373205;CENTRO DE ENSINO MARIA LUIZA NOVAES VIANA - ANEXO III - PITOMBEIRA;2102200;Buriti;2.0;2.0;CENSO_ESCOLAR_2025;18;1;413.0;3;436.67;3;459.73;1;380.0;3;2;66.67;353.33;530.0;0.0;1.0;0.0;0.0;0.0;0.0;0.0;0.0;0.0;0.0;0.0;0.0;0.0;;0.0;0.0;0.0;0.0;0.0;0.0;0.0;0.0;1.0;3.0;0.0;0.0;0.0;1.0;25.0;0.0;0.0;3;0.0;0.0;0.0;0.0;0.0;0.0;0.0
21374201;CENTRO DE ENSINO ESTER FLORA DE ARAUJO - ANEXO II - MANGABEIRA;2112605;Urbano Santos;2.0;2.0;CENSO_ESCOLAR_2025;57;19;400.91;18;419.13;18;422.88;19;377.52;18;13;72.22;352.22;487.69;1.0;1.0;0.0;0.0;0.0;0.0;0.0;0.0;0.0;0.0;0.0;0.0;0.0;;1.0;1.0;0.0;0.0;0.0;1.0;0.0;0.0;0.0;10.0;0.0;0.0;0.0;2.0;50.0;0.0;0.0;3;0.0;0.0;2.0;1.0;20.0;0.0;0.0
21375208;CENTRO DE ENSINO ESTER FLORA DE ARAUJO - ANEXO III - CAJUEIRO;2112605;Urbano Santos;2.0;2.0;CENSO_ESCOLAR_2025;32;9;424.11;10;430.08;10;408.34;9;416.24;10;7;70.0;296.0;422.86;1.0;1.0;1.0;0.0;0.0;0.0;0.0;0.0;0.0;0.0;1.0;0.0;0.0;1.0;1.0;1.0;0.0;0.0;0.0;1.0;0.0;0.0;0.0;6.0;0.0;0.0;0.0;3.0;75.0;0.0;0.0;4;2.0;50.0;2.0;1.0;20.0;0.0;0.0
21376204;CENTRO DE ENSINO MAJOR ERICO GOMES BRAGA - ANEXO I - ASSENTAMENTO BALAIADA;2107209;Nina Rodrigues;2.0;2.0;CENSO_ESCOLAR_2025;34;19;416.81;21;409.39;21;418.18;19;390.76;21;14;66.67;294.29;441.43;1.0;1.0;0.0;0.0;0.0;0.0;0.0;0.0;0.0;0.0;1.0;0.0;1.0;0.0;3.0;4.0;40.0;0.0;0.0;1.0;0.0;0.0;0.0;6.0;3.0;3.0;0.0;2.0;50.0;0.0;0.0;4;2.0;50.0;47.0;1.0;20.0;50.0;50.0
21382204;CENTRO DE ENSINO NOSSA SENHORA DA CONCEICAO - ANEXO I - ESTRADA DE RAFAEL;2112803;Viana;2.0;2.0;CENSO_ESCOLAR_2025;16;10;427.05;10;438.11;10;446.52;10;398.37;10;7;70.0;314.0;448.57;1.0;1.0;0.0;0.0;0.0;0.0;0.0;0.0;0.0;0.0;1.0;0.0;0.0;0.0;0.0;0.0;0.0;0.0;0.0;1.0;0.0;0.0;0.0;7.0;7.0;7.0;0.0;2.0;50.0;0.0;0.0;4;1.0;25.0;0.0;1.0;20.0;100.0;100.0
21385203;CENTRO EDUCA MAIS DJALMA CRUZ- ANEXO I - BARAO DE TROMAI;2102606;Cândido Mendes;2.0;2.0;CENSO_ESCOLAR_2025;26;18;404.43;22;438.51;22;443.26;18;411.65;22;19;86.36;451.82;523.16;1.0;1.0;0.0;0.0;0.0;0.0;0.0;0.0;0.0;0.0;0.0;0.0;0.0;;0.0;0.0;0.0;0.0;0.0;1.0;0.0;0.0;0.0;13.0;7.0;0.0;0.0;2.0;50.0;0.0;0.0;3;0.0;0.0;0.0;1.0;20.0;53.85;0.0
21403201;CENTRO DE ENSINO DESEMBARGADOR EMESIO ARAUJO - ANEXO I - PIQUIZEIRO;2101731;Belágua;2.0;2.0;CENSO_ESCOLAR_2025;17;12;405.35;15;418.38;15;413.11;12;382.25;15;10;66.67;310.67;466.0;1.0;1.0;0.0;0.0;0.0;0.0;0.0;0.0;0.0;0.0;0.0;0.0;0.0;;0.0;0.0;0.0;0.0;0.0;0.0;0.0;0.0;1.0;5.0;0.0;0.0;0.0;2.0;50.0;0.0;0.0;3;0.0;0.0;0.0;0.0;0.0;0.0;0.0
21403210;CENTRO DE ENSINO PROFESSOR ANTENOR BOGEA - ANEXO II - PEDRAS;2106631;Matões do Norte;2.0;2.0;CENSO_ESCOLAR_2025;14;12;430.14;12;455.7;12;469.75;12;434.38;12;10;83.33;441.67;530.0;1.0;1.0;0.0;0.0;0.0;0.0;0.0;0.0;0.0;0.0;1.0;0.0;0.0;1.0;0.0;0.0;0.0;0.0;0.0;0.0;0.0;0.0;1.0;3.0;0.0;0.0;0.0;2.0;50.0;0.0;0.0;4;2.0;50.0;0.0;0.0;0.0;0.0;0.0
21404208;CENTRO DE ENSINO PROFESSOR ANTENOR BOGEA - ANEXO I - ALTO DA CRUZ;2106631;Matões do Norte;2.0;2.0;CENSO_ESCOLAR_2025;20;8;417.91;9;441.7;9;428.67;8;359.11;9;5;55.56;293.33;528.0;1.0;1.0;0.0;0.0;1.0;1.0;0.0;0.0;0.0;0.0;1.0;0.0;0.0;0.0;0.0;0.0;0.0;1.0;0.0;0.0;0.0;0.0;0.0;6.0;0.0;0.0;1.0;2.0;50.0;1.0;20.0;4;1.0;25.0;0.0;1.0;20.0;0.0;0.0
21418209;CENTRO DE ENSINO DR PAULO RAMOS - ANEXO II - RIACHO FUNDO;2103208;Chapadinha;2.0;2.0;CENSO_ESCOLAR_2025;11;7;425.39;7;430.53;7;447.39;7;375.56;7;3;42.86;174.29;406.67;0.0;1.0;0.0;0.0;0.0;0.0;0.0;0.0;0.0;0.0;0.0;0.0;0.0;;0.0;0.0;0.0;0.0;0.0;0.0;0.0;0.0;1.0;6.0;3.0;0.0;0.0;1.0;25.0;0.0;0.0;3;0.0;0.0;0.0;0.0;0.0;50.0;0.0
21424209;CENTRO DE ENSINO INACIO ROCHA - ANEXO I - PEDRAS;2111078;São João do Soter;2.0;2.0;CENSO_ESCOLAR_2025;30;23;420.79;25;461.84;25;440.73;23;398.11;25;19;76.0;380.0;500.0;1.0;1.0;0.0;0.0;0.0;0.0;0.0;0.0;0.0;0.0;1.0;1.0;1.0;1.0;1.0;0.0;0.0;0.0;0.0;0.0;0.0;0.0;1.0;5.0;0.0;0.0;0.0;2.0;50.0;0.0;0.0;4;4.0;100.0;1.0;0.0;0.0;0.0;0.0
21424217;CENTRO DE EDUCACAO QUILOMBOLA ANTONIO ATANASIO FERNANDES;2112704;Vargem Grande;2.0;2.0;CENSO_ESCOLAR_2025;28;11;412.57;11;414.83;11;443.53;11;403.84;11;9;81.82;361.82;442.22;0.0;1.0;0.0;0.0;0.0;0.0;0.0;0.0;0.0;0.0;0.0;0.0;0.0;;0.0;0.0;0.0;0.0;0.0;0.0;0.0;0.0;1.0;3.0;0.0;0.0;0.0;1.0;25.0;0.0;0.0;3;0.0;0.0;0.0;0.0;0.0;0.0;0.0
21428204;CENTRO DE ENSINO JOSE DE MATOS OLIVEIRA - ANEXO I - CENTRO DO JOSE RODRIGUES;2107407;Olho d'Água das Cunhãs;2.0;2.0;CENSO_ESCOLAR_2025;30;17;440.92;17;453.51;17;482.7;17;434.59;17;15;88.24;427.06;484.0;1.0;1.0;1.0;1.0;1.0;1.0;0.0;0.0;0.0;0.0;1.0;1.0;1.0;1.0;1.0;0.0;0.0;0.0;0.0;0.0;0.0;0.0;1.0;9.0;0.0;0.0;1.0;4.0;100.0;1.0;20.0;4;4.0;100.0;1.0;0.0;0.0;0.0;0.0
21435200;IFMA - CAMPUS SANTA INES;2109908;Santa Inês;1.0;1.0;CENSO_ESCOLAR_2025;148;138;513.75;140;518.44;140;539.7;138;550.67;140;132;94.29;674.71;715.61;1.0;1.0;0.0;1.0;1.0;1.0;1.0;1.0;1.0;1.0;1.0;1.0;1.0;1.0;103.0;10.0;10.0;1.0;1.0;1.0;1.0;0.0;0.0;23.0;23.0;23.0;1.0;3.0;75.0;5.0;100.0;4;4.0;100.0;123.0;4.0;80.0;100.0;100.0
21435219;IFMA - CAMPUS ZE DOCA;2114007;Zé Doca;1.0;1.0;CENSO_ESCOLAR_2025;49;43;513.14;44;524.69;44;540.61;43;536.9;44;42;95.45;625.0;654.76;1.0;1.0;0.0;1.0;1.0;1.0;1.0;1.0;1.0;0.0;1.0;1.0;1.0;1.0;20.0;10.0;0.0;1.0;1.0;0.0;0.0;0.0;0.0;10.0;10.0;10.0;1.0;3.0;75.0;4.0;80.0;4;4.0;100.0;30.0;2.0;40.0;100.0;100.0
21436207;IFMA - CAMPUS ALCANTARA;2100204;Alcântara;1.0;1.0;CENSO_ESCOLAR_2025;39;37;454.44;38;464.48;38;490.38;37;440.92;38;37;97.37;564.21;579.46;1.0;1.0;0.0;1.0;1.0;1.0;1.0;1.0;1.0;1.0;1.0;1.0;1.0;1.0;20.0;0.0;0.0;1.0;0.0;0.0;0.0;0.0;0.0;6.0;6.0;0.0;1.0;3.0;75.0;5.0;100.0;4;4.0;100.0;20.0;1.0;20.0;100.0;0.0
21437203;IFMA - CAMPUS BURITICUPU;2102325;Buriticupu;1.0;1.0;CENSO_ESCOLAR_2025;129;121;503.92;121;502.88;121;517.14;121;502.24;121;117;96.69;634.21;655.9;1.0;1.0;0.0;1.0;1.0;1.0;1.0;1.0;1.0;1.0;1.0;1.0;1.0;1.0;55.0;0.0;0.0;1.0;0.0;1.0;0.0;0.0;0.0;20.0;20.0;20.0;1.0;3.0;75.0;5.0;100.0;4;4.0;100.0;55.0;2.0;40.0;100.0;100.0
21438200;IFMA - CAMPUS ACAILANDIA;2100055;Açailândia;1.0;1.0;CENSO_ESCOLAR_2025;177;159;508.14;160;520.95;160;544.14;159;527.01;160;152;95.0;658.5;693.16;1.0;1.0;0.0;1.0;1.0;1.0;1.0;1.0;0.0;1.0;1.0;1.0;0.0;1.0;48.0;0.0;0.0;1.0;1.0;1.0;1.0;0.0;0.0;14.0;14.0;14.0;1.0;3.0;75.0;4.0;80.0;4;3.0;75.0;48.0;4.0;80.0;100.0;100.0
21490201;CENTRO EDUCA MAIS AYRTON SENNA;2105401;Itapecuru Mirim;2.0;1.0;CENSO_ESCOLAR_2025;64;34;439.66;33;457.34;33;473.67;34;405.66;33;27;81.82;437.58;534.81;1.0;1.0;0.0;1.0;1.0;1.0;1.0;1.0;1.0;0.0;1.0;1.0;1.0;1.0;10.0;0.0;0.0;1.0;1.0;1.0;0.0;0.0;0.0;9.0;9.0;1.0;1.0;3.0;75.0;4.0;80.0;4;4.0;100.0;10.0;3.0;60.0;100.0;11.11
21490210;CENTRO EDUCA MAIS TERESA LEITE MIRANDA;2102077;Bom Lugar;2.0;1.0;CENSO_ESCOLAR_2025;88;71;445.46;72;458.3;72;479.56;71;431.64;72;64;88.89;503.06;565.94;1.0;1.0;0.0;1.0;0.0;0.0;0.0;1.0;1.0;0.0;1.0;0.0;1.0;1.0;12.0;3.0;0.0;0.0;0.0;1.0;1.0;0.0;0.0;6.0;6.0;6.0;0.0;3.0;75.0;2.0;40.0;4;3.0;75.0;15.0;2.0;40.0;100.0;100.0
21491208;CENTRO EDUCA MAIS PROFESSOR JOSE FRANCA DE SOUSA;2109452;Raposa;2.0;2.0;CENSO_ESCOLAR_2025;189;129;446.58;142;440.87;142;457.34;129;416.17;142;115;80.99;389.72;481.22;1.0;1.0;0.0;1.0;1.0;1.0;0.0;1.0;1.0;0.0;1.0;1.0;1.0;1.0;12.0;4.0;0.0;1.0;0.0;0.0;0.0;0.0;0.0;9.0;9.0;9.0;1.0;3.0;75.0;3.0;60.0;4;4.0;100.0;16.0;1.0;20.0;100.0;100.0
21492298;CENTRO DE ENSINO PROFESSORA MARIA DO CARMO BEZERRA PAIVA - ASSENTAMENTO CAXIRIMBU;2103000;Caxias;2.0;2.0;CENSO_ESCOLAR_2025;86;39;438.46;46;444.01;46;453.32;39;403.65;46;42;91.3;470.87;515.71;1.0;1.0;0.0;0.0;1.0;1.0;0.0;0.0;1.0;1.0;1.0;1.0;0.0;1.0;7.0;3.0;4.0;1.0;1.0;1.0;0.0;0.0;0.0;6.0;6.0;0.0;1.0;2.0;50.0;3.0;60.0;4;3.0;75.0;14.0;3.0;60.0;100.0;0.0
21498822;CENTRO DE EDUCACAO DO CAMPO ROSELI NUNES - ASSENTAMENTO CIGRA;2105963;Lagoa Grande do Maranhão;2.0;2.0;CENSO_ESCOLAR_2025;11;8;479.15;9;483.43;9;493.58;8;436.68;9;9;100.0;557.78;557.78;1.0;1.0;0.0;0.0;1.0;1.0;0.0;0.0;0.0;1.0;1.0;1.0;0.0;1.0;4.0;2.0;20.0;1.0;0.0;1.0;0.0;0.0;0.0;6.0;0.0;0.0;1.0;2.0;50.0;2.0;40.0;4;3.0;75.0;26.0;2.0;40.0;0.0;0.0
21577676;CENTRO EDUCA MAIS ANTONIO REINALDO PORTO;2107902;Passagem Franca;2.0;1.0;CENSO_ESCOLAR_2025;85;55;448.59;60;440.08;60;449.04;55;441.26;60;34;56.67;325.67;574.71;1.0;1.0;0.0;1.0;1.0;1.0;1.0;1.0;1.0;0.0;1.0;1.0;1.0;1.0;4.0;7.0;0.0;1.0;0.0;1.0;0.0;0.0;0.0;10.0;10.0;10.0;1.0;3.0;75.0;4.0;80.0;4;4.0;100.0;11.0;2.0;40.0;100.0;100.0
21599661;CENTRO DE ENSINO SULAMITA LUCIO DO NASCIMENTO - ANEXO II - OLHO DAGUA SECO;2104404;Gonçalves Dias;2.0;2.0;CENSO_ESCOLAR_2025;11;8;441.74;8;464.78;8;449.96;8;386.42;8;7;87.5;392.5;448.57;1.0;1.0;0.0;0.0;0.0;0.0;0.0;0.0;0.0;0.0;0.0;0.0;0.0;;0.0;0.0;0.0;0.0;0.0;0.0;0.0;0.0;1.0;3.0;0.0;0.0;0.0;2.0;50.0;0.0;0.0;3;0.0;0.0;0.0;0.0;0.0;0.0;0.0
