CO_ESCOLA;NO_ESCOLA;CO_MUNICIPIO;NO_MUNICIPIO;DEPENDENCIA;LOCALIZACAO;FONTE_IDENTIFICACAO;QTD_REGISTROS;QTD_PARTICIPANTES_CN;MEDIA_CN;QTD_PARTICIPANTES_CH;MEDIA_CH;QTD_PARTICIPANTES_LC;MEDIA_LC;QTD_PARTICIPANTES_MT;MEDIA_MT;QTD_PRESENTES_REDACAO;QTD_REDACOES_SEM_PROBLEMAS;PERCENTUAL_REDACOES_SEM_PROBLEMAS;MEDIA_REDACAO_GERAL;MEDIA_REDACAO_SEM_PROBLEMAS;IN_AGUA_POTAVEL;IN_ENERGIA_REDE_PUBLICA;IN_ESGOTO_REDE_PUBLICA;IN_LIXO_SERVICO_COLETA;IN_BIBLIOTECA;IN_BIBLIOTECA_SALA_LEITURA;IN_LABORATORIO_CIENCIAS;IN_LABORATORIO_INFORMATICA;IN_QUADRA_ESPORTES;IN_REFEITORIO;IN_INTERNET;IN_INTERNET_ALUNOS;IN_INTERNET_APRENDIZAGEM;IN_BANDA_LARGA;QT_DESKTOP_ALUNO;QT_COMP_PORTATIL_ALUNO;QT_TABLET_ALUNO;IN_BANHEIRO_PNE;IN_SALA_ATENDIMENTO_ESPECIAL;IN_ACESSIBILIDADE_RAMPAS;IN_ACESSIBILIDADE_PISOS_TATEIS;IN_ACESSIBILIDADE_SINALIZACAO;IN_ACESSIBILIDADE_INEXISTENTE;QT_SALAS_UTILIZADAS;QT_SALAS_UTILIZA_CLIMATIZADAS;QT_SALAS_UTILIZADAS_ACESSIVEIS;TEM_BIBLIOTECA_OU_SALA_LEITURA;QTD_SERVICOS_BASICOS;PERCENTUAL_SERVICOS_BASICOS;QTD_ESPACOS_ESCOLARES;PERCENTUAL_ESPACOS_ESCOLARES;QTD_INFORMACOES_CONECTIVIDADE;QTD_RECURSOS_CONECTIVIDADE;PERCENTUAL_RECURSOS_CONECTIVIDADE;TOTAL_DISPOSITIVOS_ALUNOS;QTD_RECURSOS_ACESSIBILIDADE;PERCENTUAL_RECURSOS_ACESSIBILIDADE;PERCENTUAL_SALAS_CLIMATIZADAS;PERCENTUAL_SALAS_ACESSIVEIS
21000034;CENTRO EDUCA MAIS PROFESSOR AQUILES BATISTA VIEIRA;2100204;Alcântara;2.0;1.0;CENSO_ESCOLAR_2024;75;63;444.07;63;453.67;63;474.73;63;456.09;63;60;95.24;534.6;561.33;1.0;1.0;0.0;1.0;1.0;1.0;1.0;1.0;1.0;0.0;1.0;1.0;1.0;1.0;10.0;5.0;0.0;1.0;1.0;1.0;0.0;0.0;0.0;10.0;10.0;10.0;1.0;3.0;75.0;4.0;80.0;4;4.0;100.0;15.0;3.0;60.0;100.0;100.0
21001685;CENTRO DE ENSINO AMERICA DO NORTE;2101301;Bacuri;2.0;1.0;CENSO_ESCOLAR_2024;13;8;435.14;9;427.49;9;441.17;8;462.39;9;8;88.89;520.0;585.0;1.0;1.0;0.0;1.0;0.0;0.0;0.0;0.0;0.0;0.0;1.0;1.0;1.0;1.0;0.0;2.0;0.0;0.0;0.0;0.0;0.0;0.0;1.0;3.0;0.0;0.0;0.0;3.0;75.0;0.0;0.0;4;4.0;100.0;2.0;0.0;0.0;0.0;0.0
21001898;CENTRO DE ENSINO AMADO JOAQUIM;2100832;Apicum-Açu;2.0;1.0;CENSO_ESCOLAR_2024;100;77;435.49;78;449.01;78;482.09;77;459.22;78;73;93.59;639.23;683.01;1.0;1.0;0.0;1.0;1.0;1.0;1.0;1.0;0.0;0.0;1.0;1.0;0.0;1.0;1.0;1.0;0.0;1.0;0.0;0.0;0.0;0.0;0.0;19.0;7.0;7.0;1.0;3.0;75.0;3.0;60.0;4;3.0;75.0;2.0;1.0;20.0;36.84;36.84
21001901;CENTRO DE ENSINO CRISTINO PIMENTA;2101301;Bacuri;2.0;1.0;CENSO_ESCOLAR_2024;76;62;429.98;61;434.0;61;457.63;62;441.07;61;55;90.16;541.31;600.36;0.0;1.0;0.0;1.0;1.0;1.0;0.0;1.0;1.0;0.0;1.0;1.0;1.0;1.0;5.0;6.0;0.0;1.0;0.0;1.0;0.0;0.0;0.0;7.0;7.0;7.0;1.0;2.0;50.0;3.0;60.0;4;4.0;100.0;11.0;2.0;40.0;100.0;100.0
21003130;CENTRO EDUCA MAIS ANICETO CANTANHEDE;2101905;Bequimão;2.0;1.0;CENSO_ESCOLAR_2024;16;14;429.86;14;411.93;14;435.27;14;432.34;14;13;92.86;502.86;541.54;1.0;1.0;0.0;1.0;1.0;1.0;0.0;0.0;0.0;0.0;1.0;0.0;0.0;0.0;0.0;0.0;0.0;1.0;0.0;1.0;1.0;0.0;0.0;11.0;11.0;0.0;1.0;3.0;75.0;1.0;20.0;4;1.0;25.0;0.0;3.0;60.0;100.0;0.0
21003173;CENTRO DE ENSINO MANOEL BECKMAN;2101905;Bequimão;2.0;1.0;CENSO_ESCOLAR_2024;99;72;438.37;78;438.28;78;453.25;72;445.02;78;66;84.62;445.64;526.67;1.0;1.0;0.0;1.0;0.0;1.0;0.0;0.0;0.0;0.0;1.0;1.0;1.0;1.0;1.0;0.0;0.0;0.0;0.0;1.0;0.0;0.0;0.0;9.0;0.0;0.0;1.0;3.0;75.0;1.0;20.0;4;4.0;100.0;1.0;1.0;20.0;0.0;0.0
21003947;CENTRO DE ENSINO PAULO CORDEIRO FILHO;2102408;Cajapió;2.0;1.0;CENSO_ESCOLAR_2024;57;48;429.56;49;410.69;49;444.04;48;441.92;49;42;85.71;521.63;608.57;1.0;1.0;0.0;0.0;1.0;1.0;0.0;1.0;0.0;0.0;1.0;1.0;0.0;1.0;10.0;0.0;0.0;0.0;0.0;1.0;0.0;0.0;0.0;8.0;8.0;8.0;1.0;2.0;50.0;2.0;40.0;4;3.0;75.0;10.0;1.0;20.0;100.0;100.0
21004013;CENTRO EDUCA MAIS DR DEUSDETH CORTEZ VIEIRA DA SILVA;2101350;Bacurituba;2.0;1.0;CENSO_ESCOLAR_2024;76;63;423.59;66;410.03;66;437.64;63;427.62;66;59;89.39;453.03;506.78;1.0;1.0;0.0;1.0;0.0;1.0;0.0;0.0;0.0;0.0;1.0;0.0;0.0;1.0;1.0;0.0;0.0;1.0;0.0;1.0;0.0;0.0;0.0;5.0;5.0;5.0;1.0;3.0;75.0;1.0;20.0;4;2.0;50.0;1.0;2.0;40.0;100.0;100.0
21004447;CENTRO DE ENSINO PEDRO NEIVA DE SANTANA;2103109;Cedral;2.0;1.0;CENSO_ESCOLAR_2024;72;47;443.02;51;438.76;51;476.13;47;447.16;51;46;90.2;564.31;625.65;1.0;1.0;0.0;1.0;1.0;1.0;0.0;1.0;0.0;0.0;1.0;1.0;1.0;1.0;7.0;6.0;0.0;1.0;0.0;1.0;0.0;0.0;0.0;6.0;6.0;6.0;1.0;3.0;75.0;2.0;40.0;4;4.0;100.0;13.0;2.0;40.0;100.0;100.0
21004455;CENTRO DE ENSINO JOSE RIBAMAR EWERTON;2109056;Porto Rico do Maranhão;2.0;1.0;CENSO_ESCOLAR_2024;52;45;424.93;45;413.22;45;455.24;45;440.66;45;42;93.33;519.11;556.19;1.0;1.0;0.0;1.0;1.0;1.0;0.0;0.0;1.0;0.0;1.0;1.0;1.0;1.0;0.0;1.0;0.0;1.0;0.0;1.0;0.0;0.0;0.0;4.0;4.0;4.0;1.0;3.0;75.0;2.0;40.0;4;4.0;100.0;1.0;2.0;40.0;100.0;100.0
21004528;CENTRO DE ENSINO GERVASIO PROTASIO DOS SANTOS;2103703;Cururupu;2.0;1.0;CENSO_ESCOLAR_2024;72;51;437.7;52;438.22;52;457.13;51;446.2;52;46;88.46;493.08;557.39;1.0;1.0;0.0;1.0;1.0;1.0;0.0;0.0;0.0;0.0;1.0;1.0;1.0;1.0;1.0;2.0;0.0;0.0;0.0;1.0;0.0;0.0;0.0;9.0;4.0;0.0;1.0;3.0;75.0;1.0;20.0;4;4.0;100.0;3.0;1.0;20.0;44.44;0.0
21005680;CENTRO DE ENSINO PROFESSORA JOANA BATISTA DIAS;2103703;Cururupu;2.0;1.0;CENSO_ESCOLAR_2024;72;49;439.22;52;408.01;52;435.37;49;427.1;52;42;80.77;393.08;486.67;1.0;1.0;0.0;1.0;1.0;1.0;0.0;0.0;1.0;1.0;1.0;0.0;1.0;1.0;0.0;1.0;0.0;0.0;0.0;1.0;0.0;0.0;0.0;12.0;0.0;12.0;1.0;3.0;75.0;3.0;60.0;4;3.0;75.0;1.0;1.0;20.0;0.0;100.0
21005990;CENTRO DE ENSINO RAIMUNDO RODRIGUES;2111789;Serrano do Maranhão;2.0;1.0;CENSO_ESCOLAR_2024;46;37;449.93;40;410.63;40;448.26;37;445.84;40;31;77.5;456.0;588.39;1.0;1.0;0.0;1.0;1.0;1.0;0.0;1.0;0.0;0.0;1.0;0.0;0.0;0.0;0.0;0.0;0.0;0.0;0.0;1.0;0.0;0.0;0.0;8.0;0.0;8.0;1.0;3.0;75.0;2.0;40.0;4;1.0;25.0;0.0;1.0;20.0;0.0;100.0
21006032;CENTRO DE ENSINO NOSSA SENHORA DA ASSUNCAO;2104909;Guimarães;2.0;1.0;CENSO_ESCOLAR_2024;66;56;450.48;56;450.11;56;464.82;56;445.88;56;49;87.5;515.0;588.57;1.0;1.0;0.0;1.0;1.0;1.0;1.0;0.0;1.0;0.0;0.0;0.0;0.0;;0.0;0.0;0.0;1.0;0.0;1.0;0.0;0.0;0.0;6.0;6.0;0.0;1.0;3.0;75.0;3.0;60.0;3;0.0;0.0;0.0;2.0;40.0;100.0;0.0
21007357;CENTRO DE ENSINO EUCLIDES RIBEIRO;2106805;Mirinzal;2.0;1.0;CENSO_ESCOLAR_2024;74;60;437.67;62;446.59;62;467.51;60;442.58;62;53;85.48;501.61;586.79;1.0;1.0;0.0;1.0;1.0;1.0;1.0;0.0;0.0;0.0;1.0;0.0;0.0;0.0;2.0;1.0;0.0;0.0;0.0;0.0;0.0;0.0;1.0;9.0;6.0;0.0;1.0;3.0;75.0;2.0;40.0;4;1.0;25.0;3.0;0.0;0.0;66.67;0.0
21007365;CENTRO DE EDUCACAO QUILOMBOLA EPITACIO AZEVEDO FLOR;2103125;Central do Maranhão;2.0;1.0;CENSO_ESCOLAR_2024;61;41;454.15;44;450.61;44;472.49;41;440.81;44;41;93.18;461.82;495.61;1.0;1.0;0.0;1.0;1.0;1.0;0.0;0.0;1.0;1.0;1.0;0.0;0.0;0.0;0.0;0.0;0.0;1.0;1.0;1.0;0.0;0.0;0.0;7.0;7.0;0.0;1.0;3.0;75.0;3.0;60.0;4;1.0;25.0;0.0;3.0;60.0;100.0;0.0
21007373;CENTRO DE EDUCACAO QUILOMBOLA BENEDITO FONTES;2106805;Mirinzal;2.0;2.0;CENSO_ESCOLAR_2024;31;26;421.51;27;413.9;27;432.96;26;439.45;27;21;77.78;399.26;513.33;1.0;1.0;0.0;0.0;1.0;1.0;0.0;0.0;0.0;0.0;1.0;1.0;0.0;0.0;4.0;1.0;20.0;1.0;1.0;1.0;0.0;0.0;0.0;5.0;2.0;4.0;1.0;2.0;50.0;1.0;20.0;4;2.0;50.0;25.0;3.0;60.0;40.0;80.0
21007446;CENTRO DE ENSINO ERASMO DIAS;2107506;Paço do Lumiar;2.0;1.0;CENSO_ESCOLAR_2024;256;198;452.58;213;459.37;213;486.3;198;454.82;213;191;89.67;508.17;566.7;1.0;1.0;1.0;1.0;1.0;1.0;1.0;1.0;1.0;1.0;1.0;1.0;1.0;1.0;0.0;2.0;0.0;1.0;0.0;1.0;0.0;0.0;0.0;18.0;16.0;18.0;1.0;4.0;100.0;5.0;100.0;4;4.0;100.0;2.0;2.0;40.0;88.89;100.0
21007454;CENTRO EDUCA MAIS DR LUIZ SERGIO CABRAL BARRETO;2107506;Paço do Lumiar;2.0;2.0;CENSO_ESCOLAR_2024;27;24;450.98;24;449.44;24;476.9;24;469.92;24;22;91.67;556.67;607.27;1.0;1.0;0.0;1.0;1.0;1.0;0.0;1.0;1.0;1.0;1.0;0.0;1.0;1.0;5.0;2.0;0.0;1.0;0.0;1.0;0.0;0.0;0.0;8.0;8.0;8.0;1.0;3.0;75.0;4.0;80.0;4;3.0;75.0;7.0;2.0;40.0;100.0;100.0
21008299;CENTRO EDUCA MAIS PIRES COLLINS;2107506;Paço do Lumiar;2.0;2.0;CENSO_ESCOLAR_2024;42;29;449.23;34;420.87;34;448.42;29;456.2;34;28;82.35;464.71;564.29;1.0;1.0;0.0;1.0;1.0;1.0;1.0;1.0;1.0;0.0;1.0;0.0;1.0;0.0;12.0;0.0;0.0;1.0;0.0;1.0;1.0;0.0;0.0;5.0;5.0;0.0;1.0;3.0;75.0;4.0;80.0;4;2.0;50.0;12.0;3.0;60.0;100.0;0.0
21008388;CENTRO DE ENSINO VITORIO SILVA;2107506;Paço do Lumiar;2.0;2.0;CENSO_ESCOLAR_2024;35;23;449.01;23;451.87;23;485.67;23;417.79;23;22;95.65;632.17;660.91;1.0;1.0;0.0;1.0;0.0;0.0;0.0;1.0;0.0;0.0;1.0;1.0;1.0;1.0;5.0;0.0;0.0;1.0;0.0;1.0;0.0;0.0;0.0;5.0;5.0;0.0;0.0;3.0;75.0;1.0;20.0;4;4.0;100.0;5.0;2.0;40.0;100.0;0.0
21008396;CENTRO DE ENSINO PROFESSOR ROBSON CAMPOS MARTINS;2107506;Paço do Lumiar;2.0;1.0;CENSO_ESCOLAR_2024;233;177;447.4;177;442.91;177;473.59;177;459.95;177;155;87.57;520.79;594.71;1.0;1.0;1.0;1.0;1.0;1.0;1.0;0.0;1.0;0.0;1.0;1.0;1.0;0.0;1.0;0.0;0.0;1.0;1.0;1.0;0.0;0.0;0.0;15.0;15.0;13.0;1.0;4.0;100.0;3.0;60.0;4;3.0;75.0;1.0;3.0;60.0;100.0;86.67
21008574;CENTRO DE ENSINO JOAQUIM AROSO;2109452;Raposa;2.0;1.0;CENSO_ESCOLAR_2024;100;68;437.38;70;450.88;70;477.48;68;463.35;70;63;90.0;554.86;616.51;1.0;1.0;0.0;1.0;0.0;0.0;0.0;0.0;0.0;0.0;1.0;1.0;1.0;1.0;0.0;1.0;0.0;1.0;0.0;1.0;0.0;0.0;0.0;11.0;10.0;6.0;0.0;3.0;75.0;0.0;0.0;4;4.0;100.0;1.0;2.0;40.0;90.91;54.55
21008604;CENTRO DE ENSINO PROFESSOR MACHADINHO;2107506;Paço do Lumiar;2.0;1.0;CENSO_ESCOLAR_2024;54;36;431.56;42;429.61;42;463.2;36;443.14;42;33;78.57;425.24;541.21;1.0;1.0;0.0;1.0;1.0;1.0;0.0;1.0;0.0;0.0;1.0;0.0;0.0;1.0;2.0;0.0;0.0;1.0;0.0;1.0;0.0;0.0;0.0;5.0;5.0;5.0;1.0;3.0;75.0;2.0;40.0;4;2.0;50.0;2.0;2.0;40.0;100.0;100.0
21008680;CENTRO EDUCA MAIS DOMINGOS VIEIRA FILHO;2107506;Paço do Lumiar;2.0;1.0;CENSO_ESCOLAR_2024;142;128;457.62;131;471.24;131;497.6;128;470.94;131;127;96.95;672.37;693.54;1.0;1.0;0.0;1.0;1.0;1.0;1.0;1.0;1.0;1.0;1.0;1.0;1.0;0.0;11.0;0.0;0.0;1.0;0.0;1.0;0.0;0.0;0.0;16.0;16.0;16.0;1.0;3.0;75.0;5.0;100.0;4;3.0;75.0;11.0;2.0;40.0;100.0;100.0
21008728;CENTRO EDUCA MAIS CIDADE DE SAO JOSE DE RIBAMAR;2111201;São José de Ribamar;2.0;1.0;CENSO_ESCOLAR_2024;102;68;433.49;76;429.62;76;467.77;68;445.73;76;70;92.11;523.42;568.29;1.0;1.0;0.0;1.0;1.0;1.0;1.0;1.0;1.0;1.0;1.0;1.0;1.0;1.0;17.0;3.0;0.0;1.0;1.0;1.0;0.0;0.0;0.0;16.0;16.0;0.0;1.0;3.0;75.0;5.0;100.0;4;4.0;100.0;20.0;3.0;60.0;100.0;0.0
21009473;CENTRO EDUCA MAIS SALUSTIANO TRINDADE;2111201;São José de Ribamar;2.0;2.0;CENSO_ESCOLAR_2024;40;28;431.83;31;451.54;31;471.87;28;436.15;31;29;93.55;516.13;551.72;0.0;1.0;0.0;1.0;1.0;1.0;1.0;1.0;1.0;0.0;1.0;1.0;0.0;1.0;3.0;5.0;0.0;1.0;0.0;1.0;0.0;0.0;0.0;9.0;9.0;9.0;1.0;2.0;50.0;4.0;80.0;4;3.0;75.0;8.0;2.0;40.0;100.0;100.0
21009678;CENTRO DE ENSINO SETE DE SETEMBRO;2111201;São José de Ribamar;2.0;2.0;CENSO_ESCOLAR_2024;14;7;430.26;7;462.27;7;460.81;7;426.64;7;7;100.0;522.86;522.86;1.0;1.0;1.0;1.0;1.0;1.0;1.0;0.0;1.0;1.0;1.0;1.0;1.0;1.0;1.0;0.0;0.0;1.0;1.0;1.0;0.0;0.0;0.0;7.0;5.0;0.0;1.0;4.0;100.0;4.0;80.0;4;4.0;100.0;1.0;3.0;60.0;71.43;0.0
21009686;CENTRO DE ENSINO DR TARQUINIO LOPES FILHO;2111201;São José de Ribamar;2.0;2.0;CENSO_ESCOLAR_2024;43;29;461.18;32;423.08;32;452.48;29;440.63;32;28;87.5;427.5;488.57;1.0;1.0;0.0;1.0;1.0;1.0;0.0;0.0;0.0;0.0;1.0;0.0;1.0;1.0;0.0;0.0;0.0;1.0;1.0;1.0;1.0;0.0;0.0;7.0;7.0;7.0;1.0;3.0;75.0;1.0;20.0;4;3.0;75.0;0.0;4.0;80.0;100.0;100.0
21009694;COLEGIO MILITAR 2 DE JULHO UNIDADE XIII;2111201;São José de Ribamar;2.0;1.0;CENSO_ESCOLAR_2024;151;137;464.97;140;469.26;140;493.58;137;473.5;140;124;88.57;545.29;615.65;1.0;1.0;0.0;1.0;1.0;1.0;0.0;1.0;1.0;0.0;1.0;1.0;1.0;1.0;0.0;10.0;0.0;1.0;0.0;1.0;1.0;0.0;0.0;7.0;7.0;0.0;1.0;3.0;75.0;3.0;60.0;4;4.0;100.0;10.0;3.0;60.0;100.0;0.0
21009716;CENTRO EDUCA MAIS RIBEIRO DO AMARAL;2111201;São José de Ribamar;2.0;2.0;CENSO_ESCOLAR_2024;55;44;455.27;45;471.01;45;493.35;44;458.69;45;43;95.56;580.44;607.44;1.0;1.0;0.0;1.0;1.0;1.0;1.0;0.0;1.0;0.0;1.0;1.0;1.0;1.0;1.0;4.0;0.0;1.0;0.0;1.0;1.0;0.0;0.0;8.0;0.0;0.0;1.0;3.0;75.0;3.0;60.0;4;4.0;100.0;5.0;3.0;60.0;0.0;0.0
21009783;CENTRO DE ENSINO ANJO DA GUARDA;2111300;São Luís;2.0;1.0;CENSO_ESCOLAR_2024;38;23;452.4;25;450.6;25;483.85;23;465.87;25;22;88.0;461.6;524.55;1.0;1.0;0.0;1.0;1.0;1.0;0.0;0.0;1.0;0.0;1.0;1.0;1.0;1.0;0.0;3.0;0.0;1.0;0.0;1.0;0.0;0.0;0.0;8.0;0.0;8.0;1.0;3.0;75.0;2.0;40.0;4;4.0;100.0;3.0;2.0;40.0;0.0;100.0
21009805;CENTRO DE ENSINO BERNARDO COELHO DE ALMEIDA;2111300;São Luís;2.0;1.0;CENSO_ESCOLAR_2024;50;38;446.1;38;473.52;38;484.98;38;468.98;38;37;97.37;628.95;645.95;1.0;1.0;1.0;1.0;1.0;1.0;1.0;1.0;0.0;0.0;1.0;1.0;1.0;1.0;0.0;1.0;0.0;1.0;0.0;0.0;0.0;0.0;0.0;8.0;5.0;0.0;1.0;4.0;100.0;3.0;60.0;4;4.0;100.0;1.0;1.0;20.0;62.5;0.0
21009848;CENTRO DE ENSINO LICEU MARANHENSE;2111300;São Luís;2.0;1.0;CENSO_ESCOLAR_2024;348;304;456.51;314;468.6;314;492.6;304;465.41;314;282;89.81;597.96;665.82;1.0;1.0;1.0;1.0;1.0;1.0;1.0;1.0;1.0;0.0;1.0;1.0;1.0;1.0;23.0;5.0;0.0;1.0;1.0;1.0;0.0;0.0;0.0;49.0;49.0;49.0;1.0;4.0;100.0;4.0;80.0;4;4.0;100.0;28.0;3.0;60.0;100.0;100.0
21009864;CENTRO EDUCA MAIS COELHO NETO;2111300;São Luís;2.0;1.0;CENSO_ESCOLAR_2024;35;21;433.82;23;437.77;23;449.11;21;453.92;23;16;69.57;350.43;503.75;1.0;1.0;1.0;1.0;1.0;1.0;0.0;0.0;0.0;1.0;1.0;0.0;0.0;1.0;3.0;0.0;0.0;1.0;1.0;1.0;1.0;0.0;0.0;15.0;15.0;15.0;1.0;4.0;100.0;2.0;40.0;4;2.0;50.0;3.0;4.0;80.0;100.0;100.0
21009872;INSTITUTO ESTADUAL DE EDUCACAO CIENCIA E TECNOLOGIA DO MA - IEMA PLENO SAO LUIS GONCALVES DIAS;2111300;São Luís;2.0;1.0;CENSO_ESCOLAR_2024;143;125;467.27;131;473.89;131;498.16;125;455.79;131;123;93.89;606.87;646.34;1.0;1.0;1.0;1.0;1.0;1.0;1.0;1.0;1.0;1.0;1.0;1.0;1.0;1.0;16.0;4.0;0.0;1.0;1.0;0.0;0.0;0.0;0.0;15.0;15.0;0.0;1.0;4.0;100.0;5.0;100.0;4;4.0;100.0;20.0;2.0;40.0;100.0;0.0
21010102;CENTRO EDUCA MAIS CIDADE OPERARIA II;2111300;São Luís;2.0;1.0;CENSO_ESCOLAR_2024;170;134;450.44;138;440.92;138;465.76;134;452.31;138;130;94.2;607.25;644.62;1.0;1.0;1.0;1.0;1.0;1.0;1.0;0.0;1.0;0.0;1.0;1.0;1.0;1.0;0.0;0.0;0.0;1.0;1.0;1.0;0.0;0.0;0.0;19.0;12.0;0.0;1.0;4.0;100.0;3.0;60.0;4;4.0;100.0;0.0;3.0;60.0;63.16;0.0
21011125;INSTITUTO ESTADUAL DE EDUCACAO CIENCIA E TECNOLOGIA DO MA SAO LUIS - BARJONAS LOBAO;2111300;São Luís;2.0;1.0;CENSO_ESCOLAR_2024;181;150;459.83;155;467.55;155;496.92;150;479.26;155;141;90.97;573.42;630.35;1.0;1.0;1.0;1.0;1.0;1.0;1.0;1.0;1.0;1.0;0.0;0.0;0.0;;5.0;1.0;0.0;1.0;0.0;1.0;0.0;0.0;0.0;36.0;0.0;28.0;1.0;4.0;100.0;5.0;100.0;3;0.0;0.0;6.0;2.0;40.0;0.0;77.78
21011133;CENTRO EDUCA MAIS JOAO FRANCISCO LISBOA;2111300;São Luís;2.0;1.0;CENSO_ESCOLAR_2024;126;116;459.66;119;486.48;119;499.56;116;473.34;119;115;96.64;631.09;653.04;1.0;1.0;1.0;1.0;1.0;1.0;1.0;1.0;1.0;1.0;1.0;1.0;1.0;1.0;17.0;6.0;0.0;1.0;0.0;1.0;1.0;0.0;0.0;34.0;34.0;26.0;1.0;4.0;100.0;5.0;100.0;4;4.0;100.0;23.0;3.0;60.0;100.0;76.47
21013926;INSTITUTO ESTADUAL DE EDUCACAO CIENCIA E TECNOLOGIA DO MA - IEMA PLENO SAO LUIS BACELAR PORTELA;2111300;São Luís;2.0;1.0;CENSO_ESCOLAR_2024;169;145;483.51;151;485.6;151;504.13;145;490.4;151;140;92.72;579.21;624.71;1.0;1.0;1.0;1.0;1.0;1.0;1.0;1.0;0.0;1.0;1.0;1.0;0.0;1.0;13.0;6.0;0.0;1.0;0.0;0.0;0.0;0.0;0.0;15.0;15.0;0.0;1.0;4.0;100.0;4.0;80.0;4;3.0;75.0;19.0;1.0;20.0;100.0;0.0
21015023;CENTRO EDUCA MAIS PROFESSORA MARGARIDA PIRES LEAL;2111300;São Luís;2.0;1.0;CENSO_ESCOLAR_2024;100;88;456.07;95;465.75;95;493.92;88;497.43;95;90;94.74;656.84;693.33;1.0;1.0;1.0;1.0;1.0;1.0;1.0;1.0;1.0;1.0;1.0;1.0;1.0;1.0;9.0;8.0;0.0;1.0;1.0;1.0;0.0;1.0;0.0;13.0;13.0;4.0;1.0;4.0;100.0;5.0;100.0;4;4.0;100.0;17.0;4.0;80.0;100.0;30.77
21016070;CENTRO DE ENSINO ESTADO DO RIO GRANDE DO NORTE;2111300;São Luís;2.0;1.0;CENSO_ESCOLAR_2024;119;107;450.73;107;469.26;107;493.46;107;471.15;107;104;97.2;591.4;608.46;1.0;1.0;1.0;1.0;1.0;1.0;1.0;1.0;1.0;0.0;1.0;1.0;1.0;1.0;8.0;10.0;0.0;1.0;0.0;1.0;0.0;0.0;0.0;14.0;14.0;0.0;1.0;4.0;100.0;4.0;80.0;4;4.0;100.0;18.0;2.0;40.0;100.0;0.0
21016283;CENTRO EDUCA MAIS PADRE JOSE BRAULIO SOUSA AYRES;2111300;São Luís;2.0;1.0;CENSO_ESCOLAR_2024;60;50;454.63;53;477.39;53;493.14;50;480.75;53;52;98.11;660.38;673.08;1.0;1.0;0.0;1.0;1.0;1.0;1.0;1.0;1.0;0.0;1.0;1.0;1.0;1.0;2.0;5.0;20.0;1.0;0.0;1.0;0.0;0.0;0.0;9.0;9.0;9.0;1.0;3.0;75.0;4.0;80.0;4;4.0;100.0;27.0;2.0;40.0;100.0;100.0
21016356;CENTRO DE ENSINO DR ANTONIO JORGE DINO;2111300;São Luís;2.0;1.0;CENSO_ESCOLAR_2024;40;30;438.26;32;432.41;32;471.09;30;432.48;32;28;87.5;478.75;547.14;1.0;1.0;1.0;1.0;1.0;1.0;0.0;0.0;0.0;0.0;1.0;0.0;0.0;1.0;0.0;2.0;0.0;1.0;0.0;1.0;0.0;0.0;0.0;11.0;6.0;0.0;1.0;4.0;100.0;1.0;20.0;4;2.0;50.0;2.0;2.0;40.0;54.55;0.0
21016631;CENTRO DE ENSINO PROFESSORA JANILDE SILVA DE AQUINO;2111300;São Luís;2.0;1.0;CENSO_ESCOLAR_2024;47;40;456.97;41;476.68;41;494.95;40;471.44;41;39;95.12;616.1;647.69;1.0;1.0;1.0;1.0;1.0;1.0;1.0;1.0;1.0;1.0;1.0;1.0;1.0;1.0;14.0;6.0;0.0;1.0;0.0;1.0;1.0;0.0;0.0;6.0;6.0;0.0;1.0;4.0;100.0;5.0;100.0;4;4.0;100.0;20.0;3.0;60.0;100.0;0.0
21016640;CENTRO EDUCA MAIS ESTADO DO AMAZONAS;2111300;São Luís;2.0;1.0;CENSO_ESCOLAR_2024;18;9;458.61;11;422.61;11;456.97;9;459.4;11;8;72.73;456.36;627.5;1.0;1.0;1.0;1.0;1.0;1.0;0.0;1.0;1.0;1.0;1.0;1.0;1.0;1.0;5.0;0.0;0.0;1.0;1.0;1.0;0.0;0.0;0.0;10.0;10.0;1.0;1.0;4.0;100.0;4.0;80.0;4;4.0;100.0;5.0;3.0;60.0;100.0;10.0
21016682;CENTRO DE ENSINO GENERAL ARTUR CARVALHO;2111300;São Luís;2.0;1.0;CENSO_ESCOLAR_2024;85;70;444.38;74;447.07;74;465.19;70;455.27;74;62;83.78;455.95;544.19;1.0;1.0;1.0;1.0;1.0;1.0;0.0;0.0;1.0;0.0;1.0;0.0;1.0;1.0;0.0;1.0;0.0;1.0;0.0;1.0;0.0;0.0;0.0;15.0;12.0;4.0;1.0;4.0;100.0;2.0;40.0;4;3.0;75.0;1.0;2.0;40.0;80.0;26.67
21016690;CENTRO DE ENSINO HUMBERTO DE CAMPOS;2111300;São Luís;2.0;1.0;CENSO_ESCOLAR_2024;63;56;445.66;57;444.9;57;472.02;56;470.72;57;56;98.25;573.33;583.57;1.0;1.0;1.0;1.0;1.0;1.0;0.0;0.0;1.0;1.0;1.0;1.0;1.0;1.0;1.0;1.0;3.0;1.0;0.0;1.0;1.0;0.0;0.0;8.0;8.0;8.0;1.0;4.0;100.0;3.0;60.0;4;4.0;100.0;5.0;3.0;60.0;100.0;100.0
21016763;CENTRO DE ENSINO JACKSON LAGO;2111300;São Luís;2.0;1.0;CENSO_ESCOLAR_2024;81;66;454.74;70;450.9;70;477.21;66;470.66;70;64;91.43;528.86;578.44;1.0;1.0;1.0;1.0;1.0;1.0;0.0;0.0;0.0;0.0;1.0;0.0;1.0;1.0;3.0;4.0;0.0;1.0;0.0;1.0;0.0;0.0;0.0;8.0;8.0;8.0;1.0;4.0;100.0;1.0;20.0;4;3.0;75.0;7.0;2.0;40.0;100.0;100.0
21016798;COLEGIO MILITAR 2 DE JULHO - ANEXO PIO XII;2111300;São Luís;2.0;1.0;CENSO_ESCOLAR_2024;136;130;494.79;131;540.62;131;529.04;130;529.12;131;130;99.24;731.15;736.77;1.0;1.0;1.0;1.0;1.0;1.0;0.0;0.0;1.0;1.0;1.0;0.0;0.0;1.0;1.0;0.0;0.0;1.0;0.0;1.0;0.0;0.0;0.0;15.0;15.0;15.0;1.0;4.0;100.0;3.0;60.0;4;2.0;50.0;1.0;2.0;40.0;100.0;100.0
21016887;CENTRO DE ENSINO SOTERO DOS REIS;2111300;São Luís;2.0;1.0;CENSO_ESCOLAR_2024;45;33;434.94;33;436.78;33;465.6;33;453.55;33;30;90.91;521.82;574.0;1.0;1.0;1.0;1.0;1.0;1.0;0.0;1.0;1.0;1.0;1.0;0.0;0.0;0.0;5.0;2.0;1.0;1.0;1.0;1.0;0.0;0.0;0.0;14.0;0.0;2.0;1.0;4.0;100.0;4.0;80.0;4;1.0;25.0;8.0;3.0;60.0;0.0;14.29
21016925;CENTRO DE ENSINO BARBOSA DE GODOIS;2111300;São Luís;2.0;1.0;CENSO_ESCOLAR_2024;61;47;443.17;49;455.8;49;482.67;47;452.0;49;43;87.76;500.0;569.77;1.0;1.0;1.0;1.0;1.0;1.0;0.0;0.0;1.0;0.0;1.0;1.0;1.0;1.0;0.0;3.0;0.0;1.0;0.0;1.0;0.0;0.0;0.0;9.0;9.0;0.0;1.0;4.0;100.0;2.0;40.0;4;4.0;100.0;3.0;2.0;40.0;100.0;0.0
21016933;CENTRO DE ENSINO BENEDITO LEITE;2111300;São Luís;2.0;1.0;CENSO_ESCOLAR_2024;72;61;445.72;66;456.52;66;493.0;61;461.61;66;59;89.39;548.79;613.9;1.0;1.0;1.0;1.0;1.0;1.0;1.0;1.0;1.0;0.0;1.0;1.0;1.0;1.0;25.0;0.0;0.0;1.0;1.0;1.0;0.0;0.0;0.0;17.0;17.0;5.0;1.0;4.0;100.0;4.0;80.0;4;4.0;100.0;25.0;3.0;60.0;100.0;29.41
21016950;CENTRO EDUCA MAIS PROFESSOR LUIZ ALVES FERREIRA;2111300;São Luís;2.0;1.0;CENSO_ESCOLAR_2024;29;21;423.64;24;418.86;24;422.54;21;450.84;24;18;75.0;385.0;513.33;1.0;1.0;1.0;1.0;1.0;1.0;1.0;1.0;1.0;0.0;1.0;1.0;1.0;1.0;1.0;4.0;0.0;1.0;1.0;0.0;0.0;0.0;0.0;7.0;7.0;7.0;1.0;4.0;100.0;4.0;80.0;4;4.0;100.0;5.0;2.0;40.0;100.0;100.0
21017018;CENTRO DE ENSINO ODYLO COSTA FILHO;2111300;São Luís;2.0;1.0;CENSO_ESCOLAR_2024;24;19;439.04;20;440.78;20;477.56;19;432.21;20;16;80.0;499.0;623.75;1.0;1.0;1.0;1.0;0.0;0.0;0.0;0.0;0.0;0.0;1.0;0.0;0.0;1.0;0.0;1.0;0.0;1.0;0.0;0.0;0.0;0.0;1.0;4.0;0.0;0.0;0.0;4.0;100.0;0.0;0.0;4;2.0;50.0;1.0;1.0;20.0;0.0;0.0
21017042;INSTITUTO ESTADUAL DE EDUCACAO CIENCIA E TECNOLOGIA DO MA -IEMA UNIDADAE PLENA -SAO LUIS SOUSANDRADE;2111300;São Luís;2.0;1.0;CENSO_ESCOLAR_2024;57;48;454.59;50;455.96;50;489.53;48;484.57;50;49;98.0;568.4;580.0;1.0;1.0;1.0;1.0;1.0;1.0;1.0;1.0;0.0;1.0;1.0;0.0;0.0;0.0;1.0;0.0;0.0;1.0;0.0;1.0;0.0;0.0;0.0;16.0;16.0;1.0;1.0;4.0;100.0;4.0;80.0;4;1.0;25.0;1.0;2.0;40.0;100.0;6.25
21017093;CENTRO EDUCA MAIS ALMIRANTE TAMANDARE;2111300;São Luís;2.0;1.0;CENSO_ESCOLAR_2024;193;173;459.88;178;466.12;178;495.28;173;473.1;178;160;89.89;576.63;641.5;1.0;1.0;1.0;1.0;1.0;1.0;1.0;1.0;1.0;1.0;1.0;1.0;1.0;1.0;3.0;0.0;0.0;1.0;0.0;1.0;0.0;0.0;0.0;21.0;21.0;21.0;1.0;4.0;100.0;5.0;100.0;4;4.0;100.0;3.0;2.0;40.0;100.0;100.0
21017107;CENTRO EDUCA MAIS ESTEFANIA ROSA DA SILVA;2111300;São Luís;2.0;1.0;CENSO_ESCOLAR_2024;82;73;451.56;78;442.89;78;486.95;73;484.62;78;69;88.46;535.38;605.22;1.0;1.0;1.0;1.0;1.0;1.0;1.0;1.0;1.0;0.0;1.0;1.0;1.0;1.0;0.0;4.0;0.0;1.0;0.0;0.0;0.0;0.0;1.0;10.0;10.0;0.0;1.0;4.0;100.0;4.0;80.0;4;4.0;100.0;4.0;1.0;20.0;100.0;0.0
21017115;CENTRO DE ENSINO CIDADE OPERARIA I;2111300;São Luís;2.0;1.0;CENSO_ESCOLAR_2024;216;156;451.97;164;468.19;164;485.28;156;457.55;164;141;85.98;511.22;594.61;1.0;1.0;1.0;1.0;1.0;1.0;1.0;1.0;1.0;1.0;0.0;0.0;0.0;;9.0;0.0;0.0;1.0;0.0;1.0;0.0;0.0;0.0;11.0;11.0;0.0;1.0;4.0;100.0;5.0;100.0;3;0.0;0.0;9.0;2.0;40.0;100.0;0.0
21017123;CENTRO DE ENSINO SAO CRISTOVAO;2111300;São Luís;2.0;1.0;CENSO_ESCOLAR_2024;186;144;454.34;154;453.5;154;476.56;144;473.71;154;139;90.26;600.78;665.61;1.0;1.0;1.0;1.0;1.0;1.0;1.0;0.0;0.0;0.0;1.0;0.0;0.0;1.0;0.0;2.0;0.0;1.0;1.0;0.0;0.0;0.0;0.0;10.0;10.0;1.0;1.0;4.0;100.0;2.0;40.0;4;2.0;50.0;2.0;2.0;40.0;100.0;10.0
21017140;CENTRO DE ENSINO SAO JOSE OPERARIO;2111300;São Luís;2.0;1.0;CENSO_ESCOLAR_2024;122;115;467.34;115;486.68;115;512.32;115;489.45;115;115;100.0;688.52;688.52;1.0;1.0;1.0;1.0;1.0;1.0;1.0;1.0;1.0;1.0;1.0;1.0;0.0;1.0;7.0;4.0;0.0;1.0;0.0;1.0;0.0;0.0;0.0;15.0;15.0;15.0;1.0;4.0;100.0;5.0;100.0;4;3.0;75.0;11.0;2.0;40.0;100.0;100.0
21017190;CENTRO DE ENSINO VICENTE MAIA;2111300;São Luís;2.0;1.0;CENSO_ESCOLAR_2024;102;76;447.88;79;450.65;79;472.72;76;454.05;79;73;92.41;505.06;546.58;1.0;1.0;1.0;1.0;1.0;1.0;0.0;0.0;1.0;0.0;1.0;0.0;0.0;1.0;0.0;0.0;0.0;1.0;0.0;1.0;0.0;0.0;0.0;11.0;11.0;11.0;1.0;4.0;100.0;2.0;40.0;4;2.0;50.0;0.0;2.0;40.0;100.0;100.0
21017212;CENTRO DE ENSINO PAULO FREIRE;2111300;São Luís;2.0;1.0;CENSO_ESCOLAR_2024;130;112;456.91;115;466.34;115;491.45;112;475.77;115;106;92.17;627.3;680.57;1.0;1.0;1.0;1.0;1.0;1.0;0.0;0.0;0.0;0.0;1.0;1.0;1.0;1.0;2.0;2.0;0.0;0.0;0.0;1.0;0.0;0.0;0.0;6.0;6.0;0.0;1.0;4.0;100.0;1.0;20.0;4;4.0;100.0;4.0;1.0;20.0;100.0;0.0
21017239;CENTRO DE ENSINO RENATO ARCHER;2111300;São Luís;2.0;2.0;CENSO_ESCOLAR_2024;46;31;449.93;34;470.53;34;480.36;31;449.0;34;29;85.29;468.24;548.97;1.0;1.0;1.0;1.0;1.0;1.0;0.0;1.0;0.0;0.0;1.0;1.0;1.0;1.0;5.0;2.0;0.0;1.0;0.0;1.0;1.0;0.0;0.0;5.0;5.0;5.0;1.0;4.0;100.0;2.0;40.0;4;4.0;100.0;7.0;3.0;60.0;100.0;100.0
21017484;UFMA - COLEGIO UNIVERSITARIO;2111300;São Luís;1.0;1.0;CENSO_ESCOLAR_2024;79;75;535.81;78;570.54;78;564.83;75;594.99;78;75;96.15;746.41;776.27;1.0;1.0;1.0;1.0;1.0;1.0;1.0;1.0;1.0;1.0;1.0;1.0;1.0;1.0;25.0;0.0;27.0;1.0;1.0;0.0;0.0;0.0;0.0;16.0;16.0;16.0;1.0;4.0;100.0;5.0;100.0;4;4.0;100.0;52.0;2.0;40.0;100.0;100.0
21017638;IFMA - CAMPUS SAO LUIS MARACANA;2111300;São Luís;1.0;2.0;CENSO_ESCOLAR_2024;108;101;476.86;102;488.4;102;500.68;101;473.47;102;97;95.1;636.08;668.87;1.0;1.0;0.0;1.0;1.0;1.0;1.0;1.0;1.0;1.0;1.0;1.0;1.0;1.0;20.0;3.0;0.0;0.0;1.0;1.0;0.0;0.0;0.0;39.0;39.0;20.0;1.0;3.0;75.0;5.0;100.0;4;4.0;100.0;23.0;2.0;40.0;100.0;51.28
21019649;INSTITUTO ESTADUAL DE EDUCACAO CIENCIA E TECNOLOGIA DO MA - IEMA PLENO SAO LUIS RIO ANIL;2111300;São Luís;2.0;1.0;CENSO_ESCOLAR_2024;274;242;454.3;250;463.77;250;496.09;242;468.27;250;239;95.6;600.08;627.7;1.0;1.0;1.0;1.0;1.0;1.0;1.0;1.0;1.0;1.0;1.0;1.0;1.0;1.0;30.0;2.0;40.0;1.0;1.0;1.0;0.0;0.0;0.0;32.0;32.0;32.0;1.0;4.0;100.0;5.0;100.0;4;4.0;100.0;72.0;3.0;60.0;100.0;100.0
21020698;CENTRO DE ENSINO ANTONIO RIBEIRO DA SILVA;2111300;São Luís;2.0;1.0;CENSO_ESCOLAR_2024;20;15;455.31;16;448.69;16;465.12;15;472.75;16;14;87.5;413.75;472.86;1.0;1.0;0.0;1.0;1.0;1.0;0.0;0.0;1.0;0.0;1.0;1.0;1.0;1.0;2.0;2.0;0.0;1.0;0.0;1.0;0.0;0.0;0.0;12.0;12.0;10.0;1.0;3.0;75.0;2.0;40.0;4;4.0;100.0;4.0;2.0;40.0;100.0;83.33
21020825;CENTRO DE ENSINO PROFESSOR EZELBERTO MARTINS;2111300;São Luís;2.0;2.0;CENSO_ESCOLAR_2024;20;10;472.77;10;478.36;10;506.67;10;483.19;10;10;100.0;664.0;664.0;1.0;1.0;0.0;1.0;1.0;1.0;0.0;0.0;0.0;0.0;1.0;0.0;1.0;1.0;0.0;3.0;0.0;1.0;1.0;1.0;0.0;0.0;0.0;10.0;6.0;10.0;1.0;3.0;75.0;1.0;20.0;4;3.0;75.0;3.0;3.0;60.0;60.0;100.0
21020833;CENTRO DE ENSINO DR FRANCISCO DE ASSIS XIMENES ARAGAO FILHO;2111300;São Luís;2.0;1.0;CENSO_ESCOLAR_2024;42;34;459.37;36;463.55;36;482.01;34;457.22;36;33;91.67;549.44;599.39;1.0;1.0;0.0;1.0;1.0;1.0;0.0;0.0;0.0;0.0;1.0;0.0;1.0;0.0;0.0;2.0;0.0;1.0;0.0;1.0;0.0;0.0;0.0;6.0;6.0;0.0;1.0;3.0;75.0;1.0;20.0;4;2.0;50.0;2.0;2.0;40.0;100.0;0.0
21020949;CENTRO DE ENSINO JOAQUIM GOMES DE SOUSA;2111300;São Luís;2.0;1.0;CENSO_ESCOLAR_2024;95;74;466.74;79;455.85;79;486.04;74;459.06;79;72;91.14;570.63;626.11;1.0;1.0;1.0;1.0;1.0;1.0;1.0;1.0;1.0;1.0;1.0;1.0;1.0;1.0;5.0;1.0;0.0;1.0;0.0;1.0;0.0;0.0;0.0;16.0;16.0;16.0;1.0;4.0;100.0;5.0;100.0;4;4.0;100.0;6.0;2.0;40.0;100.0;100.0
21021015;CENTRO DE ENSINO MANOEL BECKMAN;2111300;São Luís;2.0;1.0;CENSO_ESCOLAR_2024;152;139;464.18;144;481.6;144;502.77;139;477.65;144;128;88.89;579.72;652.19;1.0;1.0;1.0;1.0;1.0;1.0;1.0;1.0;0.0;1.0;1.0;1.0;1.0;1.0;0.0;5.0;0.0;1.0;1.0;1.0;0.0;0.0;0.0;16.0;16.0;16.0;1.0;4.0;100.0;4.0;80.0;4;4.0;100.0;5.0;3.0;60.0;100.0;100.0
21021058;CENTRO DE ENSINO MARIA JOSE ARAGAO;2111300;São Luís;2.0;1.0;CENSO_ESCOLAR_2024;217;185;446.36;191;460.76;191;487.95;185;471.87;191;174;91.1;587.02;644.37;1.0;1.0;1.0;1.0;1.0;1.0;0.0;1.0;1.0;1.0;1.0;1.0;1.0;1.0;8.0;5.0;0.0;1.0;1.0;1.0;1.0;0.0;0.0;10.0;10.0;10.0;1.0;4.0;100.0;4.0;80.0;4;4.0;100.0;13.0;4.0;80.0;100.0;100.0
21021171;CENTRO DE ENSINO PROFESSORA MARIA DO SOCORRO ALMEIDA;2111300;São Luís;2.0;1.0;CENSO_ESCOLAR_2024;148;123;451.62;130;464.41;130;478.76;123;462.48;130;118;90.77;548.31;604.07;1.0;1.0;1.0;1.0;1.0;1.0;1.0;1.0;1.0;1.0;1.0;1.0;1.0;1.0;1.0;2.0;0.0;1.0;1.0;1.0;0.0;0.0;0.0;23.0;10.0;23.0;1.0;4.0;100.0;5.0;100.0;4;4.0;100.0;3.0;3.0;60.0;43.48;100.0
21021198;CENTRO EDUCA MAIS PROFESSORA MARIA PINHO;2111300;São Luís;2.0;1.0;CENSO_ESCOLAR_2024;90;84;452.52;85;472.62;85;500.68;84;477.95;85;80;94.12;650.35;691.0;1.0;1.0;1.0;1.0;1.0;1.0;1.0;1.0;1.0;1.0;1.0;1.0;1.0;1.0;15.0;0.0;0.0;1.0;0.0;1.0;0.0;0.0;0.0;9.0;9.0;9.0;1.0;4.0;100.0;5.0;100.0;4;4.0;100.0;15.0;2.0;40.0;100.0;100.0
21021252;CENTRO DE ENSINO SANTA BARBARA;2111300;São Luís;2.0;2.0;CENSO_ESCOLAR_2024;13;7;458.23;7;437.41;7;477.11;7;464.6;7;6;85.71;385.71;450.0;1.0;1.0;0.0;1.0;1.0;1.0;0.0;0.0;0.0;0.0;1.0;0.0;0.0;0.0;0.0;0.0;0.0;1.0;0.0;1.0;0.0;0.0;0.0;5.0;5.0;0.0;1.0;3.0;75.0;1.0;20.0;4;1.0;25.0;0.0;2.0;40.0;100.0;0.0
21021554;CENTRO EDUCA MAIS BARJONAS LOBAO;2111300;São Luís;2.0;1.0;CENSO_ESCOLAR_2024;67;62;448.17;63;444.44;63;478.38;62;461.96;63;59;93.65;558.1;595.93;1.0;1.0;1.0;1.0;1.0;1.0;1.0;1.0;1.0;1.0;1.0;1.0;0.0;1.0;15.0;0.0;0.0;1.0;0.0;1.0;0.0;0.0;0.0;23.0;17.0;1.0;1.0;4.0;100.0;5.0;100.0;4;3.0;75.0;15.0;2.0;40.0;73.91;4.35
21021589;CENTRO DE ENSINO GOVERNADOR ARCHER;2111300;São Luís;2.0;1.0;CENSO_ESCOLAR_2024;85;66;454.33;69;450.2;69;481.07;66;452.98;69;65;94.2;542.61;576.0;1.0;1.0;1.0;1.0;1.0;1.0;1.0;1.0;1.0;1.0;1.0;1.0;1.0;1.0;6.0;3.0;0.0;1.0;1.0;1.0;0.0;0.0;0.0;6.0;6.0;6.0;1.0;4.0;100.0;5.0;100.0;4;4.0;100.0;9.0;3.0;60.0;100.0;100.0
21021597;CENTRO DE ENSINO PROFESSOR JOAO PEREIRA MARTINS NETO;2111300;São Luís;2.0;1.0;CENSO_ESCOLAR_2024;101;82;443.73;83;459.96;83;487.18;82;456.32;83;73;87.95;558.31;634.79;1.0;1.0;1.0;1.0;1.0;1.0;1.0;0.0;1.0;1.0;1.0;1.0;1.0;1.0;2.0;4.0;0.0;1.0;0.0;0.0;0.0;0.0;0.0;12.0;12.0;0.0;1.0;4.0;100.0;4.0;80.0;4;4.0;100.0;6.0;1.0;20.0;100.0;0.0
21021600;CENTRO DE ENSINO PROFESSOR JOSE DO NASCIMENTO MORAES;2111300;São Luís;2.0;1.0;CENSO_ESCOLAR_2024;75;62;464.44;66;437.73;66;462.13;62;466.71;66;58;87.88;488.79;556.21;1.0;1.0;1.0;1.0;1.0;1.0;1.0;1.0;1.0;0.0;1.0;1.0;1.0;1.0;1.0;2.0;0.0;1.0;1.0;1.0;1.0;0.0;0.0;13.0;13.0;1.0;1.0;4.0;100.0;4.0;80.0;4;4.0;100.0;3.0;4.0;80.0;100.0;7.69
21021643;CENTRO EDUCA MAIS MENINO JESUS DE PRAGA;2111300;São Luís;2.0;1.0;CENSO_ESCOLAR_2024;95;77;462.61;81;477.08;81;498.64;77;470.68;81;71;87.65;579.51;661.13;1.0;1.0;0.0;1.0;1.0;1.0;1.0;0.0;1.0;1.0;1.0;1.0;1.0;1.0;0.0;2.0;0.0;1.0;0.0;0.0;0.0;0.0;0.0;9.0;9.0;0.0;1.0;3.0;75.0;4.0;80.0;4;4.0;100.0;2.0;1.0;20.0;100.0;0.0
21021678;COLEGIO MILITAR 2 DE JULHO;2111300;São Luís;2.0;1.0;CENSO_ESCOLAR_2024;172;170;514.76;170;540.35;170;541.36;170;549.23;170;168;98.82;765.18;774.29;1.0;1.0;1.0;1.0;1.0;1.0;1.0;0.0;1.0;1.0;1.0;1.0;1.0;1.0;1.0;0.0;0.0;1.0;0.0;1.0;0.0;0.0;0.0;15.0;15.0;5.0;1.0;4.0;100.0;4.0;80.0;4;4.0;100.0;1.0;2.0;40.0;100.0;33.33
21021708;CENTRO DE ENSINO JOAO EVANGELISTA SERRA DOS SANTOS;2111300;São Luís;2.0;1.0;CENSO_ESCOLAR_2024;59;49;449.77;50;449.88;50;473.62;49;459.33;50;41;82.0;438.0;534.15;1.0;1.0;1.0;1.0;1.0;1.0;0.0;0.0;1.0;1.0;1.0;0.0;1.0;1.0;0.0;2.0;0.0;1.0;0.0;1.0;0.0;0.0;0.0;12.0;12.0;12.0;1.0;4.0;100.0;3.0;60.0;4;3.0;75.0;2.0;2.0;40.0;100.0;100.0
21021716;CENTRO DE ENSINO SANTA TERESA;2111300;São Luís;2.0;1.0;CENSO_ESCOLAR_2024;92;84;457.27;85;482.12;85;505.18;84;487.57;85;81;95.29;632.0;663.21;1.0;1.0;1.0;1.0;1.0;1.0;0.0;0.0;1.0;1.0;1.0;1.0;1.0;1.0;1.0;2.0;0.0;1.0;0.0;1.0;0.0;0.0;0.0;6.0;6.0;6.0;1.0;4.0;100.0;3.0;60.0;4;4.0;100.0;3.0;2.0;40.0;100.0;100.0
21021848;CENTRO DE ENSINO MARIA FIRMINA DOS REIS;2111300;São Luís;2.0;1.0;CENSO_ESCOLAR_2024;87;72;466.96;74;469.03;74;486.05;72;473.57;74;68;91.89;608.11;661.76;1.0;1.0;1.0;1.0;1.0;1.0;0.0;1.0;0.0;0.0;1.0;0.0;0.0;1.0;6.0;0.0;28.0;1.0;1.0;0.0;0.0;0.0;1.0;7.0;7.0;0.0;1.0;4.0;100.0;2.0;40.0;4;2.0;50.0;34.0;2.0;40.0;100.0;0.0
21021872;CENTRO EDUCA MAIS MARIA MONICA VALE;2111300;São Luís;2.0;1.0;CENSO_ESCOLAR_2024;105;95;467.53;99;478.22;99;501.91;95;486.44;99;93;93.94;600.81;639.57;1.0;1.0;1.0;1.0;1.0;1.0;1.0;1.0;1.0;1.0;1.0;1.0;1.0;1.0;10.0;1.0;1.0;1.0;0.0;1.0;1.0;0.0;0.0;11.0;11.0;11.0;1.0;4.0;100.0;5.0;100.0;4;4.0;100.0;12.0;3.0;60.0;100.0;100.0
21021910;CENTRO DE ENSINO CIDADE DE SAO LUIS;2111300;São Luís;2.0;1.0;CENSO_ESCOLAR_2024;170;137;451.72;145;453.83;145;485.67;137;464.73;145;122;84.14;509.93;606.07;1.0;1.0;1.0;1.0;1.0;1.0;1.0;1.0;1.0;1.0;1.0;1.0;0.0;1.0;3.0;2.0;0.0;1.0;1.0;1.0;0.0;0.0;0.0;18.0;18.0;18.0;1.0;4.0;100.0;5.0;100.0;4;3.0;75.0;5.0;3.0;60.0;100.0;100.0
21021929;CENTRO DE ENSINO CRUZEIRO DO SUL;2111300;São Luís;2.0;1.0;CENSO_ESCOLAR_2024;68;59;452.51;61;431.03;61;462.55;59;463.61;61;55;90.16;534.43;592.73;1.0;1.0;0.0;1.0;1.0;1.0;1.0;1.0;0.0;0.0;1.0;1.0;1.0;1.0;0.0;10.0;0.0;1.0;0.0;1.0;0.0;0.0;0.0;6.0;6.0;6.0;1.0;3.0;75.0;3.0;60.0;4;4.0;100.0;10.0;2.0;40.0;100.0;100.0
21021953;COLEGIO MILITAR TIRADENTES I - SAO LUIS;2111300;São Luís;2.0;1.0;CENSO_ESCOLAR_2024;225;220;533.47;222;561.36;222;558.65;220;612.52;222;219;98.65;783.15;793.88;1.0;1.0;1.0;1.0;1.0;1.0;1.0;1.0;1.0;1.0;1.0;1.0;1.0;1.0;8.0;18.0;0.0;1.0;0.0;1.0;0.0;0.0;0.0;23.0;23.0;0.0;1.0;4.0;100.0;5.0;100.0;4;4.0;100.0;26.0;2.0;40.0;100.0;0.0
21021961;CENTRO DE ENSINO ESTADO DO MATO GROSSO;2111300;São Luís;2.0;1.0;CENSO_ESCOLAR_2024;92;75;450.51;79;468.86;79;492.0;75;458.5;79;73;92.41;547.34;592.33;1.0;1.0;0.0;1.0;1.0;1.0;0.0;1.0;0.0;0.0;1.0;1.0;1.0;1.0;0.0;2.0;0.0;1.0;0.0;1.0;0.0;0.0;0.0;8.0;8.0;0.0;1.0;3.0;75.0;2.0;40.0;4;4.0;100.0;2.0;2.0;40.0;100.0;0.0
21022089;CENTRO DE ENSINO JOSE JUSTINO PEREIRA;2111300;São Luís;2.0;1.0;CENSO_ESCOLAR_2024;148;118;454.17;124;476.66;124;500.57;118;468.31;124;114;91.94;575.16;625.61;1.0;1.0;1.0;1.0;1.0;1.0;0.0;0.0;0.0;1.0;1.0;0.0;0.0;1.0;0.0;0.0;0.0;1.0;1.0;0.0;0.0;0.0;0.0;11.0;11.0;0.0;1.0;4.0;100.0;2.0;40.0;4;2.0;50.0;0.0;2.0;40.0;100.0;0.0
21022100;CENTRO DE ENSINO JOSUE MONTELLO;2111300;São Luís;2.0;1.0;CENSO_ESCOLAR_2024;37;29;449.6;29;450.94;29;481.66;29;473.14;29;24;82.76;526.21;635.83;1.0;1.0;1.0;1.0;1.0;1.0;0.0;0.0;0.0;0.0;1.0;1.0;0.0;1.0;0.0;0.0;0.0;1.0;1.0;1.0;0.0;0.0;0.0;6.0;6.0;6.0;1.0;4.0;100.0;1.0;20.0;4;3.0;75.0;0.0;3.0;60.0;100.0;100.0
21022127;CENTRO EDUCA MAIS JULIO DE MESQUITA FILHO;2111300;São Luís;2.0;1.0;CENSO_ESCOLAR_2024;42;34;444.79;34;456.93;34;476.11;34;446.2;34;29;85.29;554.12;649.66;1.0;1.0;1.0;1.0;1.0;1.0;1.0;1.0;1.0;0.0;1.0;1.0;1.0;1.0;10.0;0.0;0.0;1.0;0.0;1.0;0.0;0.0;0.0;9.0;7.0;9.0;1.0;4.0;100.0;4.0;80.0;4;4.0;100.0;10.0;2.0;40.0;77.78;100.0
21022135;CENTRO DE ENSINO JUVENCIO MATOS;2111300;São Luís;2.0;2.0;CENSO_ESCOLAR_2024;40;31;430.3;32;424.12;32;461.48;31;426.39;32;26;81.25;441.25;543.08;1.0;1.0;0.0;1.0;1.0;1.0;0.0;0.0;0.0;0.0;1.0;0.0;1.0;0.0;0.0;1.0;0.0;1.0;1.0;1.0;0.0;0.0;0.0;7.0;7.0;7.0;1.0;3.0;75.0;1.0;20.0;4;2.0;50.0;1.0;3.0;60.0;100.0;100.0
21022186;CENTRO DE ENSINO PEDRO ALVARES CABRAL;2111300;São Luís;2.0;1.0;CENSO_ESCOLAR_2024;128;102;455.93;107;448.24;107;478.96;102;458.52;107;95;88.79;491.96;554.11;1.0;1.0;1.0;1.0;0.0;1.0;0.0;0.0;1.0;0.0;1.0;0.0;1.0;0.0;1.0;1.0;0.0;1.0;1.0;1.0;0.0;0.0;0.0;10.0;10.0;10.0;1.0;4.0;100.0;2.0;40.0;4;2.0;50.0;2.0;3.0;60.0;100.0;100.0
21022208;CENTRO DE ENSINO PROFESSOR LUIS REGO;2111201;São José de Ribamar;2.0;1.0;CENSO_ESCOLAR_2024;44;33;454.28;36;418.93;36;454.39;33;460.74;36;32;88.89;531.11;597.5;1.0;1.0;0.0;1.0;1.0;1.0;1.0;1.0;1.0;0.0;0.0;0.0;0.0;;0.0;8.0;0.0;1.0;0.0;1.0;0.0;0.0;0.0;6.0;4.0;0.0;1.0;3.0;75.0;4.0;80.0;3;0.0;0.0;8.0;2.0;40.0;66.67;0.0
21022232;CENTRO DE ENSINO PROFESSOR RUBEM ALMEIDA;2111300;São Luís;2.0;1.0;CENSO_ESCOLAR_2024;14;12;433.08;12;458.08;12;484.16;12;426.38;12;9;75.0;403.33;537.78;1.0;1.0;1.0;1.0;1.0;1.0;0.0;0.0;1.0;0.0;1.0;1.0;0.0;1.0;0.0;4.0;0.0;1.0;1.0;1.0;0.0;0.0;0.0;11.0;9.0;9.0;1.0;4.0;100.0;2.0;40.0;4;3.0;75.0;4.0;3.0;60.0;81.82;81.82
21022313;INSTITUTO ESTADUAL DE EDUC CIENCIA E TEC DO MA - IEMA UNIDADE VOCACIONAL INTEGRADA DO CAMPO VILA MA;2111300;São Luís;2.0;2.0;CENSO_ESCOLAR_2024;38;32;441.2;32;477.96;32;488.22;32;463.06;32;28;87.5;544.38;622.14;1.0;1.0;0.0;1.0;1.0;1.0;0.0;1.0;0.0;1.0;1.0;1.0;1.0;1.0;8.0;0.0;0.0;1.0;0.0;1.0;0.0;0.0;0.0;8.0;8.0;8.0;1.0;3.0;75.0;3.0;60.0;4;4.0;100.0;8.0;2.0;40.0;100.0;100.0
21022330;CENTRO DE ENSINO CONEGO RIBAMAR CARVALHO;2111300;São Luís;2.0;1.0;CENSO_ESCOLAR_2024;140;120;463.34;122;475.53;122;496.96;120;477.63;122;111;90.98;584.75;642.7;1.0;1.0;0.0;1.0;1.0;1.0;0.0;1.0;0.0;0.0;1.0;0.0;1.0;1.0;9.0;1.0;0.0;1.0;1.0;0.0;0.0;0.0;0.0;15.0;15.0;15.0;1.0;3.0;75.0;2.0;40.0;4;3.0;75.0;10.0;2.0;40.0;100.0;100.0
21022356;CENTRO DE ENSINO DR GERALDO MELO;2111300;São Luís;2.0;1.0;CENSO_ESCOLAR_2024;45;37;471.2;40;488.03;40;502.0;37;475.0;40;35;87.5;537.5;614.29;1.0;1.0;1.0;1.0;1.0;1.0;0.0;1.0;1.0;1.0;1.0;1.0;1.0;1.0;1.0;2.0;0.0;1.0;1.0;1.0;0.0;0.0;0.0;11.0;11.0;0.0;1.0;4.0;100.0;4.0;80.0;4;4.0;100.0;3.0;3.0;60.0;100.0;0.0
21022364;CENTRO EDUCA MAIS DESEMBARGADOR EMESIO DARIO DE ARAUJO;2111300;São Luís;2.0;1.0;CENSO_ESCOLAR_2024;91;77;437.79;77;434.13;77;479.15;77;460.52;77;64;83.12;467.53;562.5;1.0;1.0;0.0;1.0;1.0;1.0;1.0;1.0;0.0;1.0;1.0;1.0;1.0;1.0;6.0;0.0;0.0;1.0;1.0;1.0;1.0;0.0;0.0;6.0;6.0;6.0;1.0;3.0;75.0;4.0;80.0;4;4.0;100.0;6.0;4.0;80.0;100.0;100.0
21022372;INSTITUTO ESTADUAL DE EDUC CIENCIA E TECNOLOGIA DO MA - IEMA UNIDADE VOCACIONAL ESTADO DO CEARA;2111300;São Luís;2.0;1.0;CENSO_ESCOLAR_2024;27;13;455.98;17;434.99;17;453.89;13;482.54;17;14;82.35;467.06;567.14;1.0;1.0;1.0;1.0;1.0;1.0;1.0;1.0;1.0;1.0;1.0;1.0;0.0;1.0;0.0;8.0;0.0;1.0;1.0;1.0;0.0;0.0;0.0;7.0;7.0;7.0;1.0;4.0;100.0;5.0;100.0;4;3.0;75.0;8.0;3.0;60.0;100.0;100.0
21022399;CENTRO DE ENSINO HAYDEE CHAVES;2111300;São Luís;2.0;1.0;CENSO_ESCOLAR_2024;29;26;461.61;28;486.3;28;495.41;26;486.68;28;26;92.86;609.29;656.15;1.0;1.0;1.0;1.0;1.0;1.0;1.0;1.0;1.0;1.0;1.0;0.0;0.0;1.0;8.0;0.0;0.0;1.0;0.0;1.0;0.0;0.0;0.0;6.0;6.0;6.0;1.0;4.0;100.0;5.0;100.0;4;2.0;50.0;8.0;2.0;40.0;100.0;100.0
21022437;CENTRO DE ENSINO VIRIATO CORREA;2111300;São Luís;2.0;1.0;CENSO_ESCOLAR_2024;56;44;447.27;46;463.68;46;473.87;44;451.71;46;45;97.83;560.87;573.33;1.0;1.0;1.0;1.0;1.0;1.0;1.0;1.0;1.0;1.0;1.0;1.0;1.0;1.0;3.0;1.0;0.0;1.0;1.0;1.0;0.0;0.0;0.0;7.0;7.0;7.0;1.0;4.0;100.0;5.0;100.0;4;4.0;100.0;4.0;3.0;60.0;100.0;100.0
21022453;CENTRO DE ENSINO COELHO NETO - TURU;2111300;São Luís;2.0;1.0;CENSO_ESCOLAR_2024;103;80;471.8;85;477.96;85;500.35;80;478.69;85;75;88.24;583.29;661.07;1.0;1.0;1.0;1.0;1.0;1.0;1.0;0.0;0.0;0.0;1.0;0.0;1.0;1.0;0.0;0.0;0.0;1.0;1.0;1.0;0.0;0.0;0.0;26.0;12.0;0.0;1.0;4.0;100.0;2.0;40.0;4;3.0;75.0;0.0;3.0;60.0;46.15;0.0
21022461;INSTITUTO ESTADUAL DE EDUCACAO CIENCIA E TECNOLOGIA DO MA - IEMA UNIDADE PLENA DESEMBARGADOR SARNEY;2111300;São Luís;2.0;1.0;CENSO_ESCOLAR_2024;70;64;445.18;65;462.98;65;483.6;64;483.08;65;57;87.69;534.46;609.47;1.0;1.0;1.0;1.0;1.0;1.0;1.0;0.0;1.0;0.0;1.0;1.0;1.0;1.0;2.0;3.0;0.0;1.0;0.0;1.0;0.0;0.0;0.0;7.0;7.0;7.0;1.0;4.0;100.0;3.0;60.0;4;4.0;100.0;5.0;2.0;40.0;100.0;100.0
21022526;CENTRO DE ENSINO LUCIA CHAVES;2111300;São Luís;2.0;2.0;CENSO_ESCOLAR_2024;48;44;453.33;45;448.23;45;484.62;44;461.38;45;40;88.89;559.56;629.5;1.0;1.0;0.0;1.0;1.0;1.0;0.0;1.0;0.0;1.0;1.0;1.0;1.0;1.0;10.0;0.0;0.0;1.0;0.0;1.0;0.0;0.0;0.0;6.0;6.0;6.0;1.0;3.0;75.0;3.0;60.0;4;4.0;100.0;10.0;2.0;40.0;100.0;100.0
21022585;CENTRO DE ENSINO RENASCENCA;2111300;São Luís;2.0;1.0;CENSO_ESCOLAR_2024;28;24;459.87;24;461.95;24;485.8;24;489.58;24;23;95.83;611.67;638.26;1.0;1.0;1.0;1.0;1.0;1.0;0.0;0.0;1.0;0.0;1.0;1.0;0.0;1.0;1.0;3.0;0.0;1.0;0.0;1.0;0.0;0.0;0.0;5.0;5.0;0.0;1.0;4.0;100.0;2.0;40.0;4;3.0;75.0;4.0;2.0;40.0;100.0;0.0
21022607;CENTRO DE ENSINO SALIM BRAID;2111300;São Luís;2.0;2.0;CENSO_ESCOLAR_2024;46;26;450.63;28;459.49;28;481.67;26;472.69;28;22;78.57;509.29;648.18;1.0;1.0;1.0;1.0;1.0;1.0;1.0;1.0;0.0;0.0;1.0;1.0;0.0;1.0;5.0;0.0;0.0;1.0;0.0;1.0;0.0;0.0;0.0;6.0;6.0;0.0;1.0;4.0;100.0;3.0;60.0;4;3.0;75.0;5.0;2.0;40.0;100.0;0.0
21022623;CENTRO EDUCA MAIS Y BACANGA;2111300;São Luís;2.0;1.0;CENSO_ESCOLAR_2024;64;43;441.15;45;445.43;45;478.42;43;459.57;45;36;80.0;440.44;550.56;1.0;1.0;0.0;1.0;1.0;1.0;1.0;0.0;1.0;1.0;1.0;1.0;0.0;1.0;4.0;3.0;0.0;1.0;1.0;0.0;0.0;0.0;0.0;9.0;5.0;0.0;1.0;3.0;75.0;4.0;80.0;4;3.0;75.0;7.0;2.0;40.0;55.56;0.0
21022950;CENTRO EDUCA MAIS ESTADO DO ACRE;2101103;Axixá;2.0;1.0;CENSO_ESCOLAR_2024;103;91;433.58;90;422.95;90;439.08;91;436.66;90;59;65.56;363.78;554.92;1.0;1.0;0.0;1.0;1.0;1.0;1.0;1.0;0.0;0.0;1.0;1.0;0.0;1.0;20.0;3.0;0.0;1.0;0.0;1.0;0.0;0.0;0.0;8.0;8.0;6.0;1.0;3.0;75.0;3.0;60.0;4;3.0;75.0;23.0;2.0;40.0;100.0;75.0
21024154;CENTRO DE ENSINO ANA FLAVIA PEREIRA DA SILVA;2105104;Icatu;2.0;1.0;CENSO_ESCOLAR_2024;120;88;428.91;93;422.84;93;452.12;88;437.38;93;83;89.25;483.01;541.2;1.0;1.0;0.0;1.0;1.0;1.0;0.0;1.0;0.0;0.0;1.0;1.0;1.0;1.0;10.0;0.0;0.0;1.0;0.0;1.0;0.0;0.0;0.0;18.0;2.0;1.0;1.0;3.0;75.0;2.0;40.0;4;4.0;100.0;10.0;2.0;40.0;11.11;5.56
21025649;CENTRO DE ENSINO AMERICA CENTRAL;2107100;Morros;2.0;1.0;CENSO_ESCOLAR_2024;99;72;437.08;73;427.75;73;448.29;72;450.72;73;67;91.78;516.44;562.69;1.0;1.0;0.0;1.0;1.0;1.0;0.0;0.0;1.0;0.0;1.0;0.0;1.0;1.0;1.0;3.0;0.0;1.0;0.0;1.0;0.0;0.0;0.0;11.0;9.0;9.0;1.0;3.0;75.0;2.0;40.0;4;3.0;75.0;4.0;2.0;40.0;81.82;81.82
21025673;CENTRO DE ENSINO SOTERO DOS REIS;2102374;Cachoeira Grande;2.0;1.0;CENSO_ESCOLAR_2024;58;37;430.35;41;414.08;41;435.89;37;426.25;41;33;80.49;407.8;506.67;1.0;1.0;0.0;1.0;0.0;0.0;0.0;0.0;0.0;0.0;1.0;0.0;0.0;1.0;0.0;1.0;0.0;1.0;0.0;1.0;0.0;0.0;0.0;23.0;5.0;5.0;0.0;3.0;75.0;0.0;0.0;4;2.0;50.0;1.0;2.0;40.0;21.74;21.74
21026203;CENTRO DE ENSINO SENADOR VITORINO FREIRE;2109205;Presidente Juscelino;2.0;1.0;CENSO_ESCOLAR_2024;57;44;428.91;44;439.65;44;460.51;44;449.17;44;39;88.64;474.09;534.87;1.0;1.0;0.0;1.0;1.0;1.0;0.0;0.0;0.0;0.0;1.0;1.0;1.0;1.0;0.0;0.0;0.0;1.0;0.0;1.0;1.0;0.0;0.0;5.0;5.0;0.0;1.0;3.0;75.0;1.0;20.0;4;4.0;100.0;0.0;3.0;60.0;100.0;0.0
21026211;CENTRO EDUCA MAIS RAIMUNDO JOAO SALDANHA;2109601;Rosário;2.0;1.0;CENSO_ESCOLAR_2024;76;58;450.98;61;449.5;61;485.79;58;478.03;61;58;95.08;575.74;605.52;1.0;1.0;1.0;1.0;1.0;1.0;0.0;1.0;1.0;0.0;1.0;1.0;1.0;1.0;0.0;5.0;0.0;1.0;0.0;1.0;0.0;0.0;0.0;12.0;12.0;12.0;1.0;4.0;100.0;3.0;60.0;4;4.0;100.0;5.0;2.0;40.0;100.0;100.0
21027005;CENTRO DE ENSINO MONSENHOR LUIS ALVES MADUREIRA;2101251;Bacabeira;2.0;1.0;CENSO_ESCOLAR_2024;29;14;441.67;15;436.03;15;468.67;14;457.59;15;14;93.33;484.0;518.57;1.0;1.0;0.0;1.0;0.0;1.0;0.0;0.0;0.0;0.0;1.0;0.0;1.0;1.0;1.0;2.0;0.0;1.0;0.0;1.0;0.0;0.0;0.0;4.0;4.0;4.0;1.0;3.0;75.0;1.0;20.0;4;3.0;75.0;3.0;2.0;40.0;100.0;100.0
21027196;CENTRO DE ENSINO LUIZA SOUSA GOMES;2109601;Rosário;2.0;1.0;CENSO_ESCOLAR_2024;153;112;442.8;114;437.62;114;466.59;112;469.73;114;107;93.86;530.53;565.23;1.0;1.0;0.0;1.0;1.0;1.0;0.0;0.0;1.0;0.0;1.0;1.0;1.0;1.0;3.0;2.0;0.0;1.0;0.0;1.0;0.0;0.0;0.0;7.0;4.0;0.0;1.0;3.0;75.0;2.0;40.0;4;4.0;100.0;5.0;2.0;40.0;57.14;0.0
21027269;CENTRO DE ENSINO ANILTON PEDROSO RAIOL;2109601;Rosário;2.0;2.0;CENSO_ESCOLAR_2024;45;32;408.85;34;411.26;34;433.29;32;452.28;34;28;82.35;422.94;513.57;1.0;1.0;0.0;1.0;0.0;0.0;0.0;0.0;0.0;0.0;1.0;1.0;1.0;0.0;2.0;1.0;0.0;1.0;1.0;1.0;0.0;0.0;0.0;5.0;2.0;5.0;0.0;3.0;75.0;0.0;0.0;4;3.0;75.0;3.0;3.0;60.0;40.0;100.0
21027307;CENTRO DE ENSINO PROFESSOR JOAQUIM SANTOS;2109601;Rosário;2.0;1.0;CENSO_ESCOLAR_2024;74;54;454.76;58;425.52;58;455.86;54;450.13;58;49;84.48;437.24;517.55;1.0;1.0;0.0;1.0;1.0;1.0;0.0;0.0;0.0;0.0;1.0;1.0;1.0;1.0;4.0;4.0;40.0;1.0;0.0;1.0;0.0;0.0;0.0;7.0;5.0;5.0;1.0;3.0;75.0;1.0;20.0;4;4.0;100.0;48.0;2.0;40.0;71.43;71.43
21027943;CENTRO EDUCA MAIS JOAO BATISTA DE CARVALHO;2110203;Santa Rita;2.0;1.0;CENSO_ESCOLAR_2024;128;101;442.44;105;432.61;105;467.86;101;465.37;105;93;88.57;505.71;570.97;1.0;1.0;0.0;1.0;0.0;0.0;0.0;0.0;1.0;1.0;1.0;0.0;1.0;1.0;0.0;1.0;0.0;1.0;1.0;1.0;1.0;0.0;0.0;11.0;11.0;11.0;0.0;3.0;75.0;2.0;40.0;4;3.0;75.0;1.0;4.0;80.0;100.0;100.0
21027978;CENTRO DE ENSINO MONSENHOR DOURADO;2110203;Santa Rita;2.0;1.0;CENSO_ESCOLAR_2024;85;60;435.5;64;416.22;64;454.23;60;440.1;64;60;93.75;597.19;637.0;1.0;1.0;0.0;1.0;1.0;1.0;0.0;0.0;1.0;1.0;0.0;0.0;0.0;;4.0;1.0;0.0;0.0;0.0;1.0;0.0;0.0;0.0;13.0;5.0;0.0;1.0;3.0;75.0;3.0;60.0;3;0.0;0.0;5.0;1.0;20.0;38.46;0.0
21030375;CENTRO DE ENSINO JOAQUIM SOEIRO DE CARVALHO;2101707;Barreirinhas;2.0;1.0;CENSO_ESCOLAR_2024;211;139;449.7;150;444.35;150;468.52;139;442.78;150;134;89.33;534.13;597.91;1.0;1.0;1.0;1.0;0.0;1.0;1.0;1.0;1.0;1.0;1.0;1.0;1.0;1.0;20.0;0.0;0.0;1.0;1.0;0.0;1.0;0.0;0.0;24.0;10.0;0.0;1.0;4.0;100.0;5.0;100.0;4;4.0;100.0;20.0;3.0;60.0;41.67;0.0
21031509;CENTRO DE ENSINO HUMBERTO DE CAMPOS;2105005;Humberto de Campos;2.0;1.0;CENSO_ESCOLAR_2024;162;113;438.86;121;438.8;121;465.06;113;449.21;121;110;90.91;536.36;590.0;0.0;1.0;0.0;1.0;0.0;0.0;0.0;0.0;0.0;0.0;1.0;1.0;1.0;1.0;1.0;2.0;0.0;1.0;0.0;1.0;0.0;0.0;0.0;21.0;12.0;5.0;0.0;2.0;50.0;0.0;0.0;4;4.0;100.0;3.0;2.0;40.0;57.14;23.81
21033218;CENTRO DE ENSINO RURAL DOS LOPES;2109403;Primeira Cruz;2.0;1.0;CENSO_ESCOLAR_2024;39;31;437.53;31;443.68;31;476.34;31;455.2;31;31;100.0;552.9;552.9;1.0;1.0;0.0;1.0;1.0;1.0;1.0;1.0;0.0;0.0;1.0;1.0;1.0;1.0;3.0;2.0;0.0;1.0;0.0;1.0;1.0;0.0;0.0;13.0;5.0;8.0;1.0;3.0;75.0;3.0;60.0;4;4.0;100.0;5.0;3.0;60.0;38.46;61.54
21033285;CENTRO DE ENSINO MANOEL DIAS DE SOUSA;2110278;Santo Amaro do Maranhão;2.0;1.0;CENSO_ESCOLAR_2024;111;74;432.51;82;431.32;82;451.09;74;439.36;82;75;91.46;462.2;505.33;1.0;1.0;0.0;1.0;1.0;1.0;1.0;1.0;1.0;0.0;1.0;1.0;1.0;1.0;8.0;0.0;0.0;1.0;0.0;1.0;1.0;0.0;0.0;16.0;6.0;0.0;1.0;3.0;75.0;4.0;80.0;4;4.0;100.0;8.0;3.0;60.0;37.5;0.0
21035032;CENTRO DE ENSINO HENRIQUE ROCHA;2112506;Tutóia;2.0;1.0;CENSO_ESCOLAR_2024;113;84;446.11;86;431.52;86;455.31;84;450.62;86;80;93.02;551.16;592.5;1.0;1.0;0.0;1.0;0.0;0.0;0.0;0.0;0.0;0.0;1.0;1.0;0.0;1.0;0.0;1.0;0.0;1.0;0.0;1.0;0.0;0.0;0.0;23.0;4.0;0.0;0.0;3.0;75.0;0.0;0.0;4;3.0;75.0;1.0;2.0;40.0;17.39;0.0
21035067;CENTRO EDUCA MAIS OLINDINA DA COSTA NUNES FREIRE;2112506;Tutóia;2.0;1.0;CENSO_ESCOLAR_2024;111;72;436.49;75;430.84;75;457.52;72;438.04;75;61;81.33;395.47;486.23;0.0;1.0;0.0;1.0;1.0;1.0;0.0;0.0;1.0;1.0;1.0;1.0;1.0;1.0;1.0;1.0;0.0;1.0;1.0;1.0;0.0;0.0;0.0;5.0;5.0;5.0;1.0;2.0;50.0;3.0;60.0;4;4.0;100.0;2.0;3.0;60.0;100.0;100.0
21035083;CENTRO DE ENSINO LICEU TUTOIENSE;2112506;Tutóia;2.0;1.0;CENSO_ESCOLAR_2024;113;70;432.2;78;428.17;78;456.55;70;446.18;78;69;88.46;486.92;550.43;1.0;1.0;0.0;1.0;1.0;1.0;1.0;0.0;0.0;0.0;1.0;1.0;1.0;1.0;0.0;2.0;0.0;1.0;1.0;1.0;0.0;0.0;0.0;15.0;15.0;15.0;1.0;3.0;75.0;2.0;40.0;4;4.0;100.0;2.0;3.0;60.0;100.0;100.0
21035113;INSTITUTO ESTADUAL DE EDUCACAO CIENCIA E TECNOLOGIA DO MA - IEMA PLENO CASEMIRO DE ABREU - TUTOIA;2112506;Tutóia;2.0;2.0;CENSO_ESCOLAR_2024;128;112;470.1;119;473.79;119;497.66;112;478.97;119;113;94.96;607.73;640.0;1.0;1.0;0.0;1.0;1.0;1.0;1.0;1.0;1.0;1.0;1.0;1.0;0.0;1.0;15.0;3.0;0.0;1.0;1.0;1.0;0.0;0.0;0.0;12.0;12.0;0.0;1.0;3.0;75.0;5.0;100.0;4;3.0;75.0;18.0;3.0;60.0;100.0;0.0
21036314;CENTRO DE EDUCACAO QUILOMBOLA ANAJATUBENSE;2100709;Anajatuba;2.0;2.0;CENSO_ESCOLAR_2024;41;22;428.32;24;444.52;24;457.04;22;435.87;24;21;87.5;475.0;542.86;0.0;1.0;0.0;1.0;0.0;0.0;0.0;0.0;0.0;0.0;1.0;0.0;1.0;1.0;9.0;2.0;40.0;0.0;0.0;0.0;0.0;0.0;0.0;9.0;1.0;0.0;0.0;2.0;50.0;0.0;0.0;4;3.0;75.0;51.0;0.0;0.0;11.11;0.0
21036322;CENTRO DE ENSINO NINA RODRIGUES;2100709;Anajatuba;2.0;1.0;CENSO_ESCOLAR_2024;90;68;448.9;72;438.27;72;464.92;68;472.55;72;62;86.11;521.11;605.16;1.0;1.0;0.0;1.0;0.0;0.0;0.0;0.0;0.0;0.0;1.0;1.0;0.0;1.0;0.0;0.0;0.0;1.0;0.0;1.0;0.0;0.0;0.0;9.0;0.0;9.0;0.0;3.0;75.0;0.0;0.0;4;3.0;75.0;0.0;2.0;40.0;0.0;100.0
21037604;CENTRO EDUCA MAIS CIDADE DE ARARI;2101004;Arari;2.0;1.0;CENSO_ESCOLAR_2024;100;82;461.57;83;469.79;83;484.01;82;480.95;83;81;97.59;663.86;680.25;1.0;1.0;1.0;1.0;1.0;1.0;1.0;1.0;1.0;0.0;1.0;1.0;0.0;0.0;8.0;1.0;0.0;1.0;0.0;1.0;0.0;0.0;0.0;12.0;12.0;12.0;1.0;4.0;100.0;4.0;80.0;4;2.0;50.0;9.0;2.0;40.0;100.0;100.0
21037620;CENTRO DE ENSINO ARIMATEA CISNE;2101004;Arari;2.0;1.0;CENSO_ESCOLAR_2024;68;27;460.0;28;460.71;28;474.51;27;461.89;28;25;89.29;528.57;592.0;1.0;1.0;0.0;1.0;0.0;0.0;0.0;1.0;0.0;0.0;1.0;0.0;0.0;1.0;1.0;1.0;0.0;1.0;0.0;0.0;0.0;0.0;1.0;6.0;6.0;0.0;0.0;3.0;75.0;1.0;20.0;4;2.0;50.0;2.0;1.0;20.0;100.0;0.0
21037680;CENTRO DE ENSINO LEAO SANTOS;2101004;Arari;2.0;1.0;CENSO_ESCOLAR_2024;80;63;455.12;64;456.07;64;480.87;63;469.08;64;55;85.94;534.06;621.45;1.0;1.0;0.0;1.0;1.0;1.0;0.0;1.0;1.0;0.0;1.0;0.0;0.0;1.0;1.0;1.0;0.0;1.0;0.0;1.0;0.0;0.0;0.0;8.0;8.0;8.0;1.0;3.0;75.0;3.0;60.0;4;2.0;50.0;2.0;2.0;40.0;100.0;100.0
21038988;CENTRO EDUCA MAIS QUINCIO PINTO MUNIZ;2102507;Cajari;2.0;1.0;CENSO_ESCOLAR_2024;99;55;430.09;60;438.27;60;451.46;55;454.82;60;46;76.67;439.0;572.61;1.0;1.0;0.0;1.0;1.0;1.0;1.0;1.0;1.0;0.0;1.0;1.0;1.0;1.0;2.0;2.0;0.0;1.0;0.0;1.0;0.0;0.0;0.0;7.0;7.0;0.0;1.0;3.0;75.0;4.0;80.0;4;4.0;100.0;4.0;2.0;40.0;100.0;0.0
21039810;CENTRO DE ENSINO PADRE ASTOLFO SERRA;2106508;Matinha;2.0;1.0;CENSO_ESCOLAR_2024;88;52;426.23;55;417.36;55;455.44;52;442.69;55;44;80.0;443.27;554.09;1.0;1.0;0.0;1.0;1.0;1.0;0.0;0.0;1.0;0.0;1.0;0.0;1.0;0.0;0.0;6.0;0.0;1.0;0.0;1.0;0.0;0.0;0.0;14.0;8.0;2.0;1.0;3.0;75.0;2.0;40.0;4;2.0;50.0;6.0;2.0;40.0;57.14;14.29
21041504;CENTRO DE ENSINO DR GETULIO VARGAS;2106904;Monção;2.0;1.0;CENSO_ESCOLAR_2024;51;35;437.39;38;444.32;38;471.4;35;455.59;38;34;89.47;512.63;572.94;1.0;1.0;0.0;1.0;1.0;1.0;0.0;1.0;0.0;1.0;1.0;1.0;0.0;1.0;15.0;0.0;0.0;1.0;1.0;1.0;0.0;0.0;0.0;6.0;6.0;6.0;1.0;3.0;75.0;3.0;60.0;4;3.0;75.0;15.0;3.0;60.0;100.0;100.0
21042357;CENTRO DE ENSINO GOVERNADOR NEWTON BELLO - ANEXO II - SAO JOAQUIM;2107605;Palmeirândia;2.0;2.0;CENSO_ESCOLAR_2024;22;9;435.24;10;422.0;10;459.66;9;437.08;10;10;100.0;448.0;448.0;1.0;1.0;0.0;0.0;0.0;0.0;0.0;0.0;0.0;0.0;1.0;1.0;0.0;0.0;0.0;0.0;0.0;1.0;0.0;1.0;0.0;0.0;0.0;3.0;0.0;0.0;0.0;2.0;50.0;0.0;0.0;4;2.0;50.0;0.0;2.0;40.0;0.0;0.0
21042365;CENTRO DE ENSINO ESTADO DO RIO GRANDE DO SUL;2107605;Palmeirândia;2.0;1.0;CENSO_ESCOLAR_2024;116;63;420.02;70;427.4;70;432.04;63;447.91;70;64;91.43;485.14;530.62;1.0;1.0;0.0;1.0;0.0;0.0;0.0;1.0;0.0;1.0;1.0;0.0;0.0;1.0;0.0;3.0;0.0;0.0;0.0;0.0;0.0;0.0;1.0;6.0;6.0;0.0;0.0;3.0;75.0;2.0;40.0;4;2.0;50.0;3.0;0.0;0.0;100.0;0.0
21044015;CENTRO DE ENSINO SABINO BARROS;2108306;Penalva;2.0;1.0;CENSO_ESCOLAR_2024;81;58;427.22;61;398.22;61;423.7;58;431.87;61;51;83.61;404.26;483.53;1.0;1.0;0.0;1.0;1.0;1.0;0.0;0.0;0.0;0.0;1.0;0.0;0.0;1.0;0.0;0.0;0.0;1.0;0.0;0.0;0.0;0.0;1.0;6.0;0.0;0.0;1.0;3.0;75.0;1.0;20.0;4;2.0;50.0;0.0;1.0;20.0;0.0;0.0
21044023;CENTRO DE ENSINO DR TANCREDO NEVES CEMA;2108306;Penalva;2.0;1.0;CENSO_ESCOLAR_2024;108;96;460.34;102;475.14;102;497.26;96;475.28;102;98;96.08;664.71;691.84;1.0;1.0;0.0;1.0;0.0;0.0;0.0;0.0;0.0;0.0;1.0;0.0;0.0;1.0;0.0;0.0;0.0;0.0;0.0;1.0;0.0;0.0;0.0;7.0;6.0;0.0;0.0;3.0;75.0;0.0;0.0;4;2.0;50.0;0.0;1.0;20.0;85.71;0.0
21044066;CENTRO EDUCA MAIS DR JOSE JOAQUIM MARQUES;2108306;Penalva;2.0;1.0;CENSO_ESCOLAR_2024;109;70;425.52;76;411.06;76;436.01;70;443.79;76;63;82.89;440.79;531.75;1.0;1.0;0.0;1.0;1.0;1.0;0.0;1.0;0.0;0.0;1.0;1.0;1.0;1.0;10.0;0.0;0.0;0.0;0.0;0.0;0.0;0.0;1.0;8.0;0.0;0.0;1.0;3.0;75.0;2.0;40.0;4;4.0;100.0;10.0;0.0;0.0;0.0;0.0
21044759;CENTRO DE ENSINO ARTUR TEIXEIRA DE CARVALHO;2108405;Peri Mirim;2.0;1.0;CENSO_ESCOLAR_2024;117;93;449.22;94;421.75;94;447.96;93;441.53;94;76;80.85;431.49;533.68;1.0;1.0;0.0;1.0;0.0;0.0;0.0;1.0;1.0;0.0;1.0;0.0;1.0;1.0;2.0;3.0;0.0;1.0;0.0;1.0;0.0;0.0;0.0;7.0;2.0;7.0;0.0;3.0;75.0;2.0;40.0;4;3.0;75.0;5.0;2.0;40.0;28.57;100.0
21046638;CENTRO DE ENSINO PROFESSOR RUBEM ALMEIDA;2108603;Pinheiro;2.0;1.0;CENSO_ESCOLAR_2024;49;36;445.06;39;431.05;39;445.28;36;441.97;39;35;89.74;458.46;510.86;1.0;1.0;0.0;1.0;0.0;0.0;0.0;0.0;0.0;0.0;1.0;0.0;1.0;1.0;0.0;2.0;0.0;1.0;0.0;1.0;0.0;0.0;0.0;5.0;0.0;0.0;0.0;3.0;75.0;0.0;0.0;4;3.0;75.0;2.0;2.0;40.0;0.0;0.0
21046662;CENTRO EDUCA MAIS DOM UNGARELLI;2108603;Pinheiro;2.0;1.0;CENSO_ESCOLAR_2024;122;108;464.6;109;480.48;109;491.63;108;499.94;109;103;94.5;662.2;700.78;1.0;1.0;0.0;1.0;1.0;1.0;1.0;1.0;1.0;0.0;1.0;0.0;1.0;1.0;16.0;4.0;0.0;1.0;0.0;1.0;1.0;0.0;0.0;12.0;12.0;0.0;1.0;3.0;75.0;4.0;80.0;4;3.0;75.0;20.0;3.0;60.0;100.0;0.0
21046719;CENTRO DE ENSINO JOSE DE ANCHIETA;2108603;Pinheiro;2.0;1.0;CENSO_ESCOLAR_2024;137;96;442.96;102;435.93;102;459.53;96;443.0;102;90;88.24;497.06;563.33;1.0;1.0;0.0;1.0;1.0;1.0;1.0;1.0;1.0;1.0;1.0;1.0;1.0;1.0;1.0;0.0;0.0;1.0;1.0;1.0;1.0;0.0;0.0;11.0;7.0;1.0;1.0;3.0;75.0;5.0;100.0;4;4.0;100.0;1.0;4.0;80.0;63.64;9.09
21047006;CENTRO DE ENSINO ODORICO MENDES;2108603;Pinheiro;2.0;1.0;CENSO_ESCOLAR_2024;57;42;434.76;46;421.96;46;456.93;42;456.28;46;38;82.61;480.0;581.05;1.0;1.0;0.0;1.0;1.0;1.0;0.0;0.0;0.0;0.0;1.0;1.0;1.0;1.0;0.0;3.0;0.0;1.0;0.0;1.0;0.0;0.0;0.0;11.0;1.0;6.0;1.0;3.0;75.0;1.0;20.0;4;4.0;100.0;3.0;2.0;40.0;9.09;54.55
21048215;CENTRO DE ENSINO DEPUTADO LUIS ROCHA;2109809;Santa Helena;2.0;1.0;CENSO_ESCOLAR_2024;163;126;452.91;132;442.79;132;462.98;126;476.75;132;121;91.67;570.45;622.31;1.0;1.0;0.0;1.0;1.0;1.0;0.0;1.0;1.0;0.0;1.0;1.0;0.0;1.0;3.0;1.0;1.0;1.0;0.0;0.0;0.0;0.0;0.0;15.0;7.0;0.0;1.0;3.0;75.0;3.0;60.0;4;3.0;75.0;5.0;1.0;20.0;46.67;0.0
21048223;CENTRO EDUCA MAIS LEDA TAJRA;2109809;Santa Helena;2.0;1.0;CENSO_ESCOLAR_2024;51;29;432.86;32;417.8;32;447.61;29;442.59;32;30;93.75;471.88;503.33;1.0;1.0;0.0;1.0;1.0;1.0;0.0;0.0;0.0;1.0;1.0;1.0;1.0;1.0;2.0;3.0;0.0;1.0;1.0;1.0;0.0;0.0;0.0;7.0;5.0;0.0;1.0;3.0;75.0;2.0;40.0;4;4.0;100.0;5.0;3.0;60.0;71.43;0.0
21048231;INSTITUTO ESTADUAL DE EDUCACAO CIENCIA E TECNOLOGIA DO MA - IEMA PLENO SANTA HELENA;2109809;Santa Helena;2.0;1.0;CENSO_ESCOLAR_2024;111;98;471.31;103;462.44;103;484.14;98;474.47;103;102;99.03;682.91;689.61;1.0;1.0;0.0;1.0;1.0;1.0;1.0;1.0;1.0;1.0;1.0;1.0;1.0;0.0;11.0;3.0;0.0;1.0;0.0;1.0;0.0;0.0;0.0;12.0;12.0;0.0;1.0;3.0;75.0;5.0;100.0;4;3.0;75.0;14.0;2.0;40.0;100.0;0.0
21048282;CENTRO DE ENSINO DOM LUIS BRITO;2110500;São Bento;2.0;1.0;CENSO_ESCOLAR_2024;87;41;438.63;50;437.09;50;458.07;41;446.16;50;39;78.0;420.4;538.97;1.0;1.0;0.0;1.0;0.0;0.0;0.0;0.0;0.0;0.0;1.0;1.0;0.0;1.0;0.0;0.0;0.0;1.0;0.0;1.0;0.0;0.0;0.0;12.0;12.0;12.0;0.0;3.0;75.0;0.0;0.0;4;3.0;75.0;0.0;2.0;40.0;100.0;100.0
21049351;CENTRO EDUCA MAIS DOM FRANCISCO;2110500;São Bento;2.0;1.0;CENSO_ESCOLAR_2024;189;140;443.06;150;427.87;150;452.34;140;443.03;150;132;88.0;505.73;574.7;1.0;1.0;0.0;1.0;0.0;1.0;0.0;1.0;1.0;0.0;1.0;1.0;1.0;1.0;5.0;8.0;0.0;1.0;0.0;1.0;0.0;0.0;0.0;10.0;10.0;2.0;1.0;3.0;75.0;3.0;60.0;4;4.0;100.0;13.0;2.0;40.0;100.0;20.0
21049378;CENTRO EDUCA MAIS KIOLA COSTA;2110500;São Bento;2.0;1.0;CENSO_ESCOLAR_2024;65;53;455.28;56;458.7;56;482.28;53;475.84;56;46;82.14;493.93;601.3;1.0;1.0;0.0;1.0;1.0;1.0;1.0;1.0;1.0;0.0;1.0;1.0;1.0;1.0;0.0;3.0;0.0;1.0;0.0;1.0;0.0;0.0;0.0;9.0;9.0;0.0;1.0;3.0;75.0;4.0;80.0;4;4.0;100.0;3.0;2.0;40.0;100.0;0.0
21050538;CENTRO DE ENSINO JOSE MARIA DE ARAUJO;2107456;Olinda Nova do Maranhão;2.0;1.0;CENSO_ESCOLAR_2024;53;34;434.89;38;406.18;38;434.91;34;441.35;38;30;78.95;401.05;508.0;1.0;1.0;0.0;1.0;0.0;0.0;0.0;1.0;0.0;0.0;1.0;1.0;0.0;0.0;2.0;0.0;0.0;1.0;0.0;1.0;1.0;0.0;0.0;8.0;5.0;5.0;0.0;3.0;75.0;1.0;20.0;4;2.0;50.0;2.0;3.0;60.0;62.5;62.5
21050554;CENTRO DE ENSINO ACRISIO FIGUEIREDO;2111003;São João Batista;2.0;1.0;CENSO_ESCOLAR_2024;67;50;435.75;52;432.17;52;455.24;50;447.48;52;46;88.46;570.0;644.35;1.0;1.0;0.0;1.0;0.0;0.0;0.0;0.0;1.0;0.0;1.0;0.0;0.0;1.0;0.0;0.0;0.0;1.0;0.0;1.0;0.0;0.0;0.0;7.0;0.0;0.0;0.0;3.0;75.0;1.0;20.0;4;2.0;50.0;0.0;2.0;40.0;0.0;0.0
21051763;CENTRO DE ENSINO DR JOSE AROUCHE;2111706;São Vicente Ferrer;2.0;1.0;CENSO_ESCOLAR_2024;104;62;429.52;69;389.4;69;429.0;62;445.37;69;42;60.87;330.14;542.38;1.0;1.0;0.0;1.0;0.0;0.0;0.0;0.0;0.0;0.0;1.0;0.0;0.0;1.0;0.0;2.0;0.0;1.0;0.0;1.0;0.0;0.0;0.0;8.0;8.0;8.0;0.0;3.0;75.0;0.0;0.0;4;2.0;50.0;2.0;2.0;40.0;100.0;100.0
21051771;CENTRO DE ENSINO PROFESSORA ANA MOTA;2111706;São Vicente Ferrer;2.0;1.0;CENSO_ESCOLAR_2024;17;11;443.74;12;416.41;12;417.17;11;456.97;12;7;58.33;291.67;500.0;1.0;1.0;0.0;1.0;1.0;1.0;0.0;0.0;0.0;0.0;1.0;1.0;1.0;1.0;0.0;0.0;0.0;1.0;0.0;1.0;0.0;0.0;0.0;6.0;6.0;6.0;1.0;3.0;75.0;1.0;20.0;4;4.0;100.0;0.0;2.0;40.0;100.0;100.0
21051780;CENTRO DE ENSINO NOSSA SENHORA DA CONCEICAO;2112803;Viana;2.0;1.0;CENSO_ESCOLAR_2024;146;78;428.26;92;431.49;92;454.52;78;448.63;92;78;84.78;521.96;615.64;1.0;1.0;0.0;1.0;0.0;0.0;0.0;0.0;1.0;1.0;1.0;1.0;0.0;1.0;1.0;0.0;0.0;1.0;0.0;1.0;0.0;0.0;0.0;15.0;11.0;11.0;0.0;3.0;75.0;2.0;40.0;4;3.0;75.0;1.0;2.0;40.0;73.33;73.33
21053847;INSTITUTO ESTADUAL DE EDUCACAO CIENCIA E TECNOLOGIA DO MA - IEMA PLENO VIANA DOM HAMLETO DE ANGELIS;2112803;Viana;2.0;1.0;CENSO_ESCOLAR_2024;132;113;451.66;118;459.13;118;482.07;113;472.41;118;111;94.07;627.97;667.57;1.0;1.0;0.0;1.0;1.0;1.0;1.0;1.0;1.0;1.0;1.0;1.0;1.0;1.0;10.0;6.0;0.0;1.0;1.0;1.0;1.0;0.0;0.0;12.0;12.0;12.0;1.0;3.0;75.0;5.0;100.0;4;4.0;100.0;16.0;4.0;80.0;100.0;100.0
21053898;CENTRO EDUCA MAIS RAIMUNDO MARCELINO CAMPELO;2112803;Viana;2.0;1.0;CENSO_ESCOLAR_2024;154;80;429.29;89;418.69;89;444.95;80;452.11;89;81;91.01;470.56;517.04;1.0;1.0;0.0;1.0;0.0;0.0;1.0;0.0;0.0;1.0;1.0;1.0;1.0;1.0;16.0;2.0;0.0;1.0;1.0;1.0;0.0;0.0;0.0;12.0;12.0;0.0;0.0;3.0;75.0;2.0;40.0;4;4.0;100.0;18.0;3.0;60.0;100.0;0.0
21053960;CENTRO DE ENSINO BELA VISTA;2101772;Bela Vista do Maranhão;2.0;1.0;CENSO_ESCOLAR_2024;27;16;431.59;16;474.42;16;489.03;16;496.78;16;15;93.75;632.5;674.67;1.0;1.0;0.0;1.0;0.0;0.0;0.0;0.0;0.0;0.0;1.0;1.0;1.0;1.0;0.0;1.0;0.0;0.0;1.0;1.0;0.0;0.0;0.0;4.0;4.0;4.0;0.0;3.0;75.0;0.0;0.0;4;4.0;100.0;1.0;2.0;40.0;100.0;100.0
21055823;CENTRO EDUCA MAIS DR RAIMUNDO MAGNO ALVES DA SILVA;2112902;Vitória do Mearim;2.0;1.0;CENSO_ESCOLAR_2024;103;56;451.75;61;452.31;61;470.63;56;462.38;61;44;72.13;444.26;615.91;1.0;1.0;0.0;1.0;0.0;0.0;0.0;1.0;0.0;0.0;1.0;1.0;1.0;1.0;1.0;0.0;0.0;1.0;0.0;0.0;0.0;0.0;1.0;6.0;6.0;0.0;0.0;3.0;75.0;1.0;20.0;4;4.0;100.0;1.0;1.0;20.0;100.0;0.0
21055831;INSTITUTO ESTADUAL DE EDUCACAO CIENCIA E TECNOLOGIA DO MA - IEMA PLENO VITORIA DO MEARIM;2112902;Vitória do Mearim;2.0;1.0;CENSO_ESCOLAR_2024;51;39;450.07;40;475.4;40;476.55;39;485.99;40;34;85.0;582.5;685.29;1.0;1.0;0.0;1.0;1.0;1.0;1.0;0.0;1.0;1.0;1.0;1.0;1.0;1.0;0.0;2.0;0.0;1.0;0.0;1.0;0.0;0.0;0.0;6.0;6.0;0.0;1.0;3.0;75.0;4.0;80.0;4;4.0;100.0;2.0;2.0;40.0;100.0;0.0
21055882;CENTRO DE ENSINO PROFESSOR ANTENOR BOGEA;2106631;Matões do Norte;2.0;1.0;CENSO_ESCOLAR_2024;43;34;449.04;33;434.7;33;473.35;34;450.95;33;26;78.79;430.3;546.15;1.0;1.0;0.0;1.0;1.0;1.0;1.0;0.0;0.0;0.0;1.0;1.0;0.0;1.0;0.0;1.0;0.0;0.0;0.0;0.0;1.0;0.0;0.0;6.0;6.0;0.0;1.0;3.0;75.0;2.0;40.0;4;3.0;75.0;1.0;1.0;20.0;100.0;0.0
21057338;CENTRO DE ENSINO GETULIO VARGAS;2102705;Cantanhede;2.0;1.0;CENSO_ESCOLAR_2024;88;69;434.49;68;431.13;68;459.47;69;453.6;68;62;91.18;547.35;600.32;1.0;1.0;1.0;1.0;1.0;1.0;0.0;0.0;1.0;0.0;1.0;0.0;0.0;1.0;1.0;2.0;0.0;1.0;0.0;1.0;0.0;0.0;0.0;15.0;9.0;9.0;1.0;4.0;100.0;2.0;40.0;4;2.0;50.0;3.0;2.0;40.0;60.0;60.0
21057362;CENTRO DE ENSINO PROFESSOR NEWTON NEVES;2105401;Itapecuru Mirim;2.0;1.0;CENSO_ESCOLAR_2024;151;119;441.91;123;447.97;123;474.88;119;463.62;123;109;88.62;545.69;615.78;1.0;1.0;1.0;1.0;1.0;1.0;1.0;0.0;1.0;0.0;1.0;1.0;1.0;1.0;0.0;1.0;0.0;1.0;1.0;1.0;0.0;0.0;0.0;12.0;12.0;12.0;1.0;4.0;100.0;3.0;60.0;4;4.0;100.0;1.0;3.0;60.0;100.0;100.0
21059128;CENTRO DE ENSINO WADY FIQUENE CAIC;2105401;Itapecuru Mirim;2.0;1.0;CENSO_ESCOLAR_2024;96;73;438.27;78;454.17;78;476.2;73;462.43;78;74;94.87;576.67;607.84;1.0;1.0;1.0;1.0;0.0;0.0;0.0;0.0;1.0;0.0;1.0;1.0;1.0;1.0;2.0;3.0;0.0;0.0;0.0;0.0;0.0;0.0;1.0;24.0;9.0;0.0;0.0;4.0;100.0;1.0;20.0;4;4.0;100.0;5.0;0.0;0.0;37.5;0.0
21059721;CENTRO DE ENSINO PROFESSOR JOAO PEREIRA MARTINS NETO;2107209;Nina Rodrigues;2.0;1.0;CENSO_ESCOLAR_2024;21;14;442.96;16;458.62;16;473.35;14;465.68;16;15;93.75;508.75;542.67;1.0;1.0;0.0;1.0;1.0;1.0;0.0;1.0;0.0;0.0;1.0;1.0;1.0;1.0;10.0;2.0;2.0;1.0;0.0;0.0;0.0;0.0;1.0;8.0;4.0;0.0;1.0;3.0;75.0;2.0;40.0;4;4.0;100.0;14.0;1.0;20.0;50.0;0.0
21060290;CENTRO EDUCA MAIS MAJOR ERICO GOMES BRAGA;2107209;Nina Rodrigues;2.0;1.0;CENSO_ESCOLAR_2024;46;40;440.88;42;410.25;42;446.91;40;458.17;42;32;76.19;425.71;558.75;1.0;1.0;0.0;1.0;1.0;1.0;0.0;0.0;0.0;0.0;1.0;1.0;1.0;1.0;5.0;1.0;39.0;1.0;0.0;1.0;0.0;1.0;0.0;4.0;3.0;4.0;1.0;3.0;75.0;1.0;20.0;4;4.0;100.0;45.0;3.0;60.0;75.0;100.0
21061181;CENTRO EDUCA MAIS PIRAPEMAS;2108801;Pirapemas;2.0;1.0;CENSO_ESCOLAR_2024;33;23;432.35;23;449.91;23;460.76;23;461.9;23;16;69.57;397.39;571.25;1.0;1.0;0.0;1.0;0.0;0.0;0.0;0.0;0.0;0.0;1.0;0.0;0.0;0.0;0.0;0.0;0.0;1.0;0.0;1.0;0.0;0.0;0.0;6.0;0.0;6.0;0.0;3.0;75.0;0.0;0.0;4;1.0;25.0;0.0;2.0;40.0;0.0;100.0
21061190;CENTRO DE ENSINO RIBAMAR PINHEIRO;2108801;Pirapemas;2.0;1.0;CENSO_ESCOLAR_2024;70;58;433.29;61;443.86;61;468.88;58;459.34;61;55;90.16;552.46;612.73;1.0;1.0;0.0;1.0;0.0;0.0;0.0;1.0;0.0;0.0;1.0;1.0;1.0;1.0;3.0;2.0;0.0;1.0;0.0;1.0;0.0;0.0;0.0;6.0;0.0;4.0;0.0;3.0;75.0;1.0;20.0;4;4.0;100.0;5.0;2.0;40.0;0.0;66.67
21062080;CENTRO DE ENSINO SANTA LUZIA;2109304;Presidente Vargas;2.0;1.0;CENSO_ESCOLAR_2024;19;5;438.32;8;409.72;8;429.82;5;436.02;8;5;62.5;315.0;504.0;1.0;1.0;0.0;1.0;0.0;0.0;0.0;0.0;1.0;0.0;1.0;0.0;0.0;1.0;0.0;0.0;0.0;1.0;0.0;1.0;1.0;0.0;0.0;18.0;0.0;6.0;0.0;3.0;75.0;1.0;20.0;4;2.0;50.0;0.0;3.0;60.0;0.0;33.33
21063982;CENTRO DE ENSINO RAULINA SOUSA SILVA;2112704;Vargem Grande;2.0;1.0;CENSO_ESCOLAR_2024;84;48;426.16;51;427.23;51;434.36;48;447.04;51;44;86.27;447.06;518.18;1.0;1.0;1.0;1.0;1.0;1.0;0.0;1.0;1.0;0.0;1.0;1.0;0.0;1.0;10.0;0.0;0.0;1.0;1.0;1.0;0.0;0.0;0.0;28.0;10.0;0.0;1.0;4.0;100.0;3.0;60.0;4;3.0;75.0;10.0;3.0;60.0;35.71;0.0
21064024;CENTRO EDUCA MAIS ENSINO SANTOS DUMONT;2112704;Vargem Grande;2.0;1.0;CENSO_ESCOLAR_2024;106;77;434.31;86;424.09;86;455.74;77;449.57;86;75;87.21;462.09;529.87;1.0;1.0;0.0;1.0;0.0;0.0;1.0;1.0;1.0;0.0;0.0;0.0;0.0;;6.0;0.0;0.0;1.0;0.0;0.0;0.0;0.0;1.0;26.0;20.0;0.0;0.0;3.0;75.0;3.0;60.0;3;0.0;0.0;6.0;1.0;20.0;76.92;0.0
21065802;CENTRO EDUCA MAIS DJALMA CRUZ;2102606;Cândido Mendes;2.0;1.0;CENSO_ESCOLAR_2024;75;43;447.0;50;444.01;50;469.44;43;456.43;50;41;82.0;442.4;539.51;1.0;1.0;0.0;1.0;1.0;1.0;0.0;0.0;1.0;0.0;1.0;0.0;1.0;1.0;0.0;0.0;40.0;1.0;0.0;1.0;0.0;0.0;0.0;23.0;10.0;0.0;1.0;3.0;75.0;2.0;40.0;4;3.0;75.0;40.0;2.0;40.0;43.48;0.0
21067244;CENTRO DE ENSINO DR TARQUINIO LOPES FILHO;2102903;Carutapera;2.0;1.0;CENSO_ESCOLAR_2024;99;78;432.76;84;437.23;84;467.32;78;443.06;84;77;91.67;526.19;574.03;1.0;1.0;0.0;1.0;1.0;1.0;0.0;0.0;1.0;0.0;1.0;0.0;0.0;1.0;1.0;2.0;0.0;1.0;1.0;1.0;0.0;0.0;0.0;18.0;8.0;8.0;1.0;3.0;75.0;2.0;40.0;4;2.0;50.0;3.0;3.0;60.0;44.44;44.44
21068518;CENTRO DE ENSINO BENEDITA JORGE;2104305;Godofredo Viana;2.0;1.0;CENSO_ESCOLAR_2024;64;39;437.45;44;414.9;44;457.05;39;438.51;44;40;90.91;445.91;490.5;1.0;1.0;0.0;1.0;0.0;0.0;0.0;0.0;0.0;0.0;1.0;0.0;0.0;0.0;0.0;0.0;0.0;1.0;0.0;1.0;1.0;0.0;0.0;16.0;8.0;0.0;0.0;3.0;75.0;0.0;0.0;4;1.0;25.0;0.0;3.0;60.0;50.0;0.0
21069026;CENTRO DE ENSINO ALMEIDA BRAGA;2106201;Luís Domingues;2.0;1.0;CENSO_ESCOLAR_2024;80;56;451.77;59;448.97;59;468.61;56;456.24;59;56;94.92;534.24;562.86;1.0;1.0;0.0;1.0;1.0;1.0;0.0;0.0;1.0;0.0;1.0;1.0;1.0;1.0;0.0;0.0;0.0;0.0;0.0;1.0;0.0;0.0;0.0;7.0;7.0;7.0;1.0;3.0;75.0;2.0;40.0;4;4.0;100.0;0.0;1.0;20.0;100.0;100.0
21071071;CENTRO DE ENSINO PAULO RAMOS;2112407;Turiaçu;2.0;1.0;CENSO_ESCOLAR_2024;194;123;438.37;136;415.86;136;448.74;123;451.99;136;108;79.41;446.76;562.59;1.0;1.0;0.0;1.0;1.0;1.0;0.0;0.0;1.0;0.0;1.0;0.0;0.0;1.0;0.0;0.0;0.0;1.0;0.0;1.0;0.0;0.0;0.0;15.0;11.0;11.0;1.0;3.0;75.0;2.0;40.0;4;2.0;50.0;0.0;2.0;40.0;73.33;73.33
21071926;CENTRO DE ENSINO GONCALVES DIAS;2100402;Altamira do Maranhão;2.0;1.0;CENSO_ESCOLAR_2024;38;28;418.84;32;438.84;32;466.14;28;440.09;32;27;84.38;521.88;618.52;1.0;1.0;0.0;1.0;0.0;0.0;1.0;0.0;1.0;0.0;0.0;0.0;0.0;;0.0;0.0;0.0;1.0;0.0;0.0;0.0;0.0;1.0;6.0;6.0;0.0;0.0;3.0;75.0;2.0;40.0;3;0.0;0.0;0.0;1.0;20.0;100.0;0.0
21073252;CENTRO DE EDUCACAO ESCOLAR INDIGENA JANUARIA;2102002;Bom Jardim;2.0;2.0;CENSO_ESCOLAR_2024;18;11;413.08;12;406.65;12;442.95;11;404.86;12;11;91.67;440.0;480.0;1.0;1.0;0.0;0.0;1.0;1.0;0.0;1.0;0.0;0.0;1.0;1.0;1.0;1.0;5.0;5.0;40.0;1.0;1.0;1.0;0.0;0.0;0.0;10.0;9.0;9.0;1.0;2.0;50.0;2.0;40.0;4;4.0;100.0;50.0;3.0;60.0;90.0;90.0
21073805;CENTRO DE ENSINO PROFESSORA MARIA LUIZA RODRIGUES DE SOUSA;2102002;Bom Jardim;2.0;1.0;CENSO_ESCOLAR_2024;99;80;432.66;83;448.76;83;468.1;80;440.37;83;73;87.95;498.55;566.85;1.0;1.0;0.0;1.0;1.0;1.0;0.0;0.0;0.0;0.0;1.0;0.0;0.0;0.0;1.0;1.0;0.0;1.0;0.0;1.0;1.0;0.0;0.0;6.0;6.0;6.0;1.0;3.0;75.0;1.0;20.0;4;1.0;25.0;2.0;3.0;60.0;100.0;100.0
21075662;CENTRO DE ENSINO CRISTOVAO COLOMBO;2105708;Lago da Pedra;2.0;1.0;CENSO_ESCOLAR_2024;59;43;451.35;46;459.0;46;473.35;43;465.93;46;40;86.96;518.26;596.0;1.0;1.0;0.0;0.0;1.0;1.0;0.0;1.0;0.0;0.0;1.0;1.0;1.0;1.0;10.0;2.0;0.0;1.0;0.0;1.0;0.0;0.0;0.0;9.0;9.0;0.0;1.0;2.0;50.0;2.0;40.0;4;4.0;100.0;12.0;2.0;40.0;100.0;0.0
21075689;CENTRO EDUCA MAIS MAURA JORGE DE MELO;2105708;Lago da Pedra;2.0;1.0;CENSO_ESCOLAR_2024;108;85;447.28;87;450.13;87;471.44;85;472.41;87;80;91.95;578.62;629.25;1.0;1.0;0.0;1.0;1.0;1.0;0.0;0.0;1.0;0.0;1.0;0.0;0.0;1.0;0.0;0.0;0.0;0.0;0.0;1.0;0.0;0.0;0.0;6.0;6.0;6.0;1.0;3.0;75.0;2.0;40.0;4;2.0;50.0;0.0;1.0;20.0;100.0;100.0
21075697;CENTRO DE ENSINO FREI GODOFREDO BAUERDICK;2105708;Lago da Pedra;2.0;1.0;CENSO_ESCOLAR_2024;110;78;443.03;84;464.09;84;475.95;78;466.14;84;80;95.24;558.33;586.25;1.0;1.0;0.0;1.0;0.0;0.0;0.0;0.0;1.0;0.0;1.0;0.0;1.0;1.0;2.0;2.0;0.0;1.0;0.0;1.0;0.0;0.0;0.0;6.0;6.0;1.0;0.0;3.0;75.0;1.0;20.0;4;3.0;75.0;4.0;2.0;40.0;100.0;16.67
21076839;CENTRO EDUCA MAIS ROBERTO SARNEY;2108108;Paulo Ramos;2.0;1.0;CENSO_ESCOLAR_2024;115;84;442.31;88;439.27;88;460.49;84;453.98;88;82;93.18;545.45;585.37;1.0;1.0;0.0;1.0;1.0;1.0;1.0;0.0;1.0;0.0;1.0;1.0;0.0;1.0;0.0;7.0;0.0;1.0;0.0;1.0;0.0;0.0;0.0;14.0;10.0;10.0;1.0;3.0;75.0;3.0;60.0;4;3.0;75.0;7.0;2.0;40.0;71.43;71.43
21076855;CENAGIBHAICKELESCOLA;2108504;Pindaré-Mirim;2.0;1.0;CENSO_ESCOLAR_2024;15;6;429.03;9;410.02;9;431.41;6;423.93;9;6;66.67;335.56;503.33;1.0;1.0;0.0;0.0;1.0;1.0;1.0;0.0;1.0;1.0;1.0;1.0;0.0;0.0;2.0;0.0;0.0;0.0;0.0;0.0;0.0;0.0;1.0;3.0;0.0;0.0;1.0;2.0;50.0;4.0;80.0;4;2.0;50.0;2.0;0.0;0.0;0.0;0.0
21077568;CENTRO DE ENSINO JERUSA DA SILVA RABELO;2108504;Pindaré-Mirim;2.0;1.0;CENSO_ESCOLAR_2024;56;31;446.7;34;437.52;34;456.64;31;424.42;34;31;91.18;527.06;578.06;0.0;1.0;0.0;1.0;0.0;0.0;0.0;0.0;0.0;0.0;1.0;1.0;1.0;1.0;1.0;1.0;0.0;1.0;0.0;1.0;0.0;0.0;0.0;6.0;6.0;6.0;0.0;2.0;50.0;0.0;0.0;4;4.0;100.0;2.0;2.0;40.0;100.0;100.0
21077576;CENTRO EDUCA MAIS PROFESSOR JOAO CARDOSO CAMPOS;2108504;Pindaré-Mirim;2.0;1.0;CENSO_ESCOLAR_2024;51;38;436.14;39;421.63;39;454.71;38;447.74;39;31;79.49;445.13;560.0;1.0;1.0;0.0;1.0;1.0;1.0;0.0;0.0;1.0;0.0;1.0;0.0;1.0;1.0;0.0;2.0;0.0;0.0;1.0;1.0;0.0;0.0;0.0;6.0;6.0;1.0;1.0;3.0;75.0;2.0;40.0;4;3.0;75.0;2.0;2.0;40.0;100.0;16.67
21077584;CENTRO DE ENSINO FRANCISCO DAS CHAGAS VASCONCELOS;2108504;Pindaré-Mirim;2.0;1.0;CENSO_ESCOLAR_2024;44;28;416.28;31;400.04;31;422.57;28;418.32;31;25;80.65;412.26;511.2;1.0;1.0;0.0;1.0;1.0;1.0;0.0;1.0;0.0;1.0;1.0;1.0;1.0;1.0;5.0;0.0;0.0;1.0;1.0;1.0;0.0;0.0;0.0;11.0;0.0;11.0;1.0;3.0;75.0;3.0;60.0;4;4.0;100.0;5.0;3.0;60.0;0.0;100.0
21077606;CENTRO DE ENSINO SANTA TEREZA;2112274;Tufilândia;2.0;2.0;CENSO_ESCOLAR_2024;10;6;433.48;7;437.83;7;440.5;6;452.9;7;5;71.43;334.29;468.0;1.0;1.0;0.0;1.0;0.0;0.0;0.0;0.0;0.0;0.0;1.0;1.0;1.0;0.0;1.0;1.0;0.0;0.0;0.0;1.0;0.0;0.0;0.0;3.0;0.0;0.0;0.0;3.0;75.0;0.0;0.0;4;3.0;75.0;2.0;1.0;20.0;0.0;0.0
21077711;CENTRO EDUCA MAIS DOM PEDRO II;2112274;Tufilândia;2.0;1.0;CENSO_ESCOLAR_2024;32;10;425.2;10;440.61;10;432.67;10;442.58;10;8;80.0;440.0;550.0;1.0;1.0;0.0;1.0;0.0;0.0;0.0;0.0;0.0;0.0;1.0;1.0;1.0;1.0;0.0;2.0;0.0;1.0;0.0;1.0;0.0;0.0;0.0;5.0;0.0;0.0;0.0;3.0;75.0;0.0;0.0;4;4.0;100.0;2.0;2.0;40.0;0.0;0.0
21077720;CENTRO EDUCA MAIS POETA ANTONIO JOSE;2109908;Santa Inês;2.0;1.0;CENSO_ESCOLAR_2024;109;100;466.65;101;505.7;101;515.6;100;500.55;101;96;95.05;774.06;814.38;1.0;1.0;0.0;1.0;1.0;1.0;1.0;1.0;1.0;1.0;1.0;0.0;0.0;1.0;1.0;3.0;0.0;1.0;0.0;1.0;0.0;0.0;0.0;10.0;10.0;10.0;1.0;3.0;75.0;5.0;100.0;4;2.0;50.0;4.0;2.0;40.0;100.0;100.0
21077762;CENTRO DE ENSINO BANDEIRA TRIBUZZI CAIC;2109908;Santa Inês;2.0;1.0;CENSO_ESCOLAR_2024;127;57;436.86;62;445.18;62;466.74;57;452.03;62;56;90.32;583.87;646.43;1.0;1.0;0.0;1.0;1.0;1.0;1.0;1.0;1.0;1.0;1.0;0.0;1.0;1.0;5.0;0.0;0.0;0.0;0.0;0.0;0.0;0.0;1.0;8.0;5.0;0.0;1.0;3.0;75.0;5.0;100.0;4;3.0;75.0;5.0;0.0;0.0;62.5;0.0
21078505;CENTRO DE ENSINO PROFESSORA LEUDA DA SILVA CABRAL;2109908;Santa Inês;2.0;1.0;CENSO_ESCOLAR_2024;95;66;428.98;70;435.22;70;459.48;66;439.23;70;59;84.29;492.29;584.07;1.0;1.0;0.0;1.0;1.0;1.0;1.0;0.0;0.0;0.0;1.0;0.0;0.0;1.0;0.0;2.0;0.0;1.0;1.0;1.0;0.0;0.0;0.0;6.0;2.0;2.0;1.0;3.0;75.0;2.0;40.0;4;2.0;50.0;2.0;3.0;60.0;33.33;33.33
21078556;CENTRO DE ENSINO NEUSA DE CARVALHO BASTOS;2109908;Santa Inês;2.0;1.0;CENSO_ESCOLAR_2024;44;32;431.43;32;429.35;32;454.47;32;440.75;32;30;93.75;635.0;677.33;1.0;1.0;0.0;1.0;1.0;1.0;0.0;0.0;0.0;1.0;1.0;0.0;0.0;1.0;0.0;0.0;0.0;0.0;0.0;0.0;0.0;0.0;1.0;6.0;6.0;0.0;1.0;3.0;75.0;2.0;40.0;4;2.0;50.0;0.0;0.0;0.0;100.0;0.0
21078564;CENTRO DE ENSINO JOSUE MONTELLO;2109908;Santa Inês;2.0;1.0;CENSO_ESCOLAR_2024;64;25;429.55;28;432.83;28;461.14;25;452.48;28;22;78.57;435.0;553.64;1.0;1.0;0.0;1.0;1.0;1.0;0.0;0.0;0.0;0.0;1.0;0.0;0.0;0.0;0.0;0.0;0.0;0.0;0.0;0.0;0.0;0.0;1.0;6.0;2.0;0.0;1.0;3.0;75.0;1.0;20.0;4;1.0;25.0;0.0;0.0;0.0;33.33;0.0
21078572;CENTRO DE ENSINO PADRE CHAGAS;2109908;Santa Inês;2.0;1.0;CENSO_ESCOLAR_2024;79;62;439.44;67;442.74;67;464.77;62;451.03;67;57;85.07;536.42;630.53;1.0;1.0;0.0;1.0;0.0;0.0;0.0;0.0;0.0;0.0;1.0;0.0;1.0;1.0;0.0;1.0;0.0;1.0;0.0;1.0;0.0;0.0;0.0;9.0;0.0;9.0;0.0;3.0;75.0;0.0;0.0;4;3.0;75.0;1.0;2.0;40.0;0.0;100.0
21081590;CENTRO DE ENSINO DR FERNANDO CASTRO;2102325;Buriticupu;2.0;1.0;CENSO_ESCOLAR_2024;284;196;441.37;214;443.4;214;471.03;196;453.26;214;188;87.85;500.65;569.89;1.0;1.0;0.0;1.0;1.0;1.0;1.0;0.0;1.0;0.0;1.0;1.0;1.0;1.0;0.0;3.0;2.0;1.0;1.0;1.0;0.0;0.0;0.0;14.0;14.0;14.0;1.0;3.0;75.0;3.0;60.0;4;4.0;100.0;5.0;3.0;60.0;100.0;100.0
21081603;CENTRO EDUCA MAIS JOSE MARIANO MUNIZ;2110005;Santa Luzia;2.0;1.0;CENSO_ESCOLAR_2024;126;116;460.11;120;479.42;120;503.39;116;522.85;120;113;94.17;715.17;759.47;1.0;1.0;0.0;1.0;1.0;1.0;1.0;1.0;1.0;1.0;1.0;1.0;1.0;1.0;1.0;2.0;0.0;1.0;1.0;0.0;1.0;0.0;0.0;12.0;12.0;0.0;1.0;3.0;75.0;5.0;100.0;4;4.0;100.0;3.0;3.0;60.0;100.0;0.0
21081646;CENTRO DE ENSINO PROFESSOR VALMIR DA PAIXAO SANTOS;2110005;Santa Luzia;2.0;1.0;CENSO_ESCOLAR_2024;276;160;442.81;174;444.84;174;472.06;160;450.53;174;148;85.06;491.03;577.3;1.0;1.0;0.0;1.0;0.0;0.0;0.0;0.0;1.0;0.0;1.0;1.0;0.0;1.0;0.0;0.0;0.0;1.0;0.0;1.0;0.0;0.0;0.0;14.0;14.0;14.0;0.0;3.0;75.0;1.0;20.0;4;3.0;75.0;0.0;2.0;40.0;100.0;100.0
21081654;CENTRO DE ENSINO TRAVASSOS FURTADO;2110005;Santa Luzia;2.0;1.0;CENSO_ESCOLAR_2024;86;63;452.93;68;452.02;68;470.2;63;483.89;68;62;91.18;525.88;576.77;1.0;1.0;0.0;1.0;0.0;1.0;0.0;0.0;1.0;0.0;1.0;0.0;1.0;1.0;1.0;1.0;0.0;1.0;1.0;1.0;0.0;0.0;0.0;6.0;0.0;6.0;1.0;3.0;75.0;2.0;40.0;4;3.0;75.0;2.0;3.0;60.0;0.0;100.0
21083762;CENTRO DE ENSINO TEREZINHA ALVES ROCHA;2107357;Nova Olinda do Maranhão;2.0;1.0;CENSO_ESCOLAR_2024;140;108;437.66;110;432.73;110;464.58;108;445.31;110;101;91.82;539.45;587.52;1.0;1.0;0.0;1.0;1.0;1.0;1.0;1.0;0.0;0.0;1.0;1.0;0.0;1.0;6.0;1.0;1.0;0.0;0.0;1.0;0.0;0.0;0.0;8.0;6.0;6.0;1.0;3.0;75.0;3.0;60.0;4;3.0;75.0;8.0;1.0;20.0;75.0;75.0
21083789;CENTRO DE ENSINO MARIA ESPINDOLA DE ARAUJO SILVA;2109239;Presidente Médici;2.0;1.0;CENSO_ESCOLAR_2024;35;25;440.22;25;446.84;25;465.68;25;441.0;25;23;92.0;552.0;600.0;1.0;1.0;0.0;1.0;0.0;0.0;0.0;0.0;0.0;0.0;1.0;0.0;0.0;1.0;2.0;2.0;0.0;0.0;0.0;0.0;0.0;0.0;1.0;9.0;6.0;0.0;0.0;3.0;75.0;0.0;0.0;4;2.0;50.0;4.0;0.0;0.0;66.67;0.0
21083835;CENTRO DE ENSINO CLEOBETO DE OLIVEIRA MESQUITA;2110039;Santa Luzia do Paruá;2.0;1.0;CENSO_ESCOLAR_2024;51;13;422.78;14;440.77;14;490.97;13;452.1;14;13;92.86;560.0;603.08;1.0;1.0;0.0;1.0;0.0;1.0;0.0;1.0;0.0;0.0;1.0;1.0;0.0;1.0;4.0;2.0;0.0;1.0;0.0;1.0;0.0;0.0;0.0;6.0;5.0;5.0;1.0;3.0;75.0;2.0;40.0;4;3.0;75.0;6.0;2.0;40.0;83.33;83.33
21085161;CENTRO DE ENSINO RUI BARBOSA;2113009;Vitorino Freire;2.0;1.0;CENSO_ESCOLAR_2024;255;210;448.63;216;456.95;216;477.32;210;471.05;216;192;88.89;610.37;686.67;1.0;1.0;0.0;0.0;1.0;1.0;1.0;1.0;0.0;0.0;1.0;1.0;0.0;1.0;0.0;2.0;0.0;1.0;0.0;1.0;0.0;0.0;0.0;10.0;10.0;10.0;1.0;2.0;50.0;3.0;60.0;4;3.0;75.0;2.0;2.0;40.0;100.0;100.0
21088101;CENTRO DE ENSINO ANTONIO MACEDO DE ALMEIDA;2104651;Governador Newton Bello;2.0;1.0;CENSO_ESCOLAR_2024;56;46;441.66;48;433.39;48;454.99;46;453.86;48;38;79.17;504.58;637.37;1.0;1.0;0.0;1.0;0.0;0.0;0.0;0.0;0.0;0.0;0.0;0.0;0.0;;0.0;0.0;0.0;0.0;0.0;0.0;0.0;0.0;0.0;5.0;5.0;5.0;0.0;3.0;75.0;0.0;0.0;3;0.0;0.0;0.0;0.0;0.0;100.0;100.0
21088110;INSTITUTO ESTADUAL DE EDUCACAO CIENCIA E TECNOLOGIA DO MA - IEMA PLENO ZE DOCA;2114007;Zé Doca;2.0;1.0;CENSO_ESCOLAR_2024;106;92;465.15;96;467.14;96;494.15;92;473.6;96;84;87.5;587.5;671.43;1.0;1.0;0.0;1.0;1.0;1.0;1.0;1.0;1.0;0.0;1.0;1.0;1.0;1.0;1.0;1.0;0.0;1.0;0.0;0.0;0.0;0.0;0.0;11.0;11.0;11.0;1.0;3.0;75.0;4.0;80.0;4;4.0;100.0;2.0;1.0;20.0;100.0;100.0
21088144;CENTRO DE ENSINO PROFESSOR FRANCISCO DE ASSIS AMORIM DE ARAUJO;2114007;Zé Doca;2.0;1.0;CENSO_ESCOLAR_2024;98;77;437.12;80;446.65;80;473.7;77;447.88;80;75;93.75;572.75;610.93;1.0;1.0;0.0;1.0;1.0;1.0;0.0;0.0;0.0;0.0;1.0;0.0;0.0;1.0;2.0;1.0;0.0;1.0;1.0;1.0;0.0;0.0;0.0;35.0;9.0;1.0;1.0;3.0;75.0;1.0;20.0;4;2.0;50.0;3.0;3.0;60.0;25.71;2.86
21088179;CENTRO DE ENSINO PROFESSORA NORMA SUELY MENDES;2100055;Açailândia;2.0;1.0;CENSO_ESCOLAR_2024;122;72;453.14;79;439.66;79;467.47;72;454.05;79;71;89.87;521.77;580.56;1.0;1.0;0.0;1.0;0.0;1.0;1.0;1.0;0.0;0.0;1.0;0.0;1.0;1.0;10.0;0.0;0.0;1.0;1.0;1.0;0.0;0.0;0.0;12.0;0.0;0.0;1.0;3.0;75.0;3.0;60.0;4;3.0;75.0;10.0;3.0;60.0;0.0;0.0
21088276;CENTRO DE ENSINO DOM MARCELINO BICEGO;2100055;Açailândia;2.0;1.0;CENSO_ESCOLAR_2024;56;44;451.39;47;457.9;47;489.26;44;464.75;47;42;89.36;526.38;589.05;1.0;1.0;0.0;1.0;1.0;1.0;0.0;0.0;0.0;0.0;1.0;1.0;0.0;1.0;1.0;0.0;0.0;0.0;0.0;1.0;0.0;0.0;0.0;5.0;4.0;0.0;1.0;3.0;75.0;1.0;20.0;4;3.0;75.0;1.0;1.0;20.0;80.0;0.0
21090262;CENTRO DE ENSINO JOSE NEVES DE OLIVEIRA;2105427;Itinga do Maranhão;2.0;1.0;CENSO_ESCOLAR_2024;97;77;458.62;80;460.21;80;488.95;77;463.69;80;72;90.0;522.5;580.56;1.0;1.0;0.0;1.0;1.0;1.0;0.0;0.0;1.0;0.0;1.0;1.0;0.0;1.0;0.0;5.0;0.0;1.0;0.0;1.0;0.0;0.0;0.0;11.0;8.0;8.0;1.0;3.0;75.0;2.0;40.0;4;3.0;75.0;5.0;2.0;40.0;72.73;72.73
21090289;CENTRO DE ENSINO PROFESSOR ANTONIO CARLOS BECKMAN;2100055;Açailândia;2.0;1.0;CENSO_ESCOLAR_2024;157;134;468.36;141;487.43;141;502.64;134;492.83;141;137;97.16;644.54;663.36;1.0;1.0;0.0;1.0;0.0;1.0;0.0;0.0;0.0;1.0;1.0;0.0;0.0;1.0;3.0;2.0;0.0;1.0;0.0;0.0;0.0;0.0;0.0;18.0;10.0;10.0;1.0;3.0;75.0;2.0;40.0;4;2.0;50.0;5.0;1.0;20.0;55.56;55.56
21092273;CENTRO DE ENSINO PADRE JOAO BATISTA TEIXEIRA;2100600;Amarante do Maranhão;2.0;1.0;CENSO_ESCOLAR_2024;135;93;436.85;105;432.34;105;455.85;93;452.61;105;96;91.43;502.1;549.17;1.0;1.0;0.0;1.0;1.0;1.0;0.0;0.0;0.0;0.0;1.0;0.0;0.0;1.0;2.0;0.0;0.0;1.0;0.0;1.0;0.0;0.0;0.0;31.0;10.0;10.0;1.0;3.0;75.0;1.0;20.0;4;2.0;50.0;2.0;2.0;40.0;32.26;32.26
21092346;COLEGIO MILITAR TIRADENTES II - IMPERATRIZ;2105302;Imperatriz;2.0;1.0;CENSO_ESCOLAR_2024;157;152;541.8;154;581.17;154;564.93;152;618.56;154;152;98.7;831.3;842.24;1.0;1.0;1.0;1.0;1.0;1.0;1.0;1.0;1.0;1.0;1.0;1.0;0.0;1.0;18.0;1.0;0.0;1.0;0.0;0.0;0.0;0.0;0.0;16.0;16.0;1.0;1.0;4.0;100.0;5.0;100.0;4;3.0;75.0;19.0;1.0;20.0;100.0;6.25
21092354;INSTITUTO ESTADUAL DE EDUCACAO CIENCIA E TECNOLOGIA DO MARANHAO - IEMA PLENO IMPERATRIZ;2105302;Imperatriz;2.0;1.0;CENSO_ESCOLAR_2024;73;53;451.54;57;471.89;57;500.91;53;456.43;57;49;85.96;590.53;686.94;1.0;1.0;0.0;1.0;1.0;1.0;0.0;0.0;1.0;1.0;1.0;1.0;0.0;1.0;0.0;2.0;0.0;0.0;0.0;0.0;0.0;0.0;0.0;12.0;4.0;1.0;1.0;3.0;75.0;3.0;60.0;4;3.0;75.0;2.0;0.0;0.0;33.33;8.33
21092362;IFMA - CAMPUS IMPERATRIZ;2105302;Imperatriz;1.0;1.0;CENSO_ESCOLAR_2024;202;194;540.37;196;557.74;196;551.78;194;596.34;196;189;96.43;759.39;787.51;1.0;1.0;0.0;1.0;1.0;1.0;1.0;1.0;1.0;1.0;1.0;1.0;1.0;1.0;100.0;20.0;1.0;1.0;0.0;1.0;1.0;0.0;0.0;31.0;31.0;31.0;1.0;3.0;75.0;5.0;100.0;4;4.0;100.0;121.0;3.0;60.0;100.0;100.0
21092370;CENTRO DE ENSINO GRACA ARANHA;2105302;Imperatriz;2.0;1.0;CENSO_ESCOLAR_2024;297;269;464.71;274;480.4;274;502.34;269;493.13;274;253;92.34;639.93;693.04;1.0;1.0;1.0;1.0;1.0;1.0;1.0;0.0;1.0;1.0;1.0;0.0;0.0;1.0;2.0;1.0;0.0;1.0;0.0;1.0;0.0;0.0;0.0;15.0;14.0;15.0;1.0;4.0;100.0;4.0;80.0;4;2.0;50.0;3.0;2.0;40.0;93.33;100.0
21092389;CENTRO DE ENSINO AMARAL RAPOSO;2105302;Imperatriz;2.0;1.0;CENSO_ESCOLAR_2024;60;39;441.52;45;443.64;45;465.32;39;462.86;45;34;75.56;402.22;532.35;1.0;1.0;0.0;1.0;0.0;1.0;0.0;0.0;0.0;0.0;1.0;0.0;1.0;1.0;1.0;0.0;0.0;1.0;0.0;1.0;0.0;0.0;0.0;9.0;9.0;9.0;1.0;3.0;75.0;1.0;20.0;4;3.0;75.0;1.0;2.0;40.0;100.0;100.0
21092699;CENTRO DE ENSINO DORGIVAL PINHEIRO DE SOUSA;2105302;Imperatriz;2.0;1.0;CENSO_ESCOLAR_2024;86;65;458.53;66;485.44;66;509.57;65;482.53;66;60;90.91;605.15;665.67;1.0;1.0;1.0;1.0;1.0;1.0;1.0;0.0;0.0;0.0;1.0;1.0;0.0;1.0;0.0;0.0;0.0;1.0;0.0;1.0;0.0;0.0;0.0;15.0;15.0;0.0;1.0;4.0;100.0;2.0;40.0;4;3.0;75.0;0.0;2.0;40.0;100.0;0.0
21092710;CENTRO DE ENSINO RAIMUNDO SOARES DA CUNHA;2105302;Imperatriz;2.0;1.0;CENSO_ESCOLAR_2024;146;109;458.82;116;445.29;116;471.96;109;458.38;116;98;84.48;523.1;619.18;1.0;1.0;0.0;1.0;1.0;1.0;0.0;0.0;1.0;0.0;1.0;1.0;1.0;0.0;1.0;0.0;0.0;1.0;1.0;1.0;0.0;0.0;0.0;9.0;9.0;9.0;1.0;3.0;75.0;2.0;40.0;4;3.0;75.0;1.0;3.0;60.0;100.0;100.0
21092729;CENTRO DE ENSINO ISAURA AMORIM;2103257;Cidelândia;2.0;1.0;CENSO_ESCOLAR_2024;80;57;441.14;61;444.21;61;463.68;57;451.76;61;56;91.8;524.92;571.79;1.0;1.0;0.0;1.0;1.0;1.0;0.0;0.0;0.0;0.0;0.0;0.0;0.0;;0.0;0.0;0.0;1.0;0.0;1.0;0.0;0.0;0.0;10.0;7.0;0.0;1.0;3.0;75.0;1.0;20.0;3;0.0;0.0;0.0;2.0;40.0;70.0;0.0
21092770;CENTRO DE ENSINO FRANCISCO ALVES II;2103752;Davinópolis;2.0;1.0;CENSO_ESCOLAR_2024;80;47;446.67;48;473.52;48;491.41;47;465.68;48;44;91.67;565.83;617.27;1.0;1.0;1.0;1.0;1.0;1.0;0.0;0.0;0.0;0.0;1.0;1.0;1.0;1.0;1.0;3.0;0.0;1.0;0.0;1.0;0.0;0.0;0.0;8.0;8.0;8.0;1.0;4.0;100.0;1.0;20.0;4;4.0;100.0;4.0;2.0;40.0;100.0;100.0
21093350;CENTRO EDUCA MAIS CAMINHO DO FUTURO;2105302;Imperatriz;2.0;1.0;CENSO_ESCOLAR_2024;124;106;452.63;110;464.42;110;492.18;106;476.34;110;102;92.73;597.64;644.51;1.0;1.0;0.0;1.0;1.0;1.0;1.0;0.0;0.0;0.0;1.0;1.0;1.0;0.0;3.0;3.0;0.0;1.0;0.0;1.0;0.0;0.0;0.0;9.0;9.0;0.0;1.0;3.0;75.0;2.0;40.0;4;3.0;75.0;6.0;2.0;40.0;100.0;0.0
21093660;CENTRO DE ENSINO DELAHE FIQUENE;2105302;Imperatriz;2.0;1.0;CENSO_ESCOLAR_2024;143;110;464.45;118;468.98;118;492.64;110;470.9;118;105;88.98;561.69;631.24;1.0;1.0;1.0;1.0;1.0;1.0;0.0;0.0;0.0;0.0;1.0;0.0;0.0;1.0;0.0;2.0;0.0;1.0;0.0;1.0;0.0;0.0;0.0;8.0;8.0;5.0;1.0;4.0;100.0;1.0;20.0;4;2.0;50.0;2.0;2.0;40.0;100.0;62.5
21093733;CENTRO DE ENSINO PROFESSOR EDINAN MORAES;2105302;Imperatriz;2.0;1.0;CENSO_ESCOLAR_2024;124;109;456.38;112;475.41;112;502.8;109;470.56;112;104;92.86;586.96;632.12;1.0;1.0;1.0;1.0;0.0;0.0;0.0;0.0;0.0;0.0;1.0;0.0;0.0;1.0;1.0;0.0;0.0;1.0;0.0;1.0;0.0;0.0;0.0;10.0;10.0;1.0;0.0;4.0;100.0;0.0;0.0;4;2.0;50.0;1.0;2.0;40.0;100.0;10.0
21095450;CENTRO EDUCA MAIS TANCREDO DE ALMEIDA NEVES;2105302;Imperatriz;2.0;1.0;CENSO_ESCOLAR_2024;101;91;487.69;95;506.45;95;518.16;91;540.49;95;89;93.68;644.0;687.42;1.0;1.0;0.0;1.0;1.0;1.0;1.0;1.0;1.0;1.0;1.0;0.0;1.0;1.0;0.0;2.0;0.0;1.0;1.0;1.0;0.0;0.0;0.0;10.0;10.0;10.0;1.0;3.0;75.0;5.0;100.0;4;3.0;75.0;2.0;3.0;60.0;100.0;100.0
21095515;CENTRO DE ENSINO UNIAO;2105302;Imperatriz;2.0;1.0;CENSO_ESCOLAR_2024;67;49;455.78;54;442.62;54;480.94;49;445.56;54;50;92.59;553.33;597.6;1.0;1.0;1.0;1.0;1.0;1.0;0.0;0.0;0.0;0.0;1.0;1.0;1.0;1.0;0.0;0.0;0.0;1.0;0.0;1.0;0.0;0.0;0.0;8.0;8.0;8.0;1.0;4.0;100.0;1.0;20.0;4;4.0;100.0;0.0;2.0;40.0;100.0;100.0
21095523;CENTRO DE ENSINO URBANO ROCHA;2105302;Imperatriz;2.0;1.0;CENSO_ESCOLAR_2024;55;46;454.32;47;448.52;47;471.87;46;454.08;47;43;91.49;592.77;647.91;1.0;1.0;1.0;1.0;0.0;0.0;0.0;0.0;0.0;0.0;1.0;1.0;0.0;1.0;0.0;0.0;0.0;0.0;0.0;0.0;0.0;0.0;1.0;6.0;0.0;6.0;0.0;4.0;100.0;0.0;0.0;4;3.0;75.0;0.0;0.0;0.0;0.0;100.0
21095531;CENTRO DE ENSINO VESPASIANO RAMOS;2105302;Imperatriz;2.0;1.0;CENSO_ESCOLAR_2024;40;33;432.86;34;443.62;34;456.12;33;435.34;34;29;85.29;466.47;546.9;1.0;1.0;1.0;1.0;1.0;1.0;0.0;0.0;0.0;0.0;1.0;0.0;1.0;1.0;4.0;1.0;0.0;1.0;0.0;1.0;0.0;0.0;0.0;7.0;7.0;0.0;1.0;4.0;100.0;1.0;20.0;4;3.0;75.0;5.0;2.0;40.0;100.0;0.0
21095981;CENTRO EDUCA MAIS NASCIMENTO DE MORAES;2105302;Imperatriz;2.0;1.0;CENSO_ESCOLAR_2024;108;102;464.02;104;479.93;104;497.76;102;493.56;104;95;91.35;558.85;611.79;1.0;1.0;1.0;1.0;1.0;1.0;1.0;1.0;1.0;1.0;1.0;1.0;1.0;1.0;28.0;3.0;0.0;1.0;1.0;1.0;0.0;0.0;0.0;11.0;11.0;11.0;1.0;4.0;100.0;5.0;100.0;4;4.0;100.0;31.0;3.0;60.0;100.0;100.0
21095990;CENTRO DE ENSINO FRANCISCO FIIM;2104552;Governador Edison Lobão;2.0;2.0;CENSO_ESCOLAR_2024;22;14;438.5;14;484.8;14;504.91;14;487.36;14;14;100.0;632.86;632.86;1.0;1.0;0.0;1.0;0.0;0.0;1.0;1.0;1.0;0.0;1.0;1.0;1.0;1.0;18.0;0.0;0.0;0.0;0.0;0.0;0.0;0.0;1.0;4.0;4.0;0.0;0.0;3.0;75.0;3.0;60.0;4;4.0;100.0;18.0;0.0;0.0;100.0;0.0
21096007;CENTRO DE ENSINO VICENTE YANEZ PINZON;2104552;Governador Edison Lobão;2.0;1.0;CENSO_ESCOLAR_2024;77;64;451.1;65;465.47;65;485.37;64;461.28;65;60;92.31;558.77;605.33;1.0;1.0;0.0;1.0;1.0;1.0;0.0;0.0;0.0;0.0;1.0;1.0;0.0;1.0;0.0;3.0;0.0;1.0;0.0;1.0;0.0;0.0;0.0;6.0;6.0;0.0;1.0;3.0;75.0;1.0;20.0;4;3.0;75.0;3.0;2.0;40.0;100.0;0.0
21096058;CENTRO DE ENSINO GOVERNADOR ARCHER;2105302;Imperatriz;2.0;1.0;CENSO_ESCOLAR_2024;163;140;464.98;149;468.27;149;487.4;140;474.31;149;139;93.29;600.27;643.45;1.0;1.0;1.0;1.0;1.0;1.0;0.0;0.0;1.0;1.0;1.0;0.0;0.0;1.0;5.0;1.0;0.0;1.0;1.0;1.0;0.0;0.0;0.0;10.0;10.0;10.0;1.0;4.0;100.0;3.0;60.0;4;2.0;50.0;6.0;3.0;60.0;100.0;100.0
21096112;CENTRO EDUCA MAIS MOURAO RANGEL;2105302;Imperatriz;2.0;1.0;CENSO_ESCOLAR_2024;49;40;460.13;41;474.36;41;501.81;40;462.01;41;34;82.93;516.1;622.35;1.0;1.0;1.0;1.0;1.0;1.0;1.0;1.0;1.0;0.0;1.0;0.0;1.0;1.0;22.0;0.0;0.0;1.0;0.0;0.0;0.0;0.0;1.0;6.0;6.0;0.0;1.0;4.0;100.0;4.0;80.0;4;3.0;75.0;22.0;1.0;20.0;100.0;0.0
21096120;CENTRO DE ENSINO ESTADO DE GOIAS;2105302;Imperatriz;2.0;1.0;CENSO_ESCOLAR_2024;25;22;459.29;22;498.26;22;498.62;22;450.6;22;19;86.36;551.82;638.95;1.0;1.0;1.0;1.0;1.0;1.0;0.0;0.0;0.0;0.0;1.0;1.0;1.0;1.0;1.0;1.0;0.0;1.0;0.0;1.0;0.0;0.0;0.0;8.0;1.0;8.0;1.0;4.0;100.0;1.0;20.0;4;4.0;100.0;2.0;2.0;40.0;12.5;100.0
21096147;CENTRO DE ENSINO NOVA VITORIA;2105302;Imperatriz;2.0;1.0;CENSO_ESCOLAR_2024;34;20;475.55;24;476.68;24;480.57;20;444.92;24;20;83.33;497.5;597.0;1.0;1.0;1.0;1.0;1.0;1.0;0.0;0.0;1.0;0.0;1.0;0.0;1.0;1.0;2.0;0.0;0.0;1.0;0.0;1.0;0.0;0.0;0.0;4.0;4.0;4.0;1.0;4.0;100.0;2.0;40.0;4;3.0;75.0;2.0;2.0;40.0;100.0;100.0
21096163;CENTRO DE ENSINO SALOMAO CURY-RAD;2111763;Senador La Rocque;2.0;1.0;CENSO_ESCOLAR_2024;93;68;436.2;71;448.01;71;481.73;68;478.34;71;61;85.92;544.79;634.1;1.0;1.0;1.0;1.0;1.0;1.0;0.0;1.0;0.0;0.0;1.0;0.0;0.0;1.0;7.0;4.0;0.0;1.0;0.0;1.0;1.0;0.0;0.0;10.0;10.0;10.0;1.0;4.0;100.0;2.0;40.0;4;2.0;50.0;11.0;3.0;60.0;100.0;100.0
21097682;CENTRO EDUCA MAS RIO AMAZONAS;2105500;João Lisboa;2.0;1.0;CENSO_ESCOLAR_2024;63;49;432.2;54;440.23;54;461.01;49;458.35;54;49;90.74;533.7;588.16;1.0;1.0;0.0;1.0;1.0;1.0;0.0;0.0;0.0;0.0;1.0;1.0;0.0;0.0;1.0;1.0;0.0;1.0;0.0;1.0;0.0;0.0;0.0;6.0;6.0;2.0;1.0;3.0;75.0;1.0;20.0;4;2.0;50.0;2.0;2.0;40.0;100.0;33.33
21097747;CENTRO DE ENSINO HENRIQUE DE LA ROQUE;2105500;João Lisboa;2.0;1.0;CENSO_ESCOLAR_2024;86;62;467.95;68;476.94;68;488.74;62;484.45;68;64;94.12;571.18;606.88;1.0;1.0;0.0;1.0;1.0;1.0;0.0;0.0;0.0;1.0;1.0;1.0;1.0;1.0;1.0;2.0;0.0;1.0;1.0;1.0;0.0;0.0;0.0;8.0;8.0;8.0;1.0;3.0;75.0;2.0;40.0;4;4.0;100.0;3.0;3.0;60.0;100.0;100.0
21099049;CENTRO DE ENSINO PARSONDAS DE CARVALHO;2107001;Montes Altos;2.0;1.0;CENSO_ESCOLAR_2024;51;38;456.27;43;446.18;43;464.63;38;449.59;43;34;79.07;420.0;531.18;1.0;1.0;0.0;1.0;0.0;0.0;0.0;0.0;0.0;0.0;1.0;0.0;0.0;1.0;0.0;0.0;0.0;0.0;0.0;0.0;0.0;0.0;1.0;5.0;0.0;0.0;0.0;3.0;75.0;0.0;0.0;4;2.0;50.0;0.0;0.0;0.0;0.0;0.0
21099111;CENTRO DE ENSINO PROFESSOR JUAREZ GOMES;2101202;Bacabal;2.0;1.0;CENSO_ESCOLAR_2024;129;89;446.58;97;449.44;97;477.98;89;453.0;97;78;80.41;471.13;585.9;1.0;1.0;0.0;1.0;1.0;1.0;1.0;1.0;0.0;0.0;1.0;1.0;1.0;1.0;5.0;3.0;0.0;1.0;0.0;1.0;0.0;0.0;0.0;9.0;9.0;9.0;1.0;3.0;75.0;3.0;60.0;4;4.0;100.0;8.0;2.0;40.0;100.0;100.0
21099707;CENTRO DE ENSINO RAIMUNDO NONATO FERRO DO LAGO;2101202;Bacabal;2.0;1.0;CENSO_ESCOLAR_2024;30;8;418.25;10;396.27;10;420.42;8;427.85;10;6;60.0;240.0;400.0;1.0;1.0;0.0;1.0;0.0;0.0;0.0;0.0;1.0;0.0;1.0;0.0;1.0;1.0;1.0;4.0;1.0;1.0;0.0;1.0;0.0;0.0;0.0;12.0;5.0;5.0;0.0;3.0;75.0;1.0;20.0;4;3.0;75.0;6.0;2.0;40.0;41.67;41.67
21099855;CENTRO EDUCA MAIS ESTADO DO CEARA;2101202;Bacabal;2.0;1.0;CENSO_ESCOLAR_2024;128;86;449.73;87;439.56;87;473.42;86;460.86;87;74;85.06;498.85;586.49;1.0;1.0;0.0;1.0;1.0;1.0;1.0;1.0;1.0;1.0;1.0;1.0;1.0;1.0;4.0;2.0;0.0;1.0;1.0;0.0;0.0;0.0;0.0;11.0;2.0;11.0;1.0;3.0;75.0;5.0;100.0;4;4.0;100.0;6.0;2.0;40.0;18.18;100.0
21099979;CENTRO DE ENSINO MANOEL CAMPOS SOUSA;2101202;Bacabal;2.0;1.0;CENSO_ESCOLAR_2024;55;23;423.0;25;432.37;25;476.11;23;436.56;25;21;84.0;483.2;575.24;1.0;1.0;0.0;1.0;1.0;1.0;0.0;0.0;1.0;0.0;1.0;1.0;0.0;1.0;0.0;0.0;0.0;1.0;0.0;1.0;0.0;0.0;0.0;9.0;0.0;1.0;1.0;3.0;75.0;2.0;40.0;4;3.0;75.0;0.0;2.0;40.0;0.0;11.11
21100560;COLEGIO MILITAR TIRADENTES III - BACABAL;2101202;Bacabal;2.0;1.0;CENSO_ESCOLAR_2024;102;101;524.98;102;559.03;102;544.15;101;584.03;102;102;100.0;872.75;872.75;1.0;1.0;1.0;1.0;1.0;1.0;1.0;1.0;1.0;1.0;1.0;1.0;1.0;1.0;8.0;5.0;0.0;1.0;1.0;1.0;1.0;1.0;0.0;10.0;10.0;10.0;1.0;4.0;100.0;5.0;100.0;4;4.0;100.0;13.0;5.0;100.0;100.0;100.0
21100640;CENTRO DE ENSINO ARIMATHEA CYSNE;2101202;Bacabal;2.0;1.0;CENSO_ESCOLAR_2024;18;10;429.63;9;487.16;9;472.53;10;493.16;9;8;88.89;526.67;592.5;1.0;1.0;0.0;1.0;1.0;1.0;1.0;1.0;0.0;0.0;1.0;1.0;0.0;1.0;6.0;2.0;0.0;1.0;0.0;0.0;0.0;0.0;0.0;6.0;3.0;0.0;1.0;3.0;75.0;3.0;60.0;4;3.0;75.0;8.0;1.0;20.0;50.0;0.0
21101477;CENTRO DE EDUCACAO QUILOMBOLA PROFESSORA MARIA CLEUZA SILVA DE OLIVEIRA;2101202;Bacabal;2.0;2.0;CENSO_ESCOLAR_2024;14;8;417.1;8;426.92;8;390.59;8;455.62;8;7;87.5;385.0;440.0;1.0;1.0;1.0;1.0;1.0;1.0;0.0;0.0;1.0;0.0;1.0;1.0;1.0;1.0;20.0;0.0;40.0;1.0;1.0;0.0;0.0;0.0;0.0;8.0;0.0;8.0;1.0;4.0;100.0;2.0;40.0;4;4.0;100.0;60.0;2.0;40.0;0.0;100.0
21101485;CENTRO DE ENSINO ELISA MONTEIRO;2101202;Bacabal;2.0;1.0;CENSO_ESCOLAR_2024;12;8;417.01;9;440.77;9;436.26;8;440.58;9;7;77.78;400.0;514.29;1.0;1.0;1.0;1.0;1.0;1.0;0.0;0.0;0.0;0.0;1.0;1.0;0.0;1.0;0.0;0.0;0.0;1.0;0.0;1.0;0.0;0.0;0.0;17.0;0.0;6.0;1.0;4.0;100.0;1.0;20.0;4;3.0;75.0;0.0;2.0;40.0;0.0;35.29
21101523;CENTRO EDUCA MAIS PROFESSORA ISABEL CASTRO VIANA;2101202;Bacabal;2.0;1.0;CENSO_ESCOLAR_2024;64;21;432.33;28;439.6;28;456.25;21;441.23;28;24;85.71;438.57;511.67;1.0;1.0;0.0;1.0;1.0;1.0;0.0;1.0;1.0;0.0;1.0;0.0;1.0;1.0;12.0;1.0;0.0;0.0;0.0;1.0;0.0;0.0;0.0;12.0;1.0;2.0;1.0;3.0;75.0;3.0;60.0;4;3.0;75.0;13.0;1.0;20.0;8.33;16.67
21102740;CENTRO DE ENSINO JOAO ALMEIDA;2104008;Esperantinópolis;2.0;1.0;CENSO_ESCOLAR_2024;66;60;459.15;61;478.7;61;495.41;60;481.78;61;58;95.08;669.84;704.48;1.0;1.0;1.0;1.0;1.0;1.0;1.0;1.0;0.0;0.0;1.0;1.0;1.0;1.0;13.0;0.0;0.0;1.0;0.0;1.0;0.0;0.0;0.0;6.0;6.0;6.0;1.0;4.0;100.0;3.0;60.0;4;4.0;100.0;13.0;2.0;40.0;100.0;100.0
21102759;CENTRO DE ENSINO ANTONIO CORREA;2104008;Esperantinópolis;2.0;1.0;CENSO_ESCOLAR_2024;50;42;431.86;42;437.23;42;468.15;42;467.37;42;34;80.95;485.24;599.41;1.0;1.0;0.0;1.0;1.0;1.0;1.0;1.0;1.0;0.0;1.0;0.0;0.0;1.0;0.0;0.0;0.0;0.0;0.0;1.0;0.0;0.0;0.0;8.0;8.0;8.0;1.0;3.0;75.0;4.0;80.0;4;2.0;50.0;0.0;1.0;20.0;100.0;100.0
21103321;CENTRO DE ENSINO CHAGAS COSTA;2105203;Igarapé Grande;2.0;1.0;CENSO_ESCOLAR_2024;88;51;448.62;55;416.27;55;455.76;51;450.77;55;47;85.45;432.36;505.96;1.0;1.0;0.0;1.0;0.0;0.0;0.0;1.0;0.0;0.0;1.0;0.0;1.0;1.0;10.0;0.0;0.0;1.0;0.0;1.0;0.0;0.0;0.0;6.0;6.0;6.0;0.0;3.0;75.0;1.0;20.0;4;3.0;75.0;10.0;2.0;40.0;100.0;100.0
21103402;CENTRO DE ENSINO ELEUTERIO ROCHA;2101939;Bernardo do Mearim;2.0;1.0;CENSO_ESCOLAR_2024;47;28;440.68;28;440.28;28;460.28;28;440.51;28;22;78.57;460.0;585.45;1.0;1.0;0.0;1.0;0.0;1.0;0.0;0.0;0.0;0.0;1.0;0.0;0.0;1.0;1.0;0.0;0.0;1.0;1.0;1.0;0.0;0.0;0.0;7.0;7.0;7.0;1.0;3.0;75.0;1.0;20.0;4;2.0;50.0;1.0;3.0;60.0;100.0;100.0
21104140;CENTRO DE ENSINO JOSE MALAQUIAS;2105807;Lago do Junco;2.0;1.0;CENSO_ESCOLAR_2024;68;47;440.03;48;442.84;48;465.81;47;468.41;48;44;91.67;570.83;622.73;1.0;1.0;0.0;1.0;1.0;1.0;1.0;1.0;1.0;0.0;1.0;1.0;1.0;1.0;2.0;0.0;0.0;1.0;0.0;1.0;1.0;0.0;0.0;5.0;5.0;5.0;1.0;3.0;75.0;4.0;80.0;4;4.0;100.0;2.0;3.0;60.0;100.0;100.0
21104220;CENTRO DE ENSINO HOSANO GOMES FERREIRA;2105948;Lago dos Rodrigues;2.0;1.0;CENSO_ESCOLAR_2024;78;60;449.94;61;460.56;61;484.77;60;467.93;61;57;93.44;625.9;669.82;1.0;1.0;0.0;1.0;1.0;1.0;1.0;1.0;0.0;0.0;1.0;1.0;0.0;1.0;2.0;10.0;0.0;1.0;0.0;1.0;0.0;0.0;0.0;7.0;7.0;7.0;1.0;3.0;75.0;3.0;60.0;4;3.0;75.0;12.0;2.0;40.0;100.0;100.0
21104832;CENTRO DE ENSINO ARTUR LINHARES;2105906;Lago Verde;2.0;1.0;CENSO_ESCOLAR_2024;93;71;432.73;72;427.69;72;443.89;71;459.81;72;66;91.67;596.11;650.3;1.0;1.0;0.0;1.0;0.0;0.0;1.0;1.0;1.0;0.0;1.0;1.0;1.0;1.0;0.0;0.0;0.0;1.0;1.0;1.0;0.0;0.0;0.0;6.0;6.0;6.0;0.0;3.0;75.0;3.0;60.0;4;4.0;100.0;0.0;3.0;60.0;100.0;100.0
21104840;CENTRO EDUCA MAIS JOHN KENNEDY;2105906;Lago Verde;2.0;1.0;CENSO_ESCOLAR_2024;62;31;420.54;33;411.0;33;448.18;31;436.02;33;29;87.88;496.97;565.52;1.0;1.0;0.0;1.0;1.0;1.0;0.0;0.0;0.0;0.0;1.0;1.0;0.0;1.0;0.0;0.0;0.0;1.0;0.0;1.0;0.0;0.0;0.0;9.0;9.0;9.0;1.0;3.0;75.0;1.0;20.0;4;3.0;75.0;0.0;2.0;40.0;100.0;100.0
21105383;CENTRO DE ENSINO NEWTON BELLO;2106003;Lima Campos;2.0;1.0;CENSO_ESCOLAR_2024;67;40;443.25;42;440.24;42;469.06;40;445.63;42;36;85.71;428.1;499.44;1.0;1.0;0.0;1.0;0.0;1.0;0.0;0.0;0.0;0.0;1.0;1.0;1.0;1.0;1.0;4.0;0.0;1.0;0.0;1.0;0.0;0.0;0.0;6.0;6.0;6.0;1.0;3.0;75.0;1.0;20.0;4;4.0;100.0;5.0;2.0;40.0;100.0;100.0
21105901;CENTRO DE ENSINO JOSE DE MATOS OLIVEIRA;2107407;Olho d'Água das Cunhãs;2.0;1.0;CENSO_ESCOLAR_2024;76;62;446.8;64;452.2;64;466.77;62;449.58;64;59;92.19;539.69;585.42;1.0;1.0;0.0;1.0;1.0;1.0;0.0;1.0;1.0;0.0;1.0;1.0;1.0;1.0;0.0;0.0;0.0;1.0;0.0;1.0;0.0;0.0;0.0;17.0;8.0;0.0;1.0;3.0;75.0;3.0;60.0;4;4.0;100.0;0.0;2.0;40.0;47.06;0.0
21107157;CENTRO EDUCA MAIS OLINDINA NUNES FREIRE;2108207;Pedreiras;2.0;1.0;CENSO_ESCOLAR_2024;153;135;461.8;140;483.37;140;504.44;135;510.1;140;129;92.14;668.0;724.96;1.0;1.0;1.0;1.0;1.0;1.0;1.0;1.0;1.0;1.0;1.0;1.0;1.0;1.0;0.0;3.0;0.0;1.0;1.0;0.0;0.0;0.0;1.0;14.0;14.0;14.0;1.0;4.0;100.0;5.0;100.0;4;4.0;100.0;3.0;2.0;40.0;100.0;100.0
21107203;CENTRO DE ENSINO NEWTON BELLO;2112233;Trizidela do Vale;2.0;1.0;CENSO_ESCOLAR_2024;69;53;440.28;56;463.12;56;474.53;53;451.14;56;51;91.07;518.21;569.02;1.0;1.0;1.0;1.0;1.0;1.0;1.0;0.0;0.0;0.0;1.0;1.0;0.0;1.0;0.0;2.0;0.0;1.0;1.0;1.0;0.0;0.0;0.0;9.0;9.0;9.0;1.0;4.0;100.0;2.0;40.0;4;3.0;75.0;2.0;3.0;60.0;100.0;100.0
21107246;CENTRO DE ENSINO OSCAR GALVAO;2108207;Pedreiras;2.0;1.0;CENSO_ESCOLAR_2024;242;156;447.28;176;440.5;176;474.82;156;458.09;176;139;78.98;464.55;588.2;1.0;1.0;1.0;1.0;1.0;1.0;1.0;1.0;0.0;1.0;1.0;1.0;1.0;1.0;3.0;4.0;0.0;1.0;1.0;1.0;0.0;0.0;0.0;13.0;13.0;13.0;1.0;4.0;100.0;4.0;80.0;4;4.0;100.0;7.0;3.0;60.0;100.0;100.0
21108269;CENTRO DE ENSINO ESTADO DE SERGIPE;2111722;Satubinha;2.0;1.0;CENSO_ESCOLAR_2024;45;33;440.94;35;457.72;35;475.29;33;454.21;35;35;100.0;601.71;601.71;1.0;1.0;0.0;1.0;0.0;0.0;0.0;0.0;0.0;0.0;1.0;0.0;1.0;1.0;0.0;0.0;0.0;1.0;0.0;1.0;0.0;0.0;0.0;11.0;0.0;7.0;0.0;3.0;75.0;0.0;0.0;4;3.0;75.0;0.0;2.0;40.0;0.0;63.64
21108285;CENTRO EDUCA MAIS JANSEN VELOSO;2108702;Pio XII;2.0;1.0;CENSO_ESCOLAR_2024;104;82;450.3;87;460.9;87;475.78;82;466.48;87;79;90.8;588.74;648.35;1.0;1.0;0.0;1.0;1.0;1.0;0.0;1.0;1.0;0.0;1.0;1.0;1.0;1.0;0.0;1.0;0.0;1.0;1.0;1.0;1.0;0.0;0.0;7.0;7.0;1.0;1.0;3.0;75.0;3.0;60.0;4;4.0;100.0;1.0;4.0;80.0;100.0;14.29
21109184;CENTRO DE ENSINO JOAQUIM SALVIANO;2108900;Poção de Pedras;2.0;1.0;CENSO_ESCOLAR_2024;81;67;436.18;70;455.31;70;473.01;67;456.0;70;63;90.0;558.29;620.32;1.0;1.0;1.0;1.0;0.0;0.0;1.0;1.0;0.0;0.0;1.0;1.0;1.0;1.0;19.0;4.0;0.0;1.0;1.0;1.0;0.0;0.0;0.0;7.0;7.0;7.0;0.0;4.0;100.0;2.0;40.0;4;4.0;100.0;23.0;3.0;60.0;100.0;100.0
21110069;CENTRO EDUCA MAIS DR GENESIO REGO;2110302;Santo Antônio dos Lopes;2.0;1.0;CENSO_ESCOLAR_2024;88;68;462.06;68;467.39;68;491.02;68;473.81;68;65;95.59;637.06;666.46;1.0;1.0;0.0;1.0;1.0;1.0;0.0;0.0;1.0;0.0;1.0;0.0;0.0;1.0;0.0;0.0;0.0;1.0;0.0;1.0;0.0;0.0;0.0;9.0;9.0;9.0;1.0;3.0;75.0;2.0;40.0;4;2.0;50.0;0.0;2.0;40.0;100.0;100.0
21111561;CENTRO DE ENSINO NAZARE RAMOS;2111409;São Luís Gonzaga do Maranhão;2.0;1.0;CENSO_ESCOLAR_2024;172;120;433.06;125;425.26;125;448.9;120;456.76;125;107;85.6;461.12;538.69;1.0;1.0;1.0;1.0;1.0;1.0;1.0;0.0;0.0;0.0;1.0;1.0;1.0;1.0;0.0;1.0;0.0;1.0;1.0;1.0;0.0;0.0;0.0;9.0;4.0;9.0;1.0;4.0;100.0;2.0;40.0;4;4.0;100.0;1.0;3.0;60.0;44.44;100.0
21112398;CENTRO DE ENSINO ALVES CARDOSO;2111508;São Mateus do Maranhão;2.0;1.0;CENSO_ESCOLAR_2024;152;124;445.65;133;457.33;133;484.16;124;472.97;133;120;90.23;614.14;680.67;1.0;1.0;0.0;1.0;1.0;1.0;0.0;0.0;1.0;0.0;1.0;1.0;0.0;1.0;0.0;3.0;0.0;1.0;1.0;1.0;0.0;0.0;0.0;10.0;10.0;10.0;1.0;3.0;75.0;2.0;40.0;4;3.0;75.0;3.0;3.0;60.0;100.0;100.0
21112401;CENTRO EDUCA MAIS SAO JOSE;2111508;São Mateus do Maranhão;2.0;1.0;CENSO_ESCOLAR_2024;22;15;421.21;15;455.19;15;454.51;15;433.55;15;14;93.33;514.67;551.43;1.0;1.0;0.0;1.0;1.0;1.0;0.0;0.0;1.0;1.0;1.0;0.0;0.0;1.0;1.0;2.0;0.0;1.0;0.0;0.0;0.0;0.0;0.0;6.0;6.0;6.0;1.0;3.0;75.0;3.0;60.0;4;2.0;50.0;3.0;1.0;20.0;100.0;100.0
21112410;CENTRO DE ENSINO LUIS AUGUSTO BARROS;2111508;São Mateus do Maranhão;2.0;1.0;CENSO_ESCOLAR_2024;137;49;437.76;53;427.25;53;450.02;49;447.0;53;41;77.36;427.92;553.17;1.0;1.0;0.0;1.0;1.0;1.0;0.0;1.0;0.0;0.0;1.0;1.0;1.0;1.0;3.0;0.0;2.0;1.0;1.0;1.0;0.0;0.0;0.0;9.0;9.0;9.0;1.0;3.0;75.0;2.0;40.0;4;4.0;100.0;5.0;3.0;60.0;100.0;100.0
21114200;CENTRO DE ENSINO FELIPE DE BARROS LIMA;2100956;Arame;2.0;1.0;CENSO_ESCOLAR_2024;58;35;443.44;37;443.16;37;477.82;35;467.29;37;34;91.89;577.3;628.24;1.0;1.0;0.0;1.0;1.0;1.0;0.0;0.0;0.0;0.0;1.0;0.0;0.0;1.0;2.0;0.0;0.0;0.0;0.0;1.0;0.0;0.0;0.0;8.0;5.0;0.0;1.0;3.0;75.0;1.0;20.0;4;2.0;50.0;2.0;1.0;20.0;62.5;0.0
21114218;CENTRO EDUCA MAIS BEM ONY GOMES;2100956;Arame;2.0;1.0;CENSO_ESCOLAR_2024;112;86;464.97;88;464.93;88;483.95;86;478.53;88;79;89.77;583.64;650.13;1.0;1.0;0.0;1.0;1.0;1.0;0.0;0.0;0.0;0.0;1.0;0.0;0.0;1.0;0.0;2.0;0.0;1.0;0.0;0.0;0.0;0.0;0.0;7.0;7.0;7.0;1.0;3.0;75.0;1.0;20.0;4;2.0;50.0;2.0;1.0;20.0;100.0;100.0
21114234;CENTRO DE ENSINO PROFESSOR GALENO EDGAR BRANDES;2101608;Barra do Corda;2.0;1.0;CENSO_ESCOLAR_2024;11;6;451.98;6;398.65;6;443.15;6;445.88;6;5;83.33;473.33;568.0;1.0;1.0;0.0;1.0;0.0;0.0;0.0;0.0;1.0;0.0;1.0;1.0;0.0;1.0;2.0;2.0;0.0;0.0;0.0;1.0;0.0;0.0;0.0;6.0;4.0;6.0;0.0;3.0;75.0;1.0;20.0;4;3.0;75.0;4.0;1.0;20.0;66.67;100.0
21118582;CENTRO DE ENSINO ARDALIAO AMERICO PIRES;2101608;Barra do Corda;2.0;1.0;CENSO_ESCOLAR_2024;68;48;446.97;51;438.5;51;468.42;48;462.15;51;41;80.39;451.76;561.95;1.0;1.0;0.0;1.0;1.0;1.0;0.0;1.0;1.0;1.0;1.0;1.0;1.0;1.0;3.0;0.0;0.0;1.0;0.0;1.0;0.0;0.0;0.0;6.0;6.0;2.0;1.0;3.0;75.0;4.0;80.0;4;4.0;100.0;3.0;2.0;40.0;100.0;33.33
21118590;CENTRO EDUCA MAIS DOM MARCELINO DE MILAO;2101608;Barra do Corda;2.0;1.0;CENSO_ESCOLAR_2024;99;87;451.26;90;478.54;90;493.88;87;505.2;90;86;95.56;709.33;742.33;1.0;1.0;0.0;1.0;1.0;1.0;1.0;1.0;0.0;1.0;1.0;1.0;1.0;1.0;10.0;3.0;0.0;1.0;0.0;1.0;0.0;0.0;0.0;9.0;9.0;9.0;1.0;3.0;75.0;4.0;80.0;4;4.0;100.0;13.0;2.0;40.0;100.0;100.0
21118604;CENTRO DE ENSINO PIO XI;2101608;Barra do Corda;2.0;1.0;CENSO_ESCOLAR_2024;101;85;454.54;90;471.55;90;485.79;85;482.64;90;85;94.44;587.11;621.65;1.0;1.0;0.0;1.0;1.0;1.0;0.0;1.0;1.0;1.0;1.0;1.0;1.0;0.0;12.0;0.0;0.0;1.0;0.0;1.0;1.0;0.0;0.0;8.0;8.0;0.0;1.0;3.0;75.0;4.0;80.0;4;3.0;75.0;12.0;3.0;60.0;100.0;0.0
21118655;CENTRO DE ENSINO LIVINO DE SOUZA REZENDE;2104800;Grajaú;2.0;1.0;CENSO_ESCOLAR_2024;42;35;427.69;35;432.55;35;461.01;35;448.47;35;30;85.71;506.86;591.33;1.0;1.0;0.0;1.0;1.0;1.0;0.0;0.0;1.0;0.0;1.0;0.0;0.0;1.0;1.0;0.0;0.0;1.0;0.0;1.0;0.0;0.0;0.0;8.0;8.0;0.0;1.0;3.0;75.0;2.0;40.0;4;2.0;50.0;1.0;2.0;40.0;100.0;0.0
21118841;CENTRO DE ENSINO NICOLAU DINO;2104800;Grajaú;2.0;1.0;CENSO_ESCOLAR_2024;123;98;448.85;103;463.4;103;487.42;98;451.23;103;92;89.32;551.26;617.17;1.0;1.0;0.0;1.0;0.0;1.0;0.0;1.0;0.0;0.0;1.0;0.0;1.0;1.0;6.0;0.0;0.0;1.0;0.0;1.0;0.0;0.0;0.0;10.0;10.0;0.0;1.0;3.0;75.0;2.0;40.0;4;3.0;75.0;6.0;2.0;40.0;100.0;0.0
21122334;CENTRO EDUCA MAIS PROFESSOR DIMAS SIMAS LIMA;2104800;Grajaú;2.0;1.0;CENSO_ESCOLAR_2024;143;112;447.43;113;440.0;113;467.2;112;451.25;113;102;90.27;561.59;622.16;1.0;1.0;0.0;1.0;0.0;1.0;0.0;0.0;0.0;0.0;1.0;1.0;0.0;1.0;0.0;0.0;0.0;0.0;0.0;1.0;0.0;0.0;0.0;10.0;10.0;10.0;1.0;3.0;75.0;1.0;20.0;4;3.0;75.0;0.0;1.0;20.0;100.0;100.0
21122342;CENTRO EDUCA MAIS AMARAL RAPOSO;2104800;Grajaú;2.0;1.0;CENSO_ESCOLAR_2024;38;35;468.47;35;466.87;35;491.16;35;473.17;35;35;100.0;646.86;646.86;1.0;1.0;0.0;1.0;1.0;1.0;1.0;1.0;1.0;1.0;1.0;1.0;1.0;1.0;0.0;3.0;0.0;1.0;0.0;1.0;0.0;0.0;0.0;12.0;8.0;0.0;1.0;3.0;75.0;5.0;100.0;4;4.0;100.0;3.0;2.0;40.0;66.67;0.0
21122369;CENTRO DE ENSINO URBANO SANTOS;2104800;Grajaú;2.0;1.0;CENSO_ESCOLAR_2024;26;13;426.78;15;409.16;15;464.05;13;438.57;15;14;93.33;420.0;450.0;1.0;1.0;0.0;1.0;1.0;1.0;0.0;0.0;1.0;0.0;1.0;1.0;1.0;1.0;1.0;1.0;0.0;1.0;0.0;1.0;0.0;0.0;0.0;12.0;6.0;6.0;1.0;3.0;75.0;2.0;40.0;4;4.0;100.0;2.0;2.0;40.0;50.0;50.0
21123012;CENTRO DE ENSINO DR NEWTON BELLO;2105609;Joselândia;2.0;1.0;CENSO_ESCOLAR_2024;76;52;459.36;58;457.89;58;484.71;52;482.89;58;47;81.03;483.79;597.02;1.0;1.0;1.0;1.0;1.0;1.0;0.0;0.0;0.0;0.0;1.0;1.0;1.0;1.0;0.0;1.0;0.0;1.0;0.0;1.0;1.0;0.0;0.0;8.0;8.0;8.0;1.0;4.0;100.0;1.0;20.0;4;4.0;100.0;1.0;3.0;60.0;100.0;100.0
21124639;CENTRO DE ENSINO PARSONDAS DE CARVALHO;2111805;Sítio Novo;2.0;1.0;CENSO_ESCOLAR_2024;92;78;443.43;80;432.98;80;459.56;78;456.44;80;73;91.25;523.25;573.42;1.0;1.0;1.0;1.0;1.0;1.0;0.0;1.0;0.0;0.0;1.0;1.0;1.0;1.0;9.0;1.0;0.0;1.0;0.0;1.0;1.0;0.0;0.0;6.0;6.0;6.0;1.0;4.0;100.0;2.0;40.0;4;4.0;100.0;10.0;3.0;60.0;100.0;100.0
21126577;CENTRO EDUCA MAIS ISAAC MARTINS;2112308;Tuntum;2.0;1.0;CENSO_ESCOLAR_2024;48;34;457.47;36;443.48;36;455.08;34;478.23;36;28;77.78;500.0;642.86;0.0;1.0;0.0;1.0;0.0;0.0;0.0;0.0;0.0;0.0;1.0;0.0;0.0;1.0;2.0;1.0;0.0;1.0;0.0;1.0;0.0;0.0;0.0;6.0;6.0;6.0;0.0;2.0;50.0;0.0;0.0;4;2.0;50.0;3.0;2.0;40.0;100.0;100.0
21126593;CENTRO DE ENSINO JOSE PINHEIRO COELHO;2112308;Tuntum;2.0;1.0;CENSO_ESCOLAR_2024;46;27;442.84;30;459.1;30;484.8;27;445.31;30;30;100.0;577.33;577.33;1.0;1.0;0.0;1.0;0.0;0.0;0.0;0.0;0.0;0.0;1.0;0.0;0.0;1.0;0.0;0.0;0.0;0.0;0.0;1.0;0.0;0.0;0.0;5.0;0.0;3.0;0.0;3.0;75.0;0.0;0.0;4;2.0;50.0;0.0;1.0;20.0;0.0;60.0
21126607;CENTRO EDUCA MAIS ESTADO DO MARANHAO;2112308;Tuntum;2.0;1.0;CENSO_ESCOLAR_2024;64;58;473.75;61;461.06;61;495.76;58;494.77;61;54;88.52;622.95;703.7;1.0;1.0;0.0;1.0;1.0;1.0;1.0;1.0;0.0;0.0;1.0;1.0;1.0;1.0;9.0;2.0;0.0;1.0;0.0;1.0;0.0;0.0;0.0;7.0;7.0;0.0;1.0;3.0;75.0;3.0;60.0;4;4.0;100.0;11.0;2.0;40.0;100.0;0.0
21127328;CENTRO EDUCA MAIS ANA ISABEL TAVARES;2103802;Dom Pedro;2.0;1.0;CENSO_ESCOLAR_2024;77;75;496.77;75;537.67;75;529.35;75;570.81;75;74;98.67;796.0;806.76;1.0;1.0;0.0;1.0;1.0;1.0;1.0;1.0;1.0;1.0;1.0;1.0;1.0;1.0;19.0;1.0;0.0;1.0;0.0;1.0;0.0;0.0;0.0;8.0;8.0;8.0;1.0;3.0;75.0;5.0;100.0;4;4.0;100.0;20.0;2.0;40.0;100.0;100.0
21127336;CENTRO DE ENSINO GOVERNADOR LUIS ROCHA;2103802;Dom Pedro;2.0;1.0;CENSO_ESCOLAR_2024;102;87;448.33;90;466.97;90;491.48;87;471.13;90;84;93.33;686.89;735.95;1.0;1.0;0.0;1.0;1.0;1.0;0.0;0.0;0.0;0.0;1.0;0.0;1.0;1.0;1.0;0.0;0.0;1.0;0.0;1.0;0.0;0.0;0.0;6.0;6.0;6.0;1.0;3.0;75.0;1.0;20.0;4;3.0;75.0;1.0;2.0;40.0;100.0;100.0
21127646;CENTRO DE ENSINO ESTADO DO RIO DE JANEIRO;2104206;Fortuna;2.0;1.0;CENSO_ESCOLAR_2024;92;77;470.58;79;470.4;79;491.98;77;491.37;79;73;92.41;577.22;624.66;1.0;1.0;0.0;1.0;1.0;1.0;0.0;0.0;1.0;1.0;1.0;1.0;0.0;1.0;8.0;1.0;28.0;1.0;0.0;1.0;1.0;0.0;0.0;6.0;6.0;6.0;1.0;3.0;75.0;3.0;60.0;4;3.0;75.0;37.0;3.0;60.0;100.0;100.0
21128871;CENTRO DE ENSINO SULAMITA LUCIO DO NASCIMENTO;2104404;Gonçalves Dias;2.0;1.0;CENSO_ESCOLAR_2024;72;60;440.51;61;441.49;61;466.81;60;470.61;61;58;95.08;592.13;622.76;1.0;1.0;0.0;1.0;0.0;0.0;1.0;0.0;0.0;0.0;1.0;1.0;0.0;1.0;9.0;0.0;0.0;1.0;0.0;1.0;0.0;0.0;0.0;7.0;7.0;0.0;0.0;3.0;75.0;1.0;20.0;4;3.0;75.0;9.0;2.0;40.0;100.0;0.0
21129282;CENTRO DE ENSINO DEPUTADO PIRES SABOIA;2104503;Governador Archer;2.0;1.0;CENSO_ESCOLAR_2024;91;76;443.26;77;449.19;77;468.47;76;455.62;77;68;88.31;515.06;583.24;0.0;1.0;0.0;1.0;1.0;1.0;0.0;0.0;0.0;0.0;1.0;1.0;0.0;1.0;0.0;3.0;1.0;1.0;1.0;1.0;0.0;0.0;0.0;5.0;5.0;5.0;1.0;2.0;50.0;1.0;20.0;4;3.0;75.0;4.0;3.0;60.0;100.0;100.0
21129991;CENTRO DE ENSINO DIAS CARNEIRO;2104602;Governador Eugênio Barros;2.0;1.0;CENSO_ESCOLAR_2024;68;56;464.79;58;451.66;58;473.31;56;471.81;58;48;82.76;565.86;683.75;1.0;1.0;0.0;1.0;0.0;0.0;0.0;0.0;0.0;0.0;1.0;0.0;0.0;0.0;0.0;0.0;0.0;0.0;0.0;1.0;0.0;0.0;0.0;6.0;0.0;0.0;0.0;3.0;75.0;0.0;0.0;4;1.0;25.0;0.0;1.0;20.0;0.0;0.0
21130485;CENTRO DE ENSINO HUMBERTO DE CAMPOS;2104701;Graça Aranha;2.0;1.0;CENSO_ESCOLAR_2024;50;39;424.38;39;453.61;39;477.14;39;440.83;39;37;94.87;631.28;665.41;1.0;1.0;0.0;1.0;1.0;1.0;0.0;1.0;1.0;0.0;1.0;0.0;1.0;1.0;10.0;1.0;0.0;1.0;0.0;0.0;0.0;0.0;0.0;5.0;2.0;0.0;1.0;3.0;75.0;3.0;60.0;4;3.0;75.0;11.0;1.0;20.0;40.0;0.0
21131368;CENTRO DE ENSINO GOVERNADOR LUIS ROCHA;2109106;Presidente Dutra;2.0;1.0;CENSO_ESCOLAR_2024;15;9;444.17;11;419.94;11;456.89;9;441.77;11;7;63.64;325.45;511.43;1.0;1.0;0.0;1.0;1.0;1.0;0.0;0.0;1.0;0.0;1.0;0.0;0.0;0.0;2.0;0.0;0.0;1.0;0.0;1.0;0.0;0.0;0.0;8.0;0.0;0.0;1.0;3.0;75.0;2.0;40.0;4;1.0;25.0;2.0;2.0;40.0;0.0;0.0
21131384;CENTRO DE ENSINO DARCY VARGAS;2111250;São José dos Basílios;2.0;1.0;CENSO_ESCOLAR_2024;64;50;427.53;52;453.77;52;468.88;50;470.18;52;45;86.54;533.85;616.89;1.0;1.0;0.0;1.0;0.0;0.0;0.0;0.0;1.0;0.0;1.0;1.0;0.0;0.0;0.0;1.0;0.0;1.0;0.0;1.0;0.0;0.0;0.0;5.0;5.0;5.0;0.0;3.0;75.0;1.0;20.0;4;2.0;50.0;1.0;2.0;40.0;100.0;100.0
21131392;CENTRO DE ENSINO EURICO RIBEIRO;2109106;Presidente Dutra;2.0;2.0;CENSO_ESCOLAR_2024;24;4;428.95;5;362.72;5;399.0;4;450.15;5;2;40.0;168.0;420.0;0.0;1.0;0.0;1.0;0.0;1.0;0.0;0.0;0.0;0.0;1.0;1.0;1.0;1.0;0.0;3.0;0.0;1.0;0.0;1.0;0.0;0.0;0.0;3.0;0.0;2.0;1.0;2.0;50.0;1.0;20.0;4;4.0;100.0;3.0;2.0;40.0;0.0;66.67
21131422;CENTRO DE ENSINO PADRE ANCHIETA;2109106;Presidente Dutra;2.0;1.0;CENSO_ESCOLAR_2024;142;106;450.28;112;445.05;112;473.43;106;469.38;112;109;97.32;612.14;628.99;1.0;1.0;0.0;1.0;1.0;1.0;0.0;0.0;1.0;0.0;1.0;0.0;0.0;1.0;0.0;0.0;0.0;1.0;1.0;1.0;0.0;0.0;0.0;10.0;10.0;10.0;1.0;3.0;75.0;2.0;40.0;4;2.0;50.0;0.0;3.0;60.0;100.0;100.0
21131899;CENTRO EDUCA MAIS DEPUTADO LUIS ROCHA;2110708;São Domingos do Maranhão;2.0;1.0;CENSO_ESCOLAR_2024;152;130;455.28;131;465.52;131;487.15;130;487.68;131;120;91.6;686.11;749.0;1.0;1.0;0.0;1.0;1.0;1.0;0.0;0.0;1.0;0.0;1.0;1.0;0.0;1.0;0.0;1.0;2.0;1.0;1.0;1.0;0.0;0.0;0.0;8.0;0.0;8.0;1.0;3.0;75.0;2.0;40.0;4;3.0;75.0;3.0;3.0;60.0;0.0;100.0
21131970;CENTRO DE ENSINO HORACIO ALVES DE ANDRADE;2110708;São Domingos do Maranhão;2.0;1.0;CENSO_ESCOLAR_2024;61;38;462.25;41;449.94;41;469.13;38;458.41;41;36;87.8;493.66;562.22;1.0;1.0;0.0;1.0;1.0;1.0;1.0;1.0;0.0;0.0;1.0;0.0;0.0;0.0;13.0;1.0;0.0;0.0;0.0;1.0;0.0;0.0;0.0;10.0;10.0;2.0;1.0;3.0;75.0;3.0;60.0;4;1.0;25.0;14.0;1.0;20.0;100.0;20.0
21134200;CENTRO EDUCA MAIS LUIS VIANA;2100907;Araioses;2.0;2.0;CENSO_ESCOLAR_2024;58;38;428.74;39;431.09;39;455.93;38;430.54;39;32;82.05;457.95;558.12;1.0;1.0;1.0;1.0;1.0;1.0;1.0;1.0;1.0;1.0;1.0;0.0;0.0;1.0;0.0;0.0;0.0;1.0;0.0;1.0;0.0;0.0;0.0;8.0;8.0;8.0;1.0;4.0;100.0;5.0;100.0;4;2.0;50.0;0.0;2.0;40.0;100.0;100.0
21134219;CENTRO EDUCA MAIS VEREADORA NEIDE COSTA;2100154;Água Doce do Maranhão;2.0;2.0;CENSO_ESCOLAR_2024;124;112;444.22;113;460.85;113;483.96;112;478.93;113;103;91.15;608.32;667.38;1.0;1.0;0.0;1.0;1.0;1.0;0.0;0.0;1.0;0.0;1.0;0.0;0.0;1.0;0.0;1.0;1.0;1.0;0.0;1.0;0.0;0.0;0.0;6.0;6.0;0.0;1.0;3.0;75.0;2.0;40.0;4;2.0;50.0;2.0;2.0;40.0;100.0;0.0
21134227;CENTRO DE ENSINO JOSE VIEIRA DA SILVA;2100154;Água Doce do Maranhão;2.0;1.0;CENSO_ESCOLAR_2024;64;57;442.93;58;444.26;58;468.31;57;440.09;58;55;94.83;589.31;621.45;1.0;1.0;0.0;1.0;1.0;1.0;0.0;0.0;1.0;0.0;1.0;1.0;1.0;1.0;2.0;0.0;1.0;1.0;0.0;1.0;0.0;0.0;0.0;6.0;2.0;6.0;1.0;3.0;75.0;2.0;40.0;4;4.0;100.0;3.0;2.0;40.0;33.33;100.0
21134235;CENTRO DE ENSINO HUMBERTO DE CAMPOS;2100907;Araioses;2.0;1.0;CENSO_ESCOLAR_2024;69;52;442.71;58;452.14;58;482.21;52;452.04;58;50;86.21;523.79;607.6;1.0;1.0;0.0;1.0;0.0;0.0;0.0;0.0;1.0;0.0;1.0;1.0;0.0;1.0;0.0;0.0;0.0;1.0;1.0;1.0;0.0;0.0;0.0;6.0;6.0;3.0;0.0;3.0;75.0;1.0;20.0;4;3.0;75.0;0.0;3.0;60.0;100.0;50.0
21136262;CENTRO EDUCA MAIS DEBORA CORREIA LIMA;2110609;São Bernardo;2.0;1.0;CENSO_ESCOLAR_2024;123;98;443.44;103;464.94;103;480.76;98;465.22;103;96;93.2;556.12;596.67;1.0;1.0;0.0;1.0;0.0;0.0;0.0;0.0;1.0;0.0;1.0;1.0;1.0;1.0;0.0;2.0;0.0;1.0;0.0;1.0;0.0;0.0;0.0;9.0;9.0;0.0;0.0;3.0;75.0;1.0;20.0;4;4.0;100.0;2.0;2.0;40.0;100.0;0.0
21136289;CENTRO DE ENSINO DR HENRIQUE COUTO;2110609;São Bernardo;2.0;1.0;CENSO_ESCOLAR_2024;55;40;428.28;43;416.0;43;438.62;40;437.08;43;35;81.4;456.28;560.57;1.0;1.0;0.0;1.0;0.0;0.0;0.0;0.0;1.0;0.0;1.0;1.0;1.0;0.0;1.0;2.0;0.0;1.0;0.0;1.0;0.0;0.0;0.0;6.0;4.0;6.0;0.0;3.0;75.0;1.0;20.0;4;3.0;75.0;3.0;2.0;40.0;66.67;100.0
21136904;CENTRO DE ENSINO DEPUTADO JULIO PIRES MONTELES;2100808;Anapurus;2.0;1.0;CENSO_ESCOLAR_2024;82;67;450.01;66;431.03;66;454.59;67;450.96;66;57;86.36;556.67;644.56;1.0;1.0;0.0;1.0;1.0;1.0;0.0;1.0;0.0;0.0;1.0;1.0;0.0;1.0;15.0;0.0;0.0;1.0;0.0;1.0;0.0;0.0;0.0;6.0;6.0;0.0;1.0;3.0;75.0;2.0;40.0;4;3.0;75.0;15.0;2.0;40.0;100.0;0.0
21138141;CENTRO DE ENSINO FRANCISCO MACATRAO;2102101;Brejo;2.0;1.0;CENSO_ESCOLAR_2024;59;41;423.15;45;409.48;45;443.28;41;441.2;45;40;88.89;531.56;598.0;1.0;1.0;0.0;1.0;1.0;1.0;0.0;1.0;0.0;0.0;1.0;0.0;0.0;1.0;1.0;0.0;0.0;1.0;0.0;1.0;0.0;0.0;0.0;6.0;0.0;6.0;1.0;3.0;75.0;2.0;40.0;4;2.0;50.0;1.0;2.0;40.0;0.0;100.0
21138192;CENTRO EDUCA MAIS CANDIDO MENDES;2102101;Brejo;2.0;1.0;CENSO_ESCOLAR_2024;110;66;427.14;71;436.61;71;448.76;66;447.6;71;61;85.92;553.24;643.93;1.0;1.0;0.0;1.0;1.0;1.0;1.0;1.0;1.0;0.0;1.0;0.0;0.0;1.0;0.0;4.0;40.0;1.0;1.0;1.0;0.0;0.0;0.0;8.0;8.0;0.0;1.0;3.0;75.0;4.0;80.0;4;2.0;50.0;44.0;3.0;60.0;100.0;0.0
21138249;CENTRO EDUCA MAIS MARIA LUIZA NOVAES VIANA;2102200;Buriti;2.0;1.0;CENSO_ESCOLAR_2024;126;80;428.46;82;442.91;82;463.83;80;453.48;82;73;89.02;504.15;566.3;1.0;1.0;0.0;1.0;1.0;1.0;1.0;1.0;1.0;0.0;1.0;1.0;1.0;1.0;4.0;0.0;0.0;1.0;0.0;1.0;0.0;0.0;0.0;14.0;12.0;12.0;1.0;3.0;75.0;4.0;80.0;4;4.0;100.0;4.0;2.0;40.0;85.71;85.71
21139652;CENTRO EDUCA MAIS RAIMUNDO ARAUJO;2103208;Chapadinha;2.0;1.0;CENSO_ESCOLAR_2024;145;139;457.73;142;472.28;142;478.48;139;493.3;142;141;99.3;677.75;682.55;1.0;1.0;0.0;1.0;1.0;1.0;1.0;1.0;0.0;0.0;1.0;1.0;1.0;1.0;20.0;0.0;0.0;1.0;0.0;1.0;0.0;0.0;0.0;11.0;11.0;0.0;1.0;3.0;75.0;3.0;60.0;4;4.0;100.0;20.0;2.0;40.0;100.0;0.0
21142513;CENTRO DE ENSINO DR PAULO RAMOS;2103208;Chapadinha;2.0;1.0;CENSO_ESCOLAR_2024;224;170;442.78;175;441.2;175;455.93;170;447.75;175;134;76.57;425.03;555.07;1.0;1.0;0.0;1.0;0.0;1.0;0.0;0.0;1.0;0.0;1.0;1.0;1.0;1.0;0.0;0.0;0.0;1.0;1.0;1.0;0.0;0.0;0.0;16.0;13.0;13.0;1.0;3.0;75.0;2.0;40.0;4;4.0;100.0;0.0;3.0;60.0;81.25;81.25
21143129;CENTRO DE ENSINO OLIVEIRA ROMA;2106409;Mata Roma;2.0;1.0;CENSO_ESCOLAR_2024;75;47;443.6;50;408.69;50;436.26;47;442.27;50;36;72.0;381.2;529.44;0.0;1.0;0.0;1.0;0.0;0.0;0.0;1.0;1.0;0.0;1.0;1.0;1.0;1.0;2.0;3.0;0.0;1.0;1.0;1.0;0.0;0.0;0.0;12.0;11.0;11.0;0.0;2.0;50.0;2.0;40.0;4;4.0;100.0;5.0;3.0;60.0;91.67;91.67
21143927;CENTRO DE ENSINO PROFESSOR LUIZ PINHO RODRIGUES;2110401;São Benedito do Rio Preto;2.0;1.0;CENSO_ESCOLAR_2024;128;94;437.88;100;418.6;100;445.21;94;443.23;100;87;87.0;489.6;562.76;1.0;1.0;0.0;1.0;0.0;0.0;0.0;0.0;0.0;0.0;1.0;0.0;1.0;1.0;1.0;0.0;0.0;1.0;0.0;1.0;0.0;0.0;0.0;14.0;10.0;10.0;0.0;3.0;75.0;0.0;0.0;4;3.0;75.0;1.0;2.0;40.0;71.43;71.43
21145342;CENTRO DE ENSINO ESTER FLORA DE ARAUJO;2112605;Urbano Santos;2.0;1.0;CENSO_ESCOLAR_2024;144;117;437.82;120;421.96;120;444.29;117;444.34;120;110;91.67;550.17;600.18;1.0;1.0;0.0;1.0;1.0;1.0;0.0;0.0;1.0;1.0;1.0;1.0;1.0;1.0;6.0;3.0;1.0;1.0;0.0;1.0;0.0;0.0;0.0;12.0;12.0;0.0;1.0;3.0;75.0;3.0;60.0;4;4.0;100.0;10.0;2.0;40.0;100.0;0.0
21145377;CENTRO DE ENSINO CEJA LUCIA BAYMA;2103307;Codó;2.0;1.0;CENSO_ESCOLAR_2024;194;162;440.89;166;443.75;166;466.68;162;462.84;166;151;90.96;573.37;630.33;1.0;1.0;1.0;1.0;0.0;1.0;0.0;0.0;0.0;0.0;1.0;0.0;1.0;1.0;5.0;1.0;0.0;1.0;0.0;1.0;0.0;0.0;0.0;9.0;9.0;9.0;1.0;4.0;100.0;1.0;20.0;4;3.0;75.0;6.0;2.0;40.0;100.0;100.0
21145520;CENTRO DE ENSINO LUZENIR MATTA ROMA;2103307;Codó;2.0;1.0;CENSO_ESCOLAR_2024;197;132;432.78;146;427.82;146;452.12;132;445.1;146;123;84.25;458.77;544.55;1.0;1.0;0.0;1.0;1.0;1.0;1.0;1.0;1.0;1.0;1.0;1.0;1.0;1.0;1.0;2.0;0.0;1.0;0.0;1.0;0.0;0.0;0.0;19.0;19.0;19.0;1.0;3.0;75.0;5.0;100.0;4;4.0;100.0;3.0;2.0;40.0;100.0;100.0
21148759;CENTRO DE ENSINO COLARES MOREIRA;2103307;Codó;2.0;1.0;CENSO_ESCOLAR_2024;170;146;439.24;151;457.88;151;476.69;146;461.12;151;137;90.73;573.91;632.55;1.0;1.0;1.0;1.0;1.0;1.0;1.0;1.0;1.0;0.0;1.0;0.0;1.0;1.0;8.0;2.0;0.0;1.0;0.0;1.0;0.0;0.0;0.0;8.0;8.0;8.0;1.0;4.0;100.0;4.0;80.0;4;3.0;75.0;10.0;2.0;40.0;100.0;100.0
21148910;CENTRO DE ENSINO RENE BAYMA;2103307;Codó;2.0;1.0;CENSO_ESCOLAR_2024;108;75;435.21;76;431.8;76;460.73;75;462.57;76;67;88.16;469.74;532.84;1.0;1.0;1.0;1.0;1.0;1.0;0.0;0.0;1.0;0.0;1.0;1.0;1.0;1.0;1.0;0.0;0.0;1.0;0.0;1.0;0.0;0.0;0.0;10.0;10.0;8.0;1.0;4.0;100.0;2.0;40.0;4;4.0;100.0;1.0;2.0;40.0;100.0;80.0
21148953;CENTRO DE ENSINO LUIZ MONTENEGRO TAVARES;2103604;Coroatá;2.0;1.0;CENSO_ESCOLAR_2024;47;29;431.66;30;425.96;30;466.02;29;454.28;30;25;83.33;515.33;618.4;1.0;1.0;0.0;1.0;1.0;1.0;1.0;1.0;1.0;1.0;1.0;0.0;0.0;0.0;0.0;5.0;0.0;1.0;0.0;0.0;0.0;0.0;0.0;10.0;10.0;5.0;1.0;3.0;75.0;5.0;100.0;4;1.0;25.0;5.0;1.0;20.0;100.0;50.0
21150290;CENTRO DE ENSINO FRANCISCO GONCALVES MAGALHAES;2103604;Coroatá;2.0;1.0;CENSO_ESCOLAR_2024;13;3;447.1;6;433.87;6;445.3;3;418.93;6;3;50.0;260.0;520.0;1.0;1.0;0.0;1.0;0.0;0.0;0.0;0.0;0.0;0.0;1.0;0.0;0.0;1.0;1.0;2.0;0.0;1.0;0.0;1.0;0.0;0.0;0.0;6.0;6.0;6.0;0.0;3.0;75.0;0.0;0.0;4;2.0;50.0;3.0;2.0;40.0;100.0;100.0
21150311;CENTRO DE ENSINO CLODOMIR MILET;2103604;Coroatá;2.0;1.0;CENSO_ESCOLAR_2024;38;22;429.02;26;438.66;26;455.33;22;431.76;26;24;92.31;547.69;593.33;1.0;1.0;0.0;1.0;1.0;1.0;0.0;0.0;1.0;0.0;1.0;0.0;0.0;1.0;0.0;1.0;0.0;1.0;1.0;1.0;0.0;0.0;0.0;8.0;7.0;1.0;1.0;3.0;75.0;2.0;40.0;4;2.0;50.0;1.0;3.0;60.0;87.5;12.5
21150320;CENTRO EDUCA MAIS ENGENHEIRO ROBERTO CUNHA;2108454;Peritoró;2.0;2.0;CENSO_ESCOLAR_2024;32;24;448.0;24;446.4;24;466.35;24;467.93;24;19;79.17;438.33;553.68;1.0;1.0;0.0;1.0;1.0;1.0;0.0;0.0;1.0;0.0;1.0;1.0;1.0;1.0;0.0;1.0;0.0;1.0;0.0;0.0;0.0;0.0;0.0;7.0;7.0;7.0;1.0;3.0;75.0;2.0;40.0;4;4.0;100.0;1.0;1.0;20.0;100.0;100.0
21150338;CENTRO DE ENSINO JOAO LISBOA;2103604;Coroatá;2.0;1.0;CENSO_ESCOLAR_2024;90;62;430.07;67;440.56;67;460.32;62;452.61;67;56;83.58;454.63;543.93;1.0;1.0;0.0;1.0;1.0;1.0;0.0;1.0;0.0;1.0;1.0;1.0;1.0;1.0;2.0;4.0;0.0;1.0;1.0;1.0;0.0;0.0;0.0;8.0;6.0;0.0;1.0;3.0;75.0;3.0;60.0;4;4.0;100.0;6.0;3.0;60.0;75.0;0.0
21150354;CENTRO DE ENSINO JOSE RIBAMAR MARAO;2100436;Alto Alegre do Maranhão;2.0;1.0;CENSO_ESCOLAR_2024;158;111;443.72;127;441.67;127;456.76;111;457.24;127;106;83.46;520.16;623.21;1.0;1.0;0.0;1.0;1.0;1.0;1.0;1.0;0.0;0.0;1.0;1.0;1.0;1.0;0.0;2.0;0.0;1.0;1.0;1.0;0.0;0.0;0.0;8.0;8.0;8.0;1.0;3.0;75.0;3.0;60.0;4;4.0;100.0;2.0;3.0;60.0;100.0;100.0
21150362;CENTRO DE ENSINO OLEGARIO TAVARES DA SILVA;2108454;Peritoró;2.0;2.0;CENSO_ESCOLAR_2024;25;16;441.68;17;437.96;17;444.32;16;461.51;17;14;82.35;555.29;674.29;1.0;1.0;0.0;1.0;0.0;0.0;0.0;0.0;1.0;0.0;1.0;1.0;0.0;1.0;0.0;0.0;0.0;1.0;0.0;1.0;0.0;0.0;0.0;10.0;1.0;0.0;0.0;3.0;75.0;1.0;20.0;4;3.0;75.0;0.0;2.0;40.0;10.0;0.0
21150435;CENTRO DE ENSINO MARIA JOSE DIAS TROVAO;2103604;Coroatá;2.0;1.0;CENSO_ESCOLAR_2024;78;55;445.11;59;460.26;59;472.09;55;439.76;59;55;93.22;565.76;606.91;1.0;1.0;0.0;1.0;1.0;1.0;0.0;0.0;1.0;0.0;1.0;0.0;0.0;0.0;4.0;0.0;0.0;1.0;0.0;1.0;0.0;0.0;0.0;10.0;9.0;0.0;1.0;3.0;75.0;2.0;40.0;4;1.0;25.0;4.0;2.0;40.0;90.0;0.0
21150443;CENTRO EDUCA MAIS HERMANO JOSE LEOPOLDINO FILHO;2103604;Coroatá;2.0;1.0;CENSO_ESCOLAR_2024;97;73;463.56;78;459.34;78;482.77;73;484.17;78;72;92.31;703.08;761.67;1.0;1.0;0.0;1.0;1.0;1.0;1.0;1.0;1.0;1.0;1.0;1.0;1.0;1.0;0.0;0.0;0.0;1.0;0.0;0.0;0.0;0.0;1.0;10.0;10.0;0.0;1.0;3.0;75.0;5.0;100.0;4;4.0;100.0;0.0;1.0;20.0;100.0;0.0
21150508;CENTRO DE ENSINO JOAO MOHANA;2108454;Peritoró;2.0;1.0;CENSO_ESCOLAR_2024;70;52;429.13;52;438.29;52;465.19;52;434.8;52;49;94.23;565.38;600.0;1.0;1.0;0.0;1.0;0.0;0.0;0.0;0.0;0.0;0.0;1.0;0.0;0.0;0.0;0.0;1.0;0.0;1.0;0.0;1.0;0.0;0.0;0.0;8.0;0.0;0.0;0.0;3.0;75.0;0.0;0.0;4;1.0;25.0;1.0;2.0;40.0;0.0;0.0
21151482;CENTRO DE ENSINO NEWTON NEVES;2112100;Timbiras;2.0;1.0;CENSO_ESCOLAR_2024;77;59;435.11;62;427.6;62;447.34;59;447.51;62;49;79.03;416.13;526.53;1.0;1.0;0.0;1.0;0.0;1.0;0.0;0.0;0.0;0.0;1.0;0.0;0.0;1.0;1.0;0.0;0.0;1.0;0.0;1.0;0.0;0.0;0.0;9.0;9.0;9.0;1.0;3.0;75.0;1.0;20.0;4;2.0;50.0;1.0;2.0;40.0;100.0;100.0
21151520;CENTRO EDUCA MAIS PAULO FREIRE;2112100;Timbiras;2.0;1.0;CENSO_ESCOLAR_2024;114;105;447.06;109;434.47;109;456.0;105;459.0;109;96;88.07;534.86;607.29;1.0;1.0;0.0;1.0;0.0;0.0;0.0;0.0;0.0;0.0;1.0;0.0;0.0;1.0;0.0;1.0;0.0;1.0;0.0;1.0;0.0;0.0;0.0;6.0;6.0;6.0;0.0;3.0;75.0;0.0;0.0;4;2.0;50.0;1.0;2.0;40.0;100.0;100.0
21151806;CENTRO EDUCA MAIS ANALIZ BACELAR SILVA;2100105;Afonso Cunha;2.0;1.0;CENSO_ESCOLAR_2024;53;47;426.45;47;427.23;47;442.07;47;461.54;47;38;80.85;471.49;583.16;1.0;1.0;0.0;1.0;0.0;1.0;0.0;1.0;0.0;0.0;1.0;0.0;0.0;0.0;0.0;2.0;0.0;1.0;0.0;1.0;0.0;0.0;0.0;6.0;0.0;0.0;1.0;3.0;75.0;2.0;40.0;4;1.0;25.0;2.0;2.0;40.0;0.0;0.0
21152900;CENTRO DE ENSINO TEOFILO DIAS;2100303;Aldeias Altas;2.0;1.0;CENSO_ESCOLAR_2024;102;71;451.14;74;451.41;74;483.57;71;454.66;74;66;89.19;505.68;566.97;1.0;1.0;0.0;1.0;1.0;1.0;0.0;1.0;0.0;0.0;1.0;1.0;0.0;1.0;5.0;3.0;0.0;1.0;1.0;1.0;0.0;0.0;0.0;12.0;8.0;8.0;1.0;3.0;75.0;2.0;40.0;4;3.0;75.0;8.0;3.0;60.0;66.67;66.67
21152950;CENTRO DE ENSINO PROFESSOR ANTONIO NONATO SAMPAIO;2103406;Coelho Neto;2.0;1.0;CENSO_ESCOLAR_2024;167;110;432.6;119;427.33;119;460.66;110;448.46;119;92;77.31;439.5;568.48;1.0;1.0;0.0;1.0;0.0;1.0;0.0;0.0;0.0;0.0;1.0;1.0;1.0;1.0;0.0;0.0;0.0;1.0;1.0;1.0;0.0;0.0;0.0;11.0;0.0;2.0;1.0;3.0;75.0;1.0;20.0;4;4.0;100.0;0.0;3.0;60.0;0.0;18.18
21153914;CENTRO DE ENSINO JUSTINO SILVA BASTOS;2103406;Coelho Neto;2.0;1.0;CENSO_ESCOLAR_2024;121;85;428.53;92;405.73;92;434.19;85;442.55;92;73;79.35;393.26;495.62;1.0;1.0;0.0;1.0;0.0;1.0;0.0;0.0;0.0;0.0;1.0;0.0;0.0;1.0;0.0;2.0;0.0;0.0;0.0;1.0;0.0;0.0;0.0;8.0;8.0;8.0;1.0;3.0;75.0;1.0;20.0;4;2.0;50.0;2.0;1.0;20.0;100.0;100.0
21153922;CENTRO EDUCA MAIS CARLOS MAGNO DUQUE BACELAR;2103406;Coelho Neto;2.0;1.0;CENSO_ESCOLAR_2024;80;75;453.73;76;469.33;76;488.63;75;483.31;76;73;96.05;669.74;697.26;1.0;1.0;1.0;1.0;1.0;1.0;1.0;0.0;1.0;0.0;1.0;1.0;1.0;1.0;6.0;0.0;0.0;1.0;0.0;1.0;1.0;0.0;0.0;7.0;7.0;7.0;1.0;4.0;100.0;3.0;60.0;4;4.0;100.0;6.0;3.0;60.0;100.0;100.0
21153930;CENTRO DE ENSINO COELHO NETO;2103406;Coelho Neto;2.0;1.0;CENSO_ESCOLAR_2024;17;7;424.53;8;426.79;8;424.96;7;420.54;8;5;62.5;267.5;428.0;1.0;1.0;0.0;1.0;1.0;1.0;0.0;1.0;0.0;0.0;1.0;0.0;0.0;1.0;10.0;1.0;0.0;1.0;0.0;1.0;0.0;0.0;0.0;9.0;8.0;8.0;1.0;3.0;75.0;2.0;40.0;4;2.0;50.0;11.0;2.0;40.0;88.89;88.89
21154589;CENTRO DE ENSINO DR PAULO RAMOS;2103901;Duque Bacelar;2.0;1.0;CENSO_ESCOLAR_2024;34;28;435.99;28;433.96;28;447.01;28;430.34;28;26;92.86;539.29;580.77;1.0;1.0;0.0;1.0;0.0;0.0;0.0;0.0;1.0;0.0;1.0;0.0;0.0;0.0;1.0;0.0;0.0;1.0;0.0;1.0;0.0;0.0;0.0;5.0;5.0;0.0;0.0;3.0;75.0;1.0;20.0;4;1.0;25.0;1.0;2.0;40.0;100.0;0.0
21154597;CENTRO EDUCA MAIS PROFESSOR LUIS VIANA;2103901;Duque Bacelar;2.0;1.0;CENSO_ESCOLAR_2024;23;20;419.19;20;446.96;20;441.66;20;435.0;20;19;95.0;543.0;571.58;1.0;1.0;1.0;1.0;0.0;0.0;0.0;0.0;1.0;0.0;1.0;1.0;0.0;1.0;3.0;0.0;0.0;1.0;0.0;1.0;0.0;0.0;0.0;6.0;6.0;0.0;0.0;4.0;100.0;1.0;20.0;4;3.0;75.0;3.0;2.0;40.0;100.0;0.0
21155682;CENTRO DE ENSINO SENADOR CARVALHO GUIMARAES;2102309;Buriti Bravo;2.0;1.0;CENSO_ESCOLAR_2024;79;69;438.24;74;450.28;74;471.32;69;460.52;74;63;85.14;539.73;633.97;0.0;1.0;1.0;1.0;1.0;1.0;1.0;1.0;0.0;1.0;1.0;1.0;1.0;0.0;3.0;2.0;0.0;1.0;0.0;1.0;0.0;0.0;0.0;9.0;9.0;9.0;1.0;3.0;75.0;4.0;80.0;4;3.0;75.0;5.0;2.0;40.0;100.0;100.0
21155690;CENTRO EDUCA MAIS PROFESSORA ZULEICA SANTOS;2102309;Buriti Bravo;2.0;1.0;CENSO_ESCOLAR_2024;49;45;457.1;47;453.23;47;483.47;45;469.21;47;42;89.36;598.72;670.0;1.0;1.0;0.0;1.0;1.0;1.0;1.0;1.0;1.0;0.0;1.0;0.0;1.0;1.0;10.0;2.0;0.0;1.0;0.0;1.0;1.0;0.0;0.0;9.0;5.0;5.0;1.0;3.0;75.0;4.0;80.0;4;3.0;75.0;12.0;3.0;60.0;55.56;55.56
21155755;CENTRO DE ENSINO CONEGO ADERSON GUIMARAES JUNIOR;2103000;Caxias;2.0;1.0;CENSO_ESCOLAR_2024;147;123;437.77;128;434.86;128;464.11;123;450.38;128;110;85.94;484.69;564.0;1.0;1.0;0.0;1.0;0.0;1.0;1.0;1.0;0.0;0.0;1.0;1.0;0.0;1.0;1.0;0.0;0.0;1.0;0.0;0.0;0.0;0.0;0.0;10.0;0.0;0.0;1.0;3.0;75.0;3.0;60.0;4;3.0;75.0;1.0;1.0;20.0;0.0;0.0
21155771;CENTRO EDUCA MAIS ALUISIO AZEVEDO;2103000;Caxias;2.0;1.0;CENSO_ESCOLAR_2024;100;92;441.5;95;467.92;95;496.9;92;469.72;95;94;98.95;616.21;622.77;1.0;1.0;0.0;1.0;1.0;1.0;1.0;1.0;0.0;0.0;1.0;1.0;1.0;1.0;1.0;3.0;0.0;1.0;0.0;1.0;0.0;0.0;0.0;11.0;11.0;11.0;1.0;3.0;75.0;3.0;60.0;4;4.0;100.0;4.0;2.0;40.0;100.0;100.0
21159580;CENTRO DE ENSINO THALES RIBEIRO GONCALVES;2103000;Caxias;2.0;1.0;CENSO_ESCOLAR_2024;170;167;471.2;167;485.44;167;506.45;167;502.06;167;164;98.2;694.61;707.32;1.0;1.0;1.0;1.0;1.0;1.0;0.0;1.0;0.0;0.0;1.0;1.0;1.0;1.0;12.0;2.0;0.0;0.0;0.0;0.0;0.0;0.0;1.0;7.0;7.0;0.0;1.0;4.0;100.0;2.0;40.0;4;4.0;100.0;14.0;0.0;0.0;100.0;0.0
21159742;CENTRO DE ENSINO CRISTOVAO COLOMBO;2103000;Caxias;2.0;1.0;CENSO_ESCOLAR_2024;40;29;436.49;29;426.73;29;439.78;29;437.44;29;26;89.66;429.66;479.23;1.0;1.0;0.0;1.0;0.0;0.0;0.0;1.0;0.0;0.0;1.0;1.0;1.0;1.0;0.0;3.0;0.0;1.0;1.0;1.0;0.0;0.0;0.0;9.0;5.0;5.0;0.0;3.0;75.0;1.0;20.0;4;4.0;100.0;3.0;3.0;60.0;55.56;55.56
21159750;CENTRO DE ENSINO CEZAR MARQUES;2103000;Caxias;2.0;1.0;CENSO_ESCOLAR_2024;76;63;446.13;66;444.41;66;472.87;63;473.45;66;62;93.94;556.97;592.9;1.0;1.0;0.0;1.0;1.0;1.0;0.0;1.0;1.0;0.0;1.0;1.0;0.0;1.0;12.0;3.0;0.0;1.0;1.0;1.0;0.0;0.0;0.0;8.0;8.0;0.0;1.0;3.0;75.0;3.0;60.0;4;3.0;75.0;15.0;3.0;60.0;100.0;0.0
21159769;CENTRO DE ENSINO DIAS CARNEIRO;2103000;Caxias;2.0;1.0;CENSO_ESCOLAR_2024;43;33;441.97;33;462.04;33;476.32;33;425.62;33;30;90.91;483.64;532.0;1.0;1.0;0.0;1.0;0.0;1.0;0.0;1.0;0.0;0.0;1.0;1.0;0.0;1.0;3.0;1.0;0.0;1.0;1.0;1.0;1.0;0.0;0.0;4.0;4.0;4.0;1.0;3.0;75.0;2.0;40.0;4;3.0;75.0;4.0;4.0;80.0;100.0;100.0
21159971;CENTRO DE ENSINO ODOLFO MEDEIROS;2103000;Caxias;2.0;1.0;CENSO_ESCOLAR_2024;138;117;440.52;120;450.01;120;473.4;117;457.68;120;110;91.67;544.5;594.0;1.0;1.0;0.0;1.0;1.0;1.0;0.0;0.0;1.0;0.0;1.0;0.0;1.0;1.0;2.0;1.0;0.0;1.0;1.0;1.0;0.0;0.0;0.0;11.0;7.0;7.0;1.0;3.0;75.0;2.0;40.0;4;3.0;75.0;3.0;3.0;60.0;63.64;63.64
21160015;CENTRO DE ENSINO EUGENIO BARROS;2103000;Caxias;2.0;1.0;CENSO_ESCOLAR_2024;103;83;450.44;85;447.31;85;480.95;83;451.72;85;78;91.76;531.53;579.23;1.0;1.0;0.0;1.0;0.0;0.0;0.0;0.0;0.0;0.0;1.0;1.0;0.0;1.0;0.0;1.0;0.0;0.0;0.0;1.0;0.0;0.0;0.0;7.0;7.0;7.0;0.0;3.0;75.0;0.0;0.0;4;3.0;75.0;1.0;1.0;20.0;100.0;100.0
21160023;CENTRO DE ENSINO GONCALVES DIAS;2103000;Caxias;2.0;1.0;CENSO_ESCOLAR_2024;67;48;439.3;52;435.45;52;447.31;48;450.14;52;47;90.38;503.46;557.02;1.0;1.0;1.0;1.0;1.0;1.0;0.0;1.0;0.0;0.0;1.0;1.0;0.0;1.0;29.0;0.0;0.0;1.0;1.0;1.0;0.0;0.0;0.0;8.0;0.0;3.0;1.0;4.0;100.0;2.0;40.0;4;3.0;75.0;29.0;3.0;60.0;0.0;37.5
21160040;INSTITUTO ESTADUAL DE EDUCACAO CIENCIA E TECNOLOGIA DO MARANHAO - IEMA PLENO CAXIAS;2103000;Caxias;2.0;1.0;CENSO_ESCOLAR_2024;214;177;437.43;181;442.23;181;471.85;177;443.59;181;159;87.85;490.94;558.87;1.0;1.0;0.0;1.0;1.0;1.0;1.0;1.0;1.0;1.0;1.0;1.0;1.0;1.0;4.0;6.0;0.0;1.0;1.0;1.0;0.0;0.0;0.0;12.0;12.0;12.0;1.0;3.0;75.0;5.0;100.0;4;4.0;100.0;10.0;3.0;60.0;100.0;100.0
21160058;COLEGIO MILITAR TIRADENTES IV - CAXIAS;2103000;Caxias;2.0;1.0;CENSO_ESCOLAR_2024;94;88;527.61;90;527.16;90;545.53;88;547.4;90;87;96.67;752.22;778.16;1.0;1.0;1.0;1.0;1.0;1.0;0.0;1.0;1.0;1.0;1.0;1.0;1.0;1.0;6.0;0.0;0.0;1.0;1.0;1.0;0.0;0.0;0.0;16.0;16.0;16.0;1.0;4.0;100.0;4.0;80.0;4;4.0;100.0;6.0;3.0;60.0;100.0;100.0
21160066;CENTRO DE ENSINO SANTOS DUMONT;2103000;Caxias;2.0;1.0;CENSO_ESCOLAR_2024;59;44;439.65;45;441.6;45;475.41;44;453.66;45;41;91.11;472.89;519.02;1.0;1.0;0.0;1.0;1.0;1.0;1.0;1.0;0.0;0.0;1.0;1.0;1.0;1.0;1.0;3.0;0.0;1.0;1.0;1.0;0.0;0.0;0.0;7.0;7.0;7.0;1.0;3.0;75.0;3.0;60.0;4;4.0;100.0;4.0;3.0;60.0;100.0;100.0
21161321;CENTRO DE ENSINO JOAO PAULO I;2106607;Matões;2.0;1.0;CENSO_ESCOLAR_2024;82;60;452.72;59;443.21;59;476.16;60;455.18;59;55;93.22;606.78;650.91;1.0;1.0;0.0;1.0;1.0;1.0;1.0;0.0;1.0;1.0;1.0;1.0;1.0;1.0;2.0;6.0;0.0;1.0;0.0;1.0;0.0;0.0;0.0;8.0;8.0;8.0;1.0;3.0;75.0;4.0;80.0;4;4.0;100.0;8.0;2.0;40.0;100.0;100.0
21161330;CENTRO DE ENSINO EUGENIO BARROS;2106607;Matões;2.0;1.0;CENSO_ESCOLAR_2024;56;37;449.1;37;451.55;37;472.84;37;445.99;37;32;86.49;510.27;590.0;1.0;1.0;0.0;1.0;0.0;0.0;0.0;1.0;0.0;0.0;1.0;1.0;0.0;1.0;4.0;3.0;0.0;1.0;0.0;1.0;0.0;0.0;0.0;6.0;0.0;6.0;0.0;3.0;75.0;1.0;20.0;4;3.0;75.0;7.0;2.0;40.0;0.0;100.0
21162484;CENTRO EDUCA MAIS CONEGO JOSE DE MOURA SOARES;2107803;Parnarama;2.0;1.0;CENSO_ESCOLAR_2024;35;29;428.69;30;449.21;30;474.0;29;469.83;30;30;100.0;622.67;622.67;1.0;1.0;0.0;1.0;1.0;1.0;0.0;0.0;0.0;1.0;1.0;1.0;1.0;1.0;1.0;0.0;0.0;1.0;0.0;1.0;0.0;0.0;0.0;5.0;5.0;5.0;1.0;3.0;75.0;2.0;40.0;4;4.0;100.0;1.0;2.0;40.0;100.0;100.0
21162565;CENTRO DE ENSINO MESTRE TIBERIO;2107803;Parnarama;2.0;1.0;CENSO_ESCOLAR_2024;114;90;439.13;91;432.63;91;459.84;90;453.24;91;85;93.41;607.25;650.12;1.0;1.0;0.0;1.0;1.0;1.0;1.0;1.0;0.0;0.0;1.0;0.0;1.0;1.0;2.0;1.0;0.0;1.0;0.0;1.0;0.0;0.0;0.0;7.0;7.0;7.0;1.0;3.0;75.0;3.0;60.0;4;3.0;75.0;3.0;2.0;40.0;100.0;100.0
21162611;CENTRO EDUCA MAIS JACIRA DE OLIVEIRA E SILVA;2112209;Timon;2.0;1.0;CENSO_ESCOLAR_2024;176;171;460.02;171;480.52;171;494.36;171;496.54;171;167;97.66;750.18;768.14;1.0;1.0;0.0;1.0;1.0;1.0;1.0;1.0;1.0;1.0;1.0;0.0;1.0;1.0;10.0;4.0;0.0;1.0;0.0;1.0;0.0;0.0;0.0;17.0;17.0;0.0;1.0;3.0;75.0;5.0;100.0;4;3.0;75.0;14.0;2.0;40.0;100.0;0.0
21164495;CENTRO DE ENSINO MARIA DA CONCEICAO TEOFILO SILVA;2112209;Timon;2.0;1.0;CENSO_ESCOLAR_2024;175;115;445.29;122;431.56;122;461.8;115;445.44;122;109;89.34;512.3;573.39;1.0;1.0;0.0;1.0;1.0;1.0;1.0;0.0;1.0;0.0;1.0;0.0;0.0;1.0;0.0;2.0;0.0;0.0;0.0;1.0;0.0;0.0;0.0;10.0;5.0;1.0;1.0;3.0;75.0;3.0;60.0;4;2.0;50.0;2.0;1.0;20.0;50.0;10.0
21164622;CENTRO EDUCA MAIS ANNA BERNARDES;2112209;Timon;2.0;1.0;CENSO_ESCOLAR_2024;67;65;459.09;66;467.76;66;490.17;65;472.18;66;62;93.94;585.15;622.9;1.0;1.0;0.0;1.0;1.0;1.0;1.0;0.0;1.0;0.0;1.0;0.0;1.0;1.0;0.0;1.0;0.0;1.0;1.0;1.0;0.0;0.0;0.0;9.0;9.0;0.0;1.0;3.0;75.0;3.0;60.0;4;3.0;75.0;1.0;3.0;60.0;100.0;0.0
21164711;CENTRO DE ENSINO PADRE DELFINO;2112209;Timon;2.0;1.0;CENSO_ESCOLAR_2024;95;67;428.74;71;418.39;71;442.77;67;439.46;71;60;84.51;427.32;505.67;1.0;1.0;0.0;1.0;1.0;1.0;0.0;0.0;0.0;0.0;1.0;0.0;1.0;1.0;1.0;1.0;0.0;1.0;0.0;1.0;1.0;0.0;0.0;11.0;11.0;11.0;1.0;3.0;75.0;1.0;20.0;4;3.0;75.0;2.0;3.0;60.0;100.0;100.0
21164746;CENTRO DE ENSINO ALUIZIO DE AZEVEDO;2112209;Timon;2.0;1.0;CENSO_ESCOLAR_2024;115;72;447.19;78;434.01;78;463.32;72;451.67;78;64;82.05;447.18;545.0;1.0;1.0;0.0;1.0;1.0;1.0;0.0;0.0;1.0;0.0;1.0;1.0;0.0;1.0;0.0;0.0;0.0;1.0;1.0;1.0;1.0;0.0;0.0;9.0;9.0;9.0;1.0;3.0;75.0;2.0;40.0;4;3.0;75.0;0.0;4.0;80.0;100.0;100.0
21164940;CENTRO DE ENSINO ARISTIDES LOBAO;2101509;Barão de Grajaú;2.0;1.0;CENSO_ESCOLAR_2024;61;54;441.92;55;451.85;55;460.24;54;469.11;55;48;87.27;570.91;654.17;1.0;1.0;1.0;1.0;0.0;0.0;0.0;0.0;0.0;0.0;1.0;1.0;1.0;1.0;1.0;0.0;0.0;1.0;1.0;1.0;0.0;0.0;0.0;6.0;1.0;6.0;0.0;4.0;100.0;0.0;0.0;4;4.0;100.0;1.0;3.0;60.0;16.67;100.0
21165858;CENTRO DE ENSINO NEY BRAGA;2101509;Barão de Grajaú;2.0;1.0;CENSO_ESCOLAR_2024;49;36;458.22;37;473.61;37;490.92;36;460.03;37;33;89.19;582.16;652.73;1.0;1.0;0.0;1.0;1.0;1.0;1.0;0.0;1.0;0.0;1.0;0.0;0.0;0.0;0.0;0.0;0.0;1.0;1.0;1.0;1.0;0.0;0.0;5.0;5.0;5.0;1.0;3.0;75.0;3.0;60.0;4;1.0;25.0;0.0;4.0;80.0;100.0;100.0
21167109;CENTRO EDUCA MAIS MARIA JOSE MACEDO COSTA;2103505;Colinas;2.0;1.0;CENSO_ESCOLAR_2024;63;52;428.94;52;458.3;52;475.38;52;478.24;52;43;82.69;582.69;704.65;1.0;1.0;1.0;1.0;1.0;1.0;1.0;1.0;1.0;0.0;1.0;0.0;1.0;1.0;8.0;2.0;0.0;1.0;1.0;1.0;1.0;0.0;0.0;10.0;9.0;1.0;1.0;4.0;100.0;4.0;80.0;4;3.0;75.0;10.0;4.0;80.0;90.0;10.0
21167117;CENTRO DE ENSINO JOAO PESSOA;2103505;Colinas;2.0;1.0;CENSO_ESCOLAR_2024;97;51;441.72;56;454.51;56;479.57;51;461.13;56;49;87.5;560.0;640.0;1.0;1.0;0.0;1.0;1.0;1.0;1.0;0.0;1.0;1.0;1.0;0.0;1.0;1.0;0.0;0.0;0.0;1.0;1.0;1.0;1.0;0.0;0.0;9.0;9.0;9.0;1.0;3.0;75.0;4.0;80.0;4;3.0;75.0;0.0;4.0;80.0;100.0;100.0
21167125;CENTRO DE ENSINO DR ANTONIO JORGE DINO;2103505;Colinas;2.0;1.0;CENSO_ESCOLAR_2024;48;22;436.4;26;428.87;26;456.78;22;444.8;26;23;88.46;488.46;552.17;1.0;1.0;0.0;1.0;1.0;1.0;0.0;1.0;1.0;0.0;1.0;1.0;1.0;1.0;3.0;4.0;0.0;1.0;0.0;1.0;0.0;0.0;0.0;11.0;11.0;11.0;1.0;3.0;75.0;3.0;60.0;4;4.0;100.0;7.0;2.0;40.0;100.0;100.0
21167141;CENTRO DE ENSINO ISA RAPOSO BORBA GUIMARAES;2106706;Mirador;2.0;1.0;CENSO_ESCOLAR_2024;86;65;422.76;68;429.38;68;442.6;65;456.94;68;56;82.35;487.94;592.5;1.0;1.0;0.0;1.0;0.0;0.0;0.0;0.0;0.0;0.0;1.0;1.0;1.0;1.0;3.0;3.0;0.0;1.0;1.0;1.0;0.0;0.0;0.0;8.0;7.0;1.0;0.0;3.0;75.0;0.0;0.0;4;4.0;100.0;6.0;3.0;60.0;87.5;12.5
21169012;CENTRO DE ENSINO ANALIA NEIVA;2107308;Nova Iorque;2.0;1.0;CENSO_ESCOLAR_2024;22;22;467.48;22;451.24;22;479.54;22;481.7;22;22;100.0;636.36;636.36;1.0;1.0;1.0;1.0;0.0;0.0;0.0;1.0;0.0;0.0;1.0;1.0;1.0;1.0;10.0;0.0;0.0;1.0;0.0;1.0;0.0;0.0;0.0;7.0;7.0;0.0;0.0;4.0;100.0;1.0;20.0;4;4.0;100.0;10.0;2.0;40.0;100.0;0.0
21169543;CENTRO EDUCA MAIS EPITACIO PESSOA;2107704;Paraibano;2.0;1.0;CENSO_ESCOLAR_2024;66;60;455.16;60;463.56;60;471.01;60;483.55;60;53;88.33;623.0;705.28;1.0;1.0;0.0;1.0;1.0;1.0;1.0;0.0;1.0;0.0;1.0;1.0;1.0;1.0;1.0;0.0;0.0;1.0;0.0;1.0;0.0;0.0;0.0;7.0;7.0;0.0;1.0;3.0;75.0;3.0;60.0;4;4.0;100.0;1.0;2.0;40.0;100.0;0.0
21169632;CENTRO DE ENSINO JOAO FURTADO BRITO;2107704;Paraibano;2.0;1.0;CENSO_ESCOLAR_2024;58;39;436.02;40;425.84;40;455.07;39;440.28;40;34;85.0;551.5;648.82;1.0;1.0;0.0;1.0;0.0;0.0;0.0;0.0;0.0;0.0;1.0;1.0;1.0;0.0;0.0;2.0;0.0;1.0;0.0;1.0;0.0;0.0;0.0;7.0;0.0;7.0;0.0;3.0;75.0;0.0;0.0;4;3.0;75.0;2.0;2.0;40.0;0.0;100.0
21171033;CENTRO DE ENSINO SENADOR JOSE NEIVA;2105922;Lagoa do Mato;2.0;1.0;CENSO_ESCOLAR_2024;82;69;433.01;70;423.56;70;454.44;69;460.1;70;62;88.57;626.0;706.77;1.0;1.0;1.0;1.0;1.0;1.0;0.0;1.0;1.0;0.0;1.0;1.0;1.0;1.0;8.0;1.0;0.0;1.0;1.0;1.0;0.0;0.0;0.0;6.0;6.0;6.0;1.0;4.0;100.0;3.0;60.0;4;4.0;100.0;9.0;3.0;60.0;100.0;100.0
21171726;CENTRO DE ENSINO DR JOSE NEIVA;2108009;Pastos Bons;2.0;1.0;CENSO_ESCOLAR_2024;103;46;441.79;52;436.53;52;441.3;46;452.68;52;43;82.69;425.38;514.42;1.0;1.0;0.0;1.0;0.0;0.0;0.0;1.0;1.0;0.0;1.0;1.0;1.0;1.0;3.0;0.0;0.0;0.0;1.0;1.0;0.0;0.0;0.0;9.0;0.0;0.0;0.0;3.0;75.0;2.0;40.0;4;4.0;100.0;3.0;2.0;40.0;0.0;0.0
21171750;CENTRO EDUCA MAIS PROFESSOR RIBAMAR TORRES;2108009;Pastos Bons;2.0;1.0;CENSO_ESCOLAR_2024;82;74;453.12;76;458.53;76;486.02;74;492.32;76;73;96.05;605.26;630.14;1.0;1.0;0.0;1.0;1.0;1.0;0.0;0.0;1.0;0.0;1.0;1.0;0.0;1.0;0.0;4.0;0.0;1.0;0.0;1.0;0.0;0.0;0.0;8.0;8.0;8.0;1.0;3.0;75.0;2.0;40.0;4;3.0;75.0;4.0;2.0;40.0;100.0;100.0
21172684;CENTRO EDUCA MAIS ESTADO DE SAO PAULO;2110906;São Francisco do Maranhão;2.0;1.0;CENSO_ESCOLAR_2024;45;37;437.22;38;444.81;38;456.89;37;446.96;38;38;100.0;559.47;559.47;1.0;1.0;0.0;1.0;0.0;0.0;0.0;0.0;1.0;0.0;1.0;1.0;1.0;1.0;2.0;2.0;0.0;1.0;0.0;1.0;0.0;0.0;0.0;5.0;3.0;5.0;0.0;3.0;75.0;1.0;20.0;4;4.0;100.0;4.0;2.0;40.0;60.0;100.0
21173427;CENTRO DE ENSINO DR PAULO RAMOS;2111102;São João dos Patos;2.0;1.0;CENSO_ESCOLAR_2024;166;107;441.92;120;428.24;120;457.91;107;441.4;120;89;74.17;389.17;524.72;1.0;1.0;0.0;1.0;1.0;1.0;1.0;1.0;1.0;0.0;1.0;1.0;1.0;1.0;8.0;4.0;0.0;1.0;1.0;1.0;0.0;0.0;0.0;8.0;8.0;0.0;1.0;3.0;75.0;4.0;80.0;4;4.0;100.0;12.0;3.0;60.0;100.0;0.0
21173435;CENTRO EDUCA MAIS JOSELIA ALMEIDA RAMOS;2111102;São João dos Patos;2.0;1.0;CENSO_ESCOLAR_2024;90;81;479.08;85;486.03;85;501.25;81;533.06;85;81;95.29;723.76;759.51;1.0;1.0;0.0;1.0;1.0;1.0;1.0;1.0;0.0;1.0;1.0;1.0;1.0;1.0;5.0;0.0;0.0;1.0;1.0;1.0;0.0;0.0;0.0;9.0;9.0;9.0;1.0;3.0;75.0;4.0;80.0;4;4.0;100.0;5.0;3.0;60.0;100.0;100.0
21173915;CENTRO DE ENSINO DRº ADONIAS LUCAS DE LACERDA;2111904;Sucupira do Norte;2.0;1.0;CENSO_ESCOLAR_2024;54;49;444.65;50;449.7;50;477.01;49;464.32;50;45;90.0;540.0;600.0;1.0;1.0;0.0;1.0;1.0;1.0;0.0;0.0;1.0;0.0;1.0;1.0;0.0;0.0;0.0;0.0;0.0;0.0;1.0;0.0;0.0;0.0;1.0;6.0;0.0;0.0;1.0;3.0;75.0;2.0;40.0;4;2.0;50.0;0.0;1.0;20.0;0.0;0.0
21174148;CENTRO DE ENSINO LUZIA AIRES MARANHAO;2102804;Carolina;2.0;1.0;CENSO_ESCOLAR_2024;103;84;467.31;86;482.1;86;499.9;84;477.23;86;84;97.67;610.23;624.76;1.0;1.0;0.0;1.0;0.0;1.0;1.0;1.0;0.0;0.0;1.0;0.0;0.0;1.0;2.0;0.0;0.0;0.0;0.0;1.0;0.0;0.0;0.0;8.0;8.0;0.0;1.0;3.0;75.0;3.0;60.0;4;2.0;50.0;2.0;1.0;20.0;100.0;0.0
21174202;CENTRO EDUCA MAIS SERTAO MARANHENSE;2102804;Carolina;2.0;1.0;CENSO_ESCOLAR_2024;64;44;436.41;49;435.19;49;467.37;44;450.95;49;41;83.67;464.08;554.63;1.0;1.0;1.0;1.0;1.0;1.0;1.0;1.0;1.0;1.0;1.0;1.0;1.0;1.0;7.0;0.0;0.0;1.0;0.0;1.0;0.0;0.0;0.0;9.0;9.0;9.0;1.0;4.0;100.0;5.0;100.0;4;4.0;100.0;7.0;2.0;40.0;100.0;100.0
21175632;CENTRO DE ENSINO PROFESSOR JOAO PEREIRA MARTINS NETO;2104057;Estreito;2.0;1.0;CENSO_ESCOLAR_2024;126;102;462.4;108;479.95;108;487.63;102;482.45;108;98;90.74;571.48;629.8;1.0;1.0;0.0;1.0;1.0;1.0;0.0;0.0;0.0;0.0;1.0;1.0;1.0;1.0;5.0;5.0;0.0;1.0;1.0;1.0;0.0;0.0;0.0;8.0;8.0;0.0;1.0;3.0;75.0;1.0;20.0;4;4.0;100.0;10.0;3.0;60.0;100.0;0.0
21177376;CENTRO DE ENSINO FREI GIL;2104057;Estreito;2.0;1.0;CENSO_ESCOLAR_2024;103;83;443.41;87;445.24;87;479.35;83;472.38;87;78;89.66;551.26;614.87;1.0;1.0;0.0;1.0;1.0;1.0;1.0;1.0;1.0;0.0;1.0;1.0;1.0;1.0;2.0;0.0;0.0;1.0;0.0;1.0;1.0;0.0;0.0;7.0;7.0;6.0;1.0;3.0;75.0;4.0;80.0;4;4.0;100.0;2.0;3.0;60.0;100.0;85.71
21177384;CENTRO DE ENSINO DELFINO AGUIAR DE AZEVEDO;2111052;São João do Paraíso;2.0;1.0;CENSO_ESCOLAR_2024;75;58;445.17;61;428.38;61;454.02;58;455.33;61;49;80.33;486.89;606.12;1.0;1.0;0.0;1.0;0.0;1.0;0.0;0.0;0.0;0.0;1.0;1.0;1.0;1.0;0.0;3.0;0.0;1.0;0.0;1.0;0.0;0.0;0.0;7.0;7.0;0.0;1.0;3.0;75.0;1.0;20.0;4;4.0;100.0;3.0;2.0;40.0;100.0;0.0
21177392;CENTRO DE ENSINO VALENTIM DA SILVA AGUIAR;2102556;Campestre do Maranhão;2.0;1.0;CENSO_ESCOLAR_2024;61;49;442.04;49;460.04;49;475.14;49;466.49;49;45;91.84;555.92;605.33;1.0;1.0;0.0;1.0;1.0;1.0;0.0;1.0;0.0;0.0;1.0;0.0;1.0;1.0;5.0;0.0;0.0;1.0;0.0;1.0;0.0;0.0;0.0;7.0;7.0;7.0;1.0;3.0;75.0;2.0;40.0;4;3.0;75.0;5.0;2.0;40.0;100.0;100.0
21180350;CENTRO EDUCA MAIS VITORINO FREIRE;2100501;Alto Parnaíba;2.0;1.0;CENSO_ESCOLAR_2024;57;44;436.5;44;441.8;44;464.25;44;476.76;44;35;79.55;492.27;618.86;1.0;1.0;1.0;1.0;1.0;1.0;0.0;0.0;1.0;0.0;1.0;1.0;1.0;1.0;0.0;4.0;0.0;1.0;0.0;1.0;0.0;0.0;0.0;7.0;7.0;7.0;1.0;4.0;100.0;2.0;40.0;4;4.0;100.0;4.0;2.0;40.0;100.0;100.0
21180393;CENTRO DE ENSINO DOM DANIEL COMBONI;2101400;Balsas;2.0;1.0;CENSO_ESCOLAR_2024;136;104;462.36;113;483.06;113;497.3;104;488.68;113;105;92.92;613.1;659.81;1.0;1.0;0.0;1.0;0.0;0.0;0.0;0.0;1.0;0.0;1.0;1.0;1.0;1.0;0.0;0.0;0.0;0.0;0.0;1.0;0.0;0.0;0.0;9.0;9.0;9.0;0.0;3.0;75.0;1.0;20.0;4;4.0;100.0;0.0;1.0;20.0;100.0;100.0
21182400;CENTRO DE ENSINO DIDACIO SANTOS;2101400;Balsas;2.0;1.0;CENSO_ESCOLAR_2024;42;27;452.34;27;450.03;27;479.16;27;453.0;27;24;88.89;551.85;620.83;1.0;1.0;0.0;1.0;0.0;0.0;0.0;0.0;0.0;0.0;1.0;0.0;0.0;1.0;0.0;0.0;0.0;1.0;1.0;1.0;0.0;0.0;0.0;5.0;5.0;0.0;0.0;3.0;75.0;0.0;0.0;4;2.0;50.0;0.0;3.0;60.0;100.0;0.0
21182426;CENTRO DE ENSINO PROFESSOR LUIZ REGO;2101400;Balsas;2.0;1.0;CENSO_ESCOLAR_2024;116;91;437.05;95;453.46;95;468.93;91;452.75;95;89;93.68;550.53;587.64;1.0;1.0;0.0;1.0;1.0;1.0;0.0;0.0;1.0;0.0;1.0;0.0;0.0;1.0;0.0;0.0;0.0;0.0;0.0;0.0;0.0;0.0;1.0;9.0;0.0;0.0;1.0;3.0;75.0;2.0;40.0;4;2.0;50.0;0.0;0.0;0.0;0.0;0.0
21184259;CENTRO DE ENSINO LUSO ROCHA;2109502;Riachão;2.0;1.0;CENSO_ESCOLAR_2024;121;84;437.01;86;446.42;86;468.66;84;449.82;86;78;90.7;560.7;618.21;1.0;1.0;0.0;1.0;1.0;1.0;0.0;1.0;1.0;0.0;0.0;0.0;0.0;;4.0;0.0;0.0;1.0;0.0;1.0;0.0;0.0;0.0;12.0;12.0;12.0;1.0;3.0;75.0;3.0;60.0;3;0.0;0.0;4.0;2.0;40.0;100.0;100.0
21184305;CENTRO DE ENSINO ENEAS MAIA FILHO;2112001;Tasso Fragoso;2.0;1.0;CENSO_ESCOLAR_2024;70;55;435.53;58;441.16;58;476.3;55;466.75;58;52;89.66;550.34;613.85;1.0;1.0;1.0;1.0;1.0;1.0;0.0;0.0;0.0;0.0;1.0;0.0;0.0;1.0;0.0;0.0;0.0;1.0;0.0;1.0;0.0;0.0;0.0;11.0;5.0;5.0;1.0;4.0;100.0;1.0;20.0;4;2.0;50.0;0.0;2.0;40.0;45.45;45.45
21185565;CENTRO DE ENSINO AQUILES LISBOA;2110658;São Domingos do Azeitão;2.0;1.0;CENSO_ESCOLAR_2024;65;59;430.29;60;447.8;60;472.72;59;436.99;60;57;95.0;679.0;714.74;1.0;1.0;0.0;1.0;0.0;0.0;0.0;1.0;0.0;0.0;1.0;1.0;1.0;1.0;18.0;2.0;0.0;1.0;0.0;1.0;0.0;0.0;0.0;11.0;8.0;8.0;0.0;3.0;75.0;1.0;20.0;4;4.0;100.0;20.0;2.0;40.0;72.73;72.73
21185590;CENTRO DE ENSINO LUCAS COELHO;2101806;Benedito Leite;2.0;1.0;CENSO_ESCOLAR_2024;22;12;429.15;13;446.44;13;480.25;12;457.43;13;13;100.0;780.0;780.0;1.0;1.0;0.0;0.0;1.0;1.0;1.0;1.0;0.0;0.0;1.0;1.0;1.0;1.0;22.0;5.0;0.0;1.0;0.0;1.0;0.0;0.0;0.0;6.0;4.0;0.0;1.0;2.0;50.0;3.0;60.0;4;4.0;100.0;27.0;2.0;40.0;66.67;0.0
21186855;CENTRO EDUCA MAIS MARCELINO MACHADO;2104107;Fortaleza dos Nogueiras;2.0;1.0;CENSO_ESCOLAR_2024;65;56;450.89;60;450.94;60;475.89;56;492.11;60;57;95.0;630.33;663.51;0.0;1.0;0.0;1.0;1.0;1.0;1.0;0.0;1.0;0.0;1.0;1.0;1.0;1.0;2.0;0.0;0.0;1.0;0.0;1.0;0.0;0.0;0.0;6.0;6.0;0.0;1.0;2.0;50.0;3.0;60.0;4;4.0;100.0;2.0;2.0;40.0;100.0;0.0
21186898;CENTRO DE ENSINO VERA LUCIA DOS SANTOS CARVALHO;2104107;Fortaleza dos Nogueiras;2.0;1.0;CENSO_ESCOLAR_2024;94;79;435.06;81;445.89;81;468.26;79;441.79;81;80;98.77;602.96;610.5;1.0;1.0;0.0;1.0;1.0;1.0;0.0;0.0;0.0;0.0;1.0;0.0;0.0;0.0;0.0;0.0;0.0;1.0;0.0;1.0;0.0;0.0;0.0;8.0;8.0;8.0;1.0;3.0;75.0;1.0;20.0;4;1.0;25.0;0.0;2.0;40.0;100.0;100.0
21187703;CENTRO DE ENSINO PAULO FREIRE;2106102;Loreto;2.0;1.0;CENSO_ESCOLAR_2024;71;61;428.55;62;433.35;62;458.5;61;460.94;62;54;87.1;553.23;635.19;1.0;1.0;0.0;1.0;1.0;1.0;1.0;1.0;1.0;1.0;1.0;1.0;1.0;1.0;20.0;2.0;0.0;1.0;1.0;1.0;0.0;0.0;0.0;16.0;8.0;8.0;1.0;3.0;75.0;5.0;100.0;4;4.0;100.0;22.0;3.0;60.0;50.0;50.0
21188335;CENTRO DE ENSINO DR PAULO RAMOS;2109700;Sambaíba;2.0;1.0;CENSO_ESCOLAR_2024;29;21;415.4;20;407.14;20;441.88;21;427.37;20;18;90.0;479.0;532.22;1.0;1.0;0.0;1.0;1.0;1.0;0.0;1.0;1.0;0.0;1.0;0.0;1.0;0.0;0.0;1.0;0.0;0.0;0.0;1.0;0.0;0.0;0.0;8.0;5.0;0.0;1.0;3.0;75.0;3.0;60.0;4;2.0;50.0;1.0;1.0;20.0;62.5;0.0
21189692;CENTRO DE ENSINO SAO RAIMUNDO NONATO;2111607;São Raimundo das Mangabeiras;2.0;1.0;CENSO_ESCOLAR_2024;117;87;432.03;90;443.78;90;457.21;87;446.46;90;84;93.33;548.44;587.62;1.0;1.0;0.0;1.0;1.0;1.0;1.0;0.0;0.0;0.0;1.0;0.0;0.0;0.0;0.0;0.0;0.0;1.0;1.0;0.0;0.0;0.0;0.0;12.0;9.0;0.0;1.0;3.0;75.0;2.0;40.0;4;1.0;25.0;0.0;2.0;40.0;75.0;0.0
21194089;CENTRO DE ENSINO MARY DALVA CASTRO ROCHA;2100055;Açailândia;2.0;1.0;CENSO_ESCOLAR_2024;38;29;447.79;30;463.38;30;502.19;29;456.59;30;28;93.33;590.67;632.86;1.0;1.0;0.0;1.0;1.0;1.0;0.0;1.0;1.0;0.0;1.0;0.0;0.0;1.0;0.0;2.0;0.0;1.0;0.0;1.0;0.0;0.0;0.0;7.0;7.0;7.0;1.0;3.0;75.0;3.0;60.0;4;2.0;50.0;2.0;2.0;40.0;100.0;100.0
21194304;CENTRO EDUCA MAIS BARREIRINHAS;2101707;Barreirinhas;2.0;1.0;CENSO_ESCOLAR_2024;84;47;426.46;54;430.11;54;460.98;47;456.6;54;49;90.74;481.85;531.02;1.0;1.0;1.0;1.0;1.0;1.0;0.0;1.0;0.0;1.0;1.0;1.0;1.0;1.0;0.0;1.0;0.0;1.0;0.0;1.0;1.0;0.0;0.0;12.0;6.0;0.0;1.0;4.0;100.0;3.0;60.0;4;4.0;100.0;1.0;3.0;60.0;50.0;0.0
21194315;CENTRO DE ENSINO DR OTAVIO VIEIRA PASSOS;2103208;Chapadinha;2.0;1.0;CENSO_ESCOLAR_2024;228;172;438.14;177;440.94;177;461.68;172;456.75;177;156;88.14;513.67;582.82;1.0;1.0;0.0;1.0;0.0;0.0;0.0;1.0;1.0;0.0;1.0;1.0;1.0;1.0;1.0;3.0;0.0;1.0;1.0;1.0;0.0;0.0;0.0;10.0;2.0;10.0;0.0;3.0;75.0;2.0;40.0;4;4.0;100.0;4.0;3.0;60.0;20.0;100.0
21194434;CENTRO DE ENSINO ALEXANDRE PIRES;2101400;Balsas;2.0;1.0;CENSO_ESCOLAR_2024;41;29;429.78;32;445.82;32;470.64;29;437.56;32;29;90.62;504.38;556.55;1.0;1.0;0.0;1.0;0.0;0.0;0.0;0.0;0.0;0.0;1.0;0.0;0.0;0.0;0.0;0.0;0.0;1.0;0.0;1.0;0.0;0.0;0.0;8.0;5.0;5.0;0.0;3.0;75.0;0.0;0.0;4;1.0;25.0;0.0;2.0;40.0;62.5;62.5
21194483;CENTRO DE ENSINO JOAO PAULO II;2111300;São Luís;2.0;1.0;CENSO_ESCOLAR_2024;79;61;451.07;66;461.81;66;482.87;61;456.0;66;57;86.36;510.61;591.23;1.0;1.0;1.0;1.0;1.0;1.0;1.0;1.0;1.0;0.0;1.0;0.0;0.0;1.0;1.0;1.0;0.0;1.0;1.0;0.0;0.0;0.0;1.0;14.0;14.0;0.0;1.0;4.0;100.0;4.0;80.0;4;2.0;50.0;2.0;2.0;40.0;100.0;0.0
21195110;CENTRO DE ENSINO DRA AGOSTINHA MELO CORREIA LIMA - ANEXO I - SAO VICENTE;2105153;Igarapé do Meio;2.0;2.0;CENSO_ESCOLAR_2024;16;4;443.18;5;482.0;5;485.3;4;459.7;5;5;100.0;692.0;692.0;1.0;1.0;0.0;1.0;0.0;0.0;0.0;0.0;0.0;0.0;0.0;0.0;0.0;;0.0;0.0;0.0;0.0;0.0;1.0;0.0;0.0;0.0;3.0;0.0;0.0;0.0;3.0;75.0;0.0;0.0;3;0.0;0.0;0.0;1.0;20.0;0.0;0.0
21196283;CENTRO DE ENSINO DR CLARINDO SANTIAGO;2111300;São Luís;2.0;1.0;CENSO_ESCOLAR_2024;33;28;466.72;31;482.05;31;500.86;28;497.81;31;29;93.55;634.84;678.62;1.0;1.0;1.0;1.0;1.0;1.0;0.0;0.0;0.0;0.0;1.0;0.0;1.0;1.0;2.0;3.0;4.0;1.0;0.0;1.0;0.0;0.0;0.0;7.0;7.0;0.0;1.0;4.0;100.0;1.0;20.0;4;3.0;75.0;9.0;2.0;40.0;100.0;0.0
21196297;CENTRO DE ENSINO CRUZEIRO DE SANTA BARBARA;2111300;São Luís;2.0;2.0;CENSO_ESCOLAR_2024;56;41;446.45;45;467.6;45;486.95;41;456.13;45;42;93.33;527.56;565.24;1.0;1.0;0.0;1.0;1.0;1.0;0.0;1.0;0.0;0.0;1.0;1.0;1.0;1.0;4.0;0.0;0.0;1.0;0.0;0.0;0.0;0.0;1.0;9.0;9.0;0.0;1.0;3.0;75.0;2.0;40.0;4;4.0;100.0;4.0;1.0;20.0;100.0;0.0
21197067;IFMA - CAMPUS BARREIRINHAS;2101707;Barreirinhas;1.0;2.0;CENSO_ESCOLAR_2024;158;139;481.65;148;497.57;148;516.07;139;502.94;148;137;92.57;671.35;725.26;1.0;0.0;0.0;1.0;1.0;1.0;1.0;1.0;1.0;0.0;1.0;1.0;1.0;1.0;36.0;0.0;0.0;1.0;1.0;1.0;1.0;0.0;0.0;10.0;10.0;10.0;1.0;2.0;50.0;4.0;80.0;4;4.0;100.0;36.0;4.0;80.0;100.0;100.0
21197105;IFMA - CAMPUS SAO RAIMUNDO DAS MANGABEIRAS;2111607;São Raimundo das Mangabeiras;1.0;2.0;CENSO_ESCOLAR_2024;84;77;473.61;78;474.46;78;500.6;77;499.53;78;75;96.15;634.87;660.27;1.0;1.0;1.0;1.0;1.0;1.0;1.0;1.0;0.0;1.0;1.0;1.0;1.0;1.0;105.0;0.0;0.0;1.0;1.0;1.0;0.0;0.0;0.0;10.0;10.0;0.0;1.0;4.0;100.0;4.0;80.0;4;4.0;100.0;105.0;3.0;60.0;100.0;0.0
21198152;CENTRO DE ENSINO DR JOAO LULA;2112209;Timon;2.0;1.0;CENSO_ESCOLAR_2024;163;127;447.67;134;441.04;134;471.67;127;448.77;134;104;77.61;481.34;620.19;1.0;1.0;0.0;1.0;1.0;1.0;0.0;0.0;1.0;0.0;1.0;0.0;1.0;1.0;1.0;1.0;0.0;1.0;1.0;1.0;0.0;0.0;0.0;14.0;14.0;0.0;1.0;3.0;75.0;2.0;40.0;4;3.0;75.0;2.0;3.0;60.0;100.0;0.0
21198199;CENTRO DE ENSINO SENADOR CLODOMIR MILLET;2112209;Timon;2.0;1.0;CENSO_ESCOLAR_2024;109;89;445.55;93;447.76;93;486.36;89;448.08;93;85;91.4;618.06;676.24;1.0;1.0;1.0;1.0;1.0;1.0;1.0;1.0;1.0;0.0;1.0;0.0;0.0;1.0;3.0;0.0;0.0;1.0;1.0;1.0;0.0;0.0;0.0;6.0;6.0;0.0;1.0;4.0;100.0;4.0;80.0;4;2.0;50.0;3.0;3.0;60.0;100.0;0.0
21198247;CENTRO DE ENSINO ALFREDO DUAILIBE;2108058;Paulino Neves;2.0;1.0;CENSO_ESCOLAR_2024;88;60;443.27;61;432.07;61;477.3;60;433.03;61;54;88.52;528.2;596.67;1.0;1.0;0.0;1.0;1.0;1.0;0.0;0.0;0.0;0.0;0.0;0.0;0.0;;3.0;2.0;0.0;1.0;1.0;1.0;0.0;0.0;0.0;6.0;0.0;6.0;1.0;3.0;75.0;1.0;20.0;3;0.0;0.0;5.0;3.0;60.0;0.0;100.0
21198729;CENTRO DE ENSINO JOAO TEIXEIRA SOUSA;2105658;Junco do Maranhão;2.0;1.0;CENSO_ESCOLAR_2024;32;27;454.67;27;458.69;27;489.91;27;462.37;27;23;85.19;531.11;623.48;1.0;1.0;0.0;1.0;0.0;0.0;0.0;0.0;0.0;0.0;0.0;0.0;0.0;;0.0;1.0;0.0;0.0;0.0;0.0;0.0;0.0;1.0;5.0;5.0;0.0;0.0;3.0;75.0;0.0;0.0;3;0.0;0.0;1.0;0.0;0.0;100.0;0.0
21198900;IFMA - CAMPUS TIMON;2112209;Timon;1.0;1.0;CENSO_ESCOLAR_2024;181;174;490.09;176;503.71;176;525.35;174;505.94;176;172;97.73;657.16;672.44;1.0;1.0;0.0;1.0;1.0;1.0;1.0;1.0;1.0;1.0;1.0;1.0;1.0;1.0;46.0;0.0;0.0;1.0;0.0;1.0;0.0;0.0;0.0;10.0;10.0;10.0;1.0;3.0;75.0;5.0;100.0;4;4.0;100.0;46.0;2.0;40.0;100.0;100.0
21198934;CENTRO EDUCA MAIS JOSE FURTADO BEZERRA;2106755;Miranda do Norte;2.0;1.0;CENSO_ESCOLAR_2024;83;60;453.44;60;448.0;60;480.9;60;477.1;60;50;83.33;532.0;638.4;1.0;1.0;0.0;1.0;1.0;1.0;1.0;1.0;1.0;0.0;1.0;1.0;0.0;1.0;10.0;2.0;0.0;1.0;1.0;1.0;0.0;0.0;0.0;12.0;9.0;9.0;1.0;3.0;75.0;4.0;80.0;4;3.0;75.0;12.0;3.0;60.0;75.0;75.0
21198969;IFMA - CAMPUS BACABAL;2101202;Bacabal;1.0;1.0;CENSO_ESCOLAR_2024;95;91;510.2;91;532.8;91;531.72;91;546.0;91;89;97.8;727.69;744.04;1.0;1.0;0.0;1.0;1.0;1.0;1.0;1.0;0.0;0.0;1.0;1.0;1.0;1.0;60.0;2.0;1.0;1.0;1.0;1.0;1.0;0.0;0.0;12.0;12.0;12.0;1.0;3.0;75.0;3.0;60.0;4;4.0;100.0;63.0;4.0;80.0;100.0;100.0
21199020;CENTRO EDUCA MAIS TANCREDO DE ALMEIDA NEVES;2109304;Presidente Vargas;2.0;1.0;CENSO_ESCOLAR_2024;83;60;433.2;65;417.76;65;450.85;60;437.91;65;56;86.15;527.69;612.5;1.0;1.0;0.0;1.0;1.0;1.0;0.0;1.0;0.0;0.0;1.0;1.0;1.0;1.0;7.0;2.0;0.0;1.0;1.0;1.0;0.0;0.0;0.0;8.0;8.0;8.0;1.0;3.0;75.0;2.0;40.0;4;4.0;100.0;9.0;3.0;60.0;100.0;100.0
21199108;IFMA - CAMPUS BARRA DO CORDA;2101608;Barra do Corda;1.0;1.0;CENSO_ESCOLAR_2024;127;114;491.23;117;507.82;117;519.23;114;504.86;117;106;90.6;670.09;739.62;1.0;1.0;0.0;1.0;1.0;1.0;1.0;1.0;1.0;1.0;1.0;1.0;1.0;1.0;85.0;7.0;0.0;1.0;1.0;1.0;1.0;0.0;0.0;15.0;15.0;15.0;1.0;3.0;75.0;5.0;100.0;4;4.0;100.0;92.0;4.0;80.0;100.0;100.0
21199302;IFMA - CAMPUS PINHEIRO;2108603;Pinheiro;1.0;1.0;CENSO_ESCOLAR_2024;141;135;486.22;137;513.37;137;526.05;135;522.4;137;133;97.08;745.4;767.82;1.0;1.0;0.0;1.0;1.0;1.0;1.0;1.0;1.0;1.0;1.0;1.0;1.0;1.0;61.0;0.0;0.0;1.0;1.0;1.0;0.0;0.0;0.0;10.0;10.0;10.0;1.0;3.0;75.0;5.0;100.0;4;4.0;100.0;61.0;3.0;60.0;100.0;100.0
21199365;CENTRO DE ENSINO FORTUNATO MOREIRA NETO;2109007;Porto Franco;2.0;1.0;CENSO_ESCOLAR_2024;148;121;446.49;129;455.88;129;474.24;121;462.7;129;120;93.02;560.47;602.5;1.0;1.0;0.0;1.0;1.0;1.0;1.0;0.0;1.0;0.0;1.0;0.0;0.0;1.0;0.0;3.0;0.0;0.0;1.0;1.0;0.0;0.0;0.0;9.0;2.0;9.0;1.0;3.0;75.0;3.0;60.0;4;2.0;50.0;3.0;2.0;40.0;22.22;100.0
21199383;CENTRO DE ENSINO PROFESSORA MARIA PINHEIRO DE SOUSA;2110856;São Francisco do Brejão;2.0;1.0;CENSO_ESCOLAR_2024;20;14;448.67;15;472.03;15;502.06;14;476.94;15;11;73.33;476.0;649.09;1.0;1.0;0.0;1.0;1.0;1.0;0.0;0.0;0.0;0.0;1.0;0.0;0.0;0.0;0.0;1.0;0.0;1.0;0.0;1.0;0.0;0.0;0.0;5.0;5.0;5.0;1.0;3.0;75.0;1.0;20.0;4;1.0;25.0;1.0;2.0;40.0;100.0;100.0
21199393;CENTRO DE ENSINO HENRIQUE DE LA ROQUE;2111532;São Pedro da Água Branca;2.0;1.0;CENSO_ESCOLAR_2024;61;33;444.74;37;462.66;37;476.63;33;443.5;37;33;89.19;508.65;570.3;1.0;1.0;0.0;1.0;1.0;1.0;0.0;0.0;0.0;0.0;1.0;1.0;0.0;1.0;3.0;2.0;0.0;1.0;0.0;1.0;0.0;0.0;0.0;6.0;6.0;6.0;1.0;3.0;75.0;1.0;20.0;4;3.0;75.0;5.0;2.0;40.0;100.0;100.0
21199407;CENTRO DE ENSINO DE EDUCACAO DE JOVENS E ADULTOS II;2105302;Imperatriz;2.0;1.0;CENSO_ESCOLAR_2024;14;10;421.15;10;450.08;10;486.66;10;465.44;10;9;90.0;446.0;495.56;1.0;1.0;1.0;1.0;1.0;1.0;0.0;0.0;0.0;0.0;1.0;1.0;1.0;1.0;2.0;0.0;0.0;1.0;0.0;1.0;0.0;0.0;0.0;7.0;0.0;7.0;1.0;4.0;100.0;1.0;20.0;4;4.0;100.0;2.0;2.0;40.0;0.0;100.0
21199582;IFMA - CAMPUS SAO LUIS MONTE CASTELO;2111300;São Luís;1.0;1.0;CENSO_ESCOLAR_2024;403;380;524.07;387;541.67;387;546.77;380;576.86;387;376;97.16;710.8;731.6;1.0;1.0;1.0;1.0;1.0;1.0;1.0;1.0;1.0;1.0;1.0;1.0;1.0;1.0;148.0;0.0;0.0;1.0;1.0;1.0;0.0;0.0;0.0;59.0;59.0;45.0;1.0;4.0;100.0;5.0;100.0;4;4.0;100.0;148.0;3.0;60.0;100.0;76.27
21205183;CENTRO DE ENSINO ANTONIO SIRLEY DE ARRUDA LIMA;2104099;Formosa da Serra Negra;2.0;1.0;CENSO_ESCOLAR_2024;144;125;446.27;127;450.81;127;464.93;125;461.45;127;115;90.55;581.73;642.43;1.0;1.0;0.0;1.0;1.0;1.0;1.0;0.0;1.0;0.0;1.0;1.0;0.0;1.0;2.0;3.0;0.0;1.0;1.0;1.0;0.0;0.0;0.0;9.0;7.0;9.0;1.0;3.0;75.0;3.0;60.0;4;3.0;75.0;5.0;3.0;60.0;77.78;100.0
21206341;IFMA - CAMPUS CODO;2103307;Codó;1.0;2.0;CENSO_ESCOLAR_2024;122;115;474.68;116;495.85;116;510.21;115;502.06;116;112;96.55;671.9;695.89;1.0;1.0;0.0;1.0;1.0;1.0;1.0;1.0;1.0;1.0;1.0;1.0;1.0;1.0;80.0;0.0;0.0;1.0;1.0;1.0;1.0;0.0;0.0;24.0;24.0;0.0;1.0;3.0;75.0;5.0;100.0;4;4.0;100.0;80.0;4.0;80.0;100.0;0.0
21207895;COLEGIO MILITAR TIRADENTES V -TIMON;2112209;Timon;2.0;1.0;CENSO_ESCOLAR_2024;184;180;520.19;181;557.22;181;549.61;180;583.5;181;181;100.0;814.14;814.14;1.0;1.0;0.0;1.0;1.0;1.0;0.0;1.0;1.0;1.0;1.0;0.0;1.0;1.0;2.0;4.0;0.0;1.0;1.0;1.0;0.0;0.0;0.0;9.0;9.0;0.0;1.0;3.0;75.0;4.0;80.0;4;3.0;75.0;6.0;3.0;60.0;100.0;0.0
21209669;CENTRO DE ENSINO DIOLINDO DE PAULA RIBEIRO;2107258;Nova Colinas;2.0;1.0;CENSO_ESCOLAR_2024;69;53;426.47;55;426.51;55;448.55;53;458.34;55;47;85.45;497.09;581.7;1.0;1.0;0.0;1.0;1.0;1.0;1.0;1.0;1.0;0.0;1.0;1.0;1.0;1.0;8.0;1.0;0.0;1.0;0.0;1.0;0.0;0.0;0.0;6.0;5.0;6.0;1.0;3.0;75.0;4.0;80.0;4;4.0;100.0;9.0;2.0;40.0;83.33;100.0
21213593;CENTRO EDUCA MAIS PROFESSOR IGNACIO RANGEL;2111300;São Luís;2.0;1.0;CENSO_ESCOLAR_2024;23;18;455.13;18;465.46;18;486.64;18;469.71;18;17;94.44;627.78;664.71;1.0;1.0;0.0;1.0;1.0;1.0;1.0;0.0;1.0;1.0;1.0;1.0;1.0;1.0;4.0;2.0;0.0;1.0;0.0;1.0;0.0;0.0;0.0;6.0;6.0;6.0;1.0;3.0;75.0;4.0;80.0;4;4.0;100.0;6.0;2.0;40.0;100.0;100.0
21213640;CENTRO EDUCA MAIS DORILENE SILVA CASTRO;2111300;São Luís;2.0;1.0;CENSO_ESCOLAR_2024;72;54;440.6;55;453.92;55;476.63;54;436.11;55;48;87.27;496.0;568.33;1.0;1.0;1.0;1.0;1.0;1.0;1.0;1.0;1.0;0.0;1.0;1.0;0.0;1.0;10.0;2.0;0.0;1.0;0.0;1.0;1.0;0.0;0.0;10.0;10.0;10.0;1.0;4.0;100.0;4.0;80.0;4;3.0;75.0;12.0;3.0;60.0;100.0;100.0
21219460;CENTRO DE ENSINO DE EDUCACAO DE JOVENS E ADULTOS;2111300;São Luís;2.0;1.0;CENSO_ESCOLAR_2024;23;11;442.88;11;490.11;11;499.85;11;488.92;11;7;63.64;361.82;568.57;1.0;1.0;1.0;1.0;0.0;0.0;0.0;0.0;0.0;0.0;1.0;0.0;0.0;1.0;0.0;0.0;0.0;0.0;0.0;0.0;0.0;0.0;1.0;6.0;6.0;0.0;0.0;4.0;100.0;0.0;0.0;4;2.0;50.0;0.0;0.0;0.0;100.0;0.0
21219478;CENTRO EDUCA MAIS PROFESSORA MARIA CASIMIRO SOARES;2101202;Bacabal;2.0;1.0;CENSO_ESCOLAR_2024;180;119;442.72;128;456.9;128;488.06;119;460.39;128;106;82.81;544.22;657.17;1.0;1.0;1.0;1.0;1.0;1.0;1.0;1.0;0.0;1.0;1.0;1.0;1.0;1.0;0.0;1.0;1.0;1.0;1.0;0.0;0.0;0.0;0.0;10.0;10.0;10.0;1.0;4.0;100.0;4.0;80.0;4;4.0;100.0;2.0;2.0;40.0;100.0;100.0
21219516;INSTITUTO ESTADUAL DE EDUCACAO CIENCIA E TECONOLOGIA DO MARANHAO - IEMA PLENO ACAILANDIA;2100055;Açailândia;2.0;1.0;CENSO_ESCOLAR_2024;72;63;440.4;64;461.23;64;475.63;63;465.11;64;60;93.75;585.62;624.67;1.0;1.0;0.0;1.0;1.0;1.0;1.0;1.0;1.0;1.0;1.0;1.0;1.0;1.0;3.0;5.0;0.0;1.0;0.0;1.0;1.0;0.0;0.0;11.0;11.0;11.0;1.0;3.0;75.0;5.0;100.0;4;4.0;100.0;8.0;3.0;60.0;100.0;100.0
21221111;CENTRO EDUCA MAIS DESEMBARGADOR EMESIO ARAUJO;2101731;Belágua;2.0;1.0;CENSO_ESCOLAR_2024;42;33;436.64;34;431.61;34;454.32;33;451.26;34;29;85.29;532.94;624.83;1.0;1.0;0.0;1.0;0.0;0.0;0.0;1.0;0.0;0.0;1.0;0.0;0.0;0.0;18.0;0.0;0.0;0.0;0.0;1.0;0.0;0.0;0.0;6.0;6.0;3.0;0.0;3.0;75.0;1.0;20.0;4;1.0;25.0;18.0;1.0;20.0;100.0;50.0
21225630;CENTRO DE ENSINO VINICIUS DE MORAES;2111300;São Luís;2.0;1.0;CENSO_ESCOLAR_2024;59;48;443.71;50;424.81;50;471.59;48;447.51;50;47;94.0;515.2;548.09;1.0;1.0;0.0;1.0;1.0;1.0;0.0;0.0;1.0;1.0;1.0;0.0;1.0;1.0;1.0;2.0;0.0;1.0;0.0;0.0;0.0;0.0;1.0;11.0;11.0;0.0;1.0;3.0;75.0;3.0;60.0;4;3.0;75.0;3.0;1.0;20.0;100.0;0.0
21225672;CENTRO DE ENSINO FERNANDO PERDIGAO;2111300;São Luís;2.0;1.0;CENSO_ESCOLAR_2024;50;39;441.59;39;453.99;39;466.08;39;445.02;39;36;92.31;561.54;608.33;1.0;1.0;1.0;1.0;1.0;1.0;1.0;1.0;0.0;1.0;1.0;1.0;1.0;1.0;5.0;3.0;0.0;1.0;0.0;0.0;0.0;0.0;1.0;13.0;13.0;0.0;1.0;4.0;100.0;4.0;80.0;4;4.0;100.0;8.0;1.0;20.0;100.0;0.0
21228302;CENTRO DE ENSINO DARCY RIBEIRO;2100055;Açailândia;2.0;2.0;CENSO_ESCOLAR_2024;28;12;457.75;13;427.45;13;460.71;12;430.21;13;10;76.92;412.31;536.0;1.0;1.0;0.0;1.0;1.0;1.0;0.0;0.0;0.0;0.0;1.0;1.0;1.0;1.0;2.0;0.0;0.0;1.0;0.0;1.0;0.0;0.0;0.0;13.0;1.0;13.0;1.0;3.0;75.0;1.0;20.0;4;4.0;100.0;2.0;2.0;40.0;7.69;100.0
21228353;CENTRO EDUCA MAIS DAYSE GALVAO DE SOUSA;2111300;São Luís;2.0;1.0;CENSO_ESCOLAR_2024;76;65;455.1;68;471.09;68;495.01;65;478.32;68;60;88.24;575.29;652.0;1.0;1.0;0.0;1.0;1.0;1.0;1.0;1.0;1.0;0.0;1.0;0.0;1.0;1.0;11.0;2.0;0.0;1.0;1.0;1.0;1.0;0.0;0.0;18.0;18.0;18.0;1.0;3.0;75.0;4.0;80.0;4;3.0;75.0;13.0;4.0;80.0;100.0;100.0
21231559;CENTRO EDUCA MAIS JOSUE MONTELLO;2112852;Vila Nova dos Martírios;2.0;1.0;CENSO_ESCOLAR_2024;74;25;446.65;50;468.18;50;475.87;25;476.15;50;47;94.0;563.2;599.15;1.0;1.0;0.0;1.0;1.0;1.0;1.0;1.0;1.0;0.0;1.0;0.0;1.0;1.0;10.0;4.0;0.0;1.0;0.0;1.0;0.0;0.0;0.0;6.0;6.0;6.0;1.0;3.0;75.0;4.0;80.0;4;3.0;75.0;14.0;2.0;40.0;100.0;100.0
21234400;CENTRO EDUCA MAIS PADRE FABIO BERTAGNOLLI;2101400;Balsas;2.0;1.0;CENSO_ESCOLAR_2024;96;81;443.3;85;449.85;85;481.23;81;468.93;85;78;91.76;537.88;586.15;1.0;1.0;0.0;1.0;1.0;1.0;0.0;0.0;1.0;0.0;1.0;0.0;1.0;1.0;0.0;2.0;0.0;1.0;1.0;0.0;0.0;0.0;0.0;12.0;12.0;12.0;1.0;3.0;75.0;2.0;40.0;4;3.0;75.0;2.0;2.0;40.0;100.0;100.0
21241228;CENTRO EDUCA MAIS MARIA DE JESUS GOMES PADILHA;2102408;Cajapió;2.0;2.0;CENSO_ESCOLAR_2024;23;17;418.81;19;433.13;19;438.54;17;441.79;19;18;94.74;525.26;554.44;1.0;1.0;0.0;0.0;1.0;1.0;0.0;0.0;1.0;0.0;1.0;0.0;0.0;1.0;0.0;0.0;0.0;0.0;0.0;1.0;0.0;0.0;0.0;7.0;0.0;0.0;1.0;2.0;50.0;2.0;40.0;4;2.0;50.0;0.0;1.0;20.0;0.0;0.0
21241309;CENTRO DE ENSINO NEUSA DE CARVALHO BASTOS - ANEXO I - SAO JOAO DOS CRENTES;2109908;Santa Inês;2.0;2.0;CENSO_ESCOLAR_2024;32;22;448.1;22;428.3;22;463.89;22;438.68;22;20;90.91;480.0;528.0;1.0;1.0;0.0;0.0;1.0;1.0;0.0;0.0;1.0;0.0;1.0;0.0;0.0;1.0;0.0;0.0;0.0;0.0;0.0;0.0;0.0;0.0;1.0;11.0;3.0;0.0;1.0;2.0;50.0;2.0;40.0;4;2.0;50.0;0.0;0.0;0.0;27.27;0.0
21241430;CENTRO DE ENSINO QUINCIO PINTO MUNIZ - ANEXO I - GAMELEIRA;2102507;Cajari;2.0;2.0;CENSO_ESCOLAR_2024;10;3;466.17;3;450.1;3;461.3;3;444.8;3;3;100.0;533.33;533.33;1.0;1.0;0.0;0.0;0.0;0.0;0.0;0.0;0.0;0.0;0.0;0.0;0.0;;0.0;0.0;0.0;0.0;0.0;0.0;0.0;0.0;1.0;6.0;6.0;0.0;0.0;2.0;50.0;0.0;0.0;3;0.0;0.0;0.0;0.0;0.0;100.0;0.0
21241996;CENTRO DE ENSINO DEPUTADO ALEXANDRE COSTA;2106672;Milagres do Maranhão;2.0;1.0;CENSO_ESCOLAR_2024;36;22;437.2;25;399.6;25;426.98;22;432.13;25;20;80.0;378.4;473.0;1.0;1.0;1.0;1.0;0.0;0.0;0.0;1.0;0.0;0.0;1.0;1.0;1.0;1.0;0.0;0.0;0.0;0.0;0.0;1.0;1.0;0.0;0.0;9.0;0.0;0.0;0.0;4.0;100.0;1.0;20.0;4;4.0;100.0;0.0;2.0;40.0;0.0;0.0
21242062;CENTRO DE ENSINO RUI BARBOSA - ANEXO I - FRANCO MARINHO;2102150;Brejo de Areia;2.0;1.0;CENSO_ESCOLAR_2024;31;20;424.71;23;411.92;23;416.48;20;439.8;23;21;91.3;506.96;555.24;1.0;1.0;0.0;0.0;1.0;1.0;0.0;1.0;0.0;1.0;1.0;1.0;0.0;0.0;10.0;0.0;0.0;1.0;0.0;1.0;0.0;0.0;0.0;14.0;0.0;8.0;1.0;2.0;50.0;3.0;60.0;4;2.0;50.0;10.0;2.0;40.0;0.0;57.14
21242151;CENTRO DE ENSINO PROFESSOR NEWTON NEVES - ANEXO II - ENTRONCAMENTO;2105401;Itapecuru Mirim;2.0;2.0;CENSO_ESCOLAR_2024;18;10;440.06;10;460.67;10;459.65;10;461.35;10;10;100.0;590.0;590.0;1.0;1.0;0.0;1.0;1.0;1.0;0.0;0.0;1.0;1.0;1.0;0.0;0.0;1.0;1.0;0.0;0.0;1.0;0.0;1.0;0.0;0.0;0.0;7.0;1.0;0.0;1.0;3.0;75.0;3.0;60.0;4;2.0;50.0;1.0;2.0;40.0;14.29;0.0
21242275;CENTRO DE ENSINO DELFINO AGUIAR DE AZEVEDO - ANEXO I - VAO DO MARCO;2111052;São João do Paraíso;2.0;2.0;CENSO_ESCOLAR_2024;11;7;383.49;7;408.46;7;409.21;7;448.69;7;6;85.71;537.14;626.67;1.0;1.0;0.0;1.0;0.0;0.0;0.0;0.0;0.0;0.0;1.0;1.0;1.0;1.0;0.0;1.0;0.0;0.0;0.0;0.0;0.0;0.0;1.0;6.0;0.0;0.0;0.0;3.0;75.0;0.0;0.0;4;4.0;100.0;1.0;0.0;0.0;0.0;0.0
21242330;CENTRO DE ENSINO RUI BARBOSA - ANEXO III - CESAR BANDEIRA;2106359;Marajá do Sena;2.0;1.0;CENSO_ESCOLAR_2024;11;6;398.4;8;397.4;8;413.52;6;458.57;8;7;87.5;410.0;468.57;0.0;1.0;0.0;1.0;0.0;1.0;0.0;0.0;0.0;0.0;0.0;0.0;0.0;;0.0;0.0;0.0;1.0;0.0;1.0;0.0;0.0;0.0;6.0;0.0;0.0;1.0;2.0;50.0;1.0;20.0;3;0.0;0.0;0.0;2.0;40.0;0.0;0.0
21242615;CENTRO DE ENSINO PROFESSOR NEWTON NEVES - ANEXO III - LEITE;2105401;Itapecuru Mirim;2.0;2.0;CENSO_ESCOLAR_2024;14;9;403.01;10;417.06;10;459.7;9;420.29;10;7;70.0;336.0;480.0;1.0;1.0;0.0;1.0;0.0;0.0;0.0;0.0;0.0;0.0;1.0;0.0;0.0;1.0;1.0;0.0;0.0;1.0;1.0;0.0;0.0;0.0;1.0;9.0;0.0;0.0;0.0;3.0;75.0;0.0;0.0;4;2.0;50.0;1.0;2.0;40.0;0.0;0.0
21242925;CENTRO DE ENSINO PROFESSORA MARIETA SA;2111953;Sucupira do Riachão;2.0;1.0;CENSO_ESCOLAR_2024;29;23;434.6;25;407.61;25;420.14;23;434.11;25;22;88.0;464.8;528.18;1.0;1.0;0.0;0.0;1.0;1.0;0.0;1.0;0.0;0.0;1.0;0.0;1.0;0.0;1.0;3.0;0.0;1.0;0.0;0.0;0.0;0.0;0.0;7.0;0.0;0.0;1.0;2.0;50.0;2.0;40.0;4;2.0;50.0;4.0;1.0;20.0;0.0;0.0
21242941;CENTRO DE ENSINO FREI JOAO RODRIGUES MOREIRA;2105963;Lagoa Grande do Maranhão;2.0;1.0;CENSO_ESCOLAR_2024;71;52;452.48;54;470.46;54;489.12;52;461.85;54;49;90.74;547.78;603.67;1.0;1.0;0.0;1.0;1.0;1.0;0.0;0.0;0.0;0.0;1.0;0.0;1.0;1.0;0.0;0.0;0.0;1.0;0.0;1.0;1.0;0.0;0.0;6.0;6.0;6.0;1.0;3.0;75.0;1.0;20.0;4;3.0;75.0;0.0;3.0;60.0;100.0;100.0
21242968;CENTRO DE ENSINO PROFESSORA GRACILDE LIMA;2111672;São Roberto;2.0;1.0;CENSO_ESCOLAR_2024;42;36;426.74;38;421.58;38;439.02;36;444.14;38;33;86.84;460.0;529.7;1.0;1.0;0.0;1.0;0.0;1.0;0.0;1.0;0.0;0.0;0.0;0.0;0.0;;2.0;0.0;0.0;1.0;0.0;1.0;0.0;0.0;0.0;6.0;0.0;6.0;1.0;3.0;75.0;2.0;40.0;3;0.0;0.0;2.0;2.0;40.0;0.0;100.0
21243000;CENTRO DE ENSINO GOVERNADOR JACKSON LAGO;2111631;São Raimundo do Doca Bezerra;2.0;1.0;CENSO_ESCOLAR_2024;20;11;465.55;11;459.37;11;485.74;11;497.52;11;10;90.91;641.82;706.0;1.0;1.0;0.0;1.0;1.0;1.0;0.0;0.0;0.0;0.0;1.0;1.0;0.0;1.0;1.0;1.0;0.0;0.0;0.0;1.0;0.0;0.0;0.0;6.0;0.0;0.0;1.0;3.0;75.0;1.0;20.0;4;3.0;75.0;2.0;1.0;20.0;0.0;0.0
21243280;CENTRO EDUCA MAIS MONSENHOR LUIS ALVES MADUREIRA;2101251;Bacabeira;2.0;2.0;CENSO_ESCOLAR_2024;24;18;429.98;18;427.82;18;442.13;18;423.26;18;15;83.33;436.67;524.0;1.0;1.0;0.0;1.0;0.0;1.0;0.0;1.0;1.0;0.0;0.0;0.0;0.0;;1.0;0.0;0.0;1.0;0.0;1.0;0.0;0.0;0.0;5.0;5.0;0.0;1.0;3.0;75.0;3.0;60.0;3;0.0;0.0;1.0;2.0;40.0;100.0;0.0
21243344;CENTRO DE ENSINO DR JACKSON LAGO;2109270;Presidente Sarney;2.0;1.0;CENSO_ESCOLAR_2024;80;48;434.26;49;432.92;49;465.39;48;460.45;49;44;89.8;543.67;605.45;0.0;1.0;0.0;1.0;0.0;1.0;0.0;1.0;0.0;0.0;1.0;0.0;0.0;1.0;4.0;0.0;0.0;1.0;0.0;1.0;0.0;0.0;0.0;9.0;6.0;6.0;1.0;2.0;50.0;2.0;40.0;4;2.0;50.0;4.0;2.0;40.0;66.67;66.67
21243409;CENTRO DE ENSINO LUCILIA MOREIRA;2108603;Pinheiro;2.0;2.0;CENSO_ESCOLAR_2024;99;69;437.33;73;442.86;73;459.71;69;449.93;73;65;89.04;484.93;544.62;1.0;1.0;0.0;1.0;1.0;1.0;0.0;0.0;0.0;0.0;1.0;1.0;1.0;1.0;0.0;8.0;0.0;1.0;0.0;0.0;0.0;0.0;0.0;8.0;8.0;0.0;1.0;3.0;75.0;1.0;20.0;4;4.0;100.0;8.0;1.0;20.0;100.0;0.0
21243875;CENTRO DE ENSINO NICOLAU DINO - ANEXO II - ALTO BRASIL;2104800;Grajaú;2.0;2.0;CENSO_ESCOLAR_2024;23;7;442.93;8;437.68;8;445.06;7;445.24;8;7;87.5;392.5;448.57;1.0;1.0;0.0;1.0;0.0;0.0;0.0;0.0;0.0;0.0;1.0;0.0;0.0;0.0;0.0;0.0;0.0;0.0;0.0;0.0;0.0;0.0;1.0;1.0;0.0;0.0;0.0;3.0;75.0;0.0;0.0;4;1.0;25.0;0.0;0.0;0.0;0.0;0.0
21243883;CENTRO DE ENSINO PROFESSORA MARIA ANITA OLIVEIRA NEPOMUCENO;2105476;Jenipapo dos Vieiras;2.0;1.0;CENSO_ESCOLAR_2024;23;20;449.05;20;432.89;20;491.31;20;500.96;20;19;95.0;595.0;626.32;1.0;1.0;0.0;1.0;0.0;0.0;0.0;0.0;0.0;0.0;1.0;0.0;0.0;0.0;0.0;0.0;0.0;1.0;0.0;1.0;0.0;0.0;0.0;6.0;0.0;0.0;0.0;3.0;75.0;0.0;0.0;4;1.0;25.0;0.0;2.0;40.0;0.0;0.0
21246920;CENTRO DE ENSINO MANOEL DE NAZARETH DOS SANTOS;2103554;Conceição do Lago-Açu;2.0;1.0;CENSO_ESCOLAR_2024;95;62;434.69;67;418.18;67;454.63;62;448.99;67;51;76.12;442.69;581.57;1.0;1.0;1.0;1.0;1.0;1.0;0.0;1.0;0.0;0.0;1.0;1.0;1.0;1.0;2.0;0.0;0.0;1.0;0.0;0.0;0.0;0.0;0.0;21.0;12.0;6.0;1.0;4.0;100.0;2.0;40.0;4;4.0;100.0;2.0;1.0;20.0;57.14;28.57
21247072;CENTRO DE ENSINO DEPUTADO LUIS ROCHA - ANEXO I - QUEIMADAS;2109809;Santa Helena;2.0;2.0;CENSO_ESCOLAR_2024;22;10;463.19;10;438.28;10;451.07;10;440.6;10;10;100.0;594.0;594.0;1.0;1.0;0.0;1.0;0.0;0.0;0.0;0.0;0.0;0.0;0.0;0.0;0.0;;0.0;0.0;0.0;0.0;0.0;0.0;0.0;0.0;1.0;4.0;4.0;0.0;0.0;3.0;75.0;0.0;0.0;3;0.0;0.0;0.0;0.0;0.0;100.0;0.0
21247110;CENTRO DE ENSINO PROFESSOR JOSE CARLOS QUADROS;2112456;Turilândia;2.0;1.0;CENSO_ESCOLAR_2024;100;72;436.47;79;439.64;79;466.35;72;440.97;79;72;91.14;564.81;619.72;1.0;1.0;0.0;1.0;1.0;1.0;0.0;1.0;0.0;0.0;1.0;1.0;1.0;0.0;2.0;2.0;0.0;1.0;0.0;0.0;0.0;0.0;1.0;25.0;7.0;0.0;1.0;3.0;75.0;2.0;40.0;4;3.0;75.0;4.0;1.0;20.0;28.0;0.0
21247242;CENTRO DE ENSINO TEREZINHA DE JESUS SILVA BORGES;2108256;Pedro do Rosário;2.0;1.0;CENSO_ESCOLAR_2024;97;66;421.99;72;414.32;72;440.99;66;437.2;72;52;72.22;379.17;525.0;1.0;1.0;0.0;1.0;0.0;1.0;0.0;0.0;0.0;0.0;1.0;0.0;0.0;1.0;3.0;0.0;0.0;1.0;1.0;0.0;0.0;0.0;1.0;8.0;8.0;0.0;1.0;3.0;75.0;1.0;20.0;4;2.0;50.0;3.0;2.0;40.0;100.0;0.0
21247935;CENTRO DE ENSINO PROFESSORA JUANETE MARTINS LICAR;2110203;Santa Rita;2.0;2.0;CENSO_ESCOLAR_2024;36;19;447.83;20;419.5;20;468.41;19;461.72;20;17;85.0;472.0;555.29;1.0;1.0;0.0;1.0;1.0;1.0;0.0;0.0;0.0;0.0;0.0;0.0;0.0;;0.0;0.0;0.0;1.0;0.0;0.0;0.0;0.0;0.0;6.0;0.0;0.0;1.0;3.0;75.0;1.0;20.0;3;0.0;0.0;0.0;1.0;20.0;0.0;0.0
21248281;CENTRO DE ENSINO PRINCESA ISABEL - ANEXO I - ZE DOCA;2100873;Araguanã;2.0;1.0;CENSO_ESCOLAR_2024;51;38;432.93;40;420.0;40;449.92;38;441.48;40;37;92.5;539.0;582.7;1.0;1.0;0.0;1.0;1.0;1.0;0.0;0.0;0.0;0.0;0.0;0.0;0.0;;0.0;1.0;0.0;1.0;0.0;1.0;1.0;0.0;0.0;6.0;6.0;6.0;1.0;3.0;75.0;1.0;20.0;3;0.0;0.0;1.0;3.0;60.0;100.0;100.0
21248303;CENTRO DE ENSINO ANTONIO LAERCIO ALVES FERNANDES DOS REIS - BOA VISTA DO GURUPI;2101970;Boa Vista do Gurupi;2.0;1.0;CENSO_ESCOLAR_2024;55;38;433.47;40;449.08;40;468.28;38;450.81;40;36;90.0;498.0;553.33;1.0;1.0;0.0;1.0;1.0;1.0;0.0;0.0;1.0;1.0;1.0;1.0;0.0;1.0;0.0;0.0;0.0;1.0;0.0;1.0;1.0;0.0;0.0;6.0;6.0;6.0;1.0;3.0;75.0;3.0;60.0;4;3.0;75.0;0.0;3.0;60.0;100.0;100.0
21248311;CENTRO DE ENSINO PROFESSOR EDSON PEREIRA DA SILVA;2103158;Centro do Guilherme;2.0;1.0;CENSO_ESCOLAR_2024;65;38;435.56;40;422.54;40;448.45;38;451.51;40;32;80.0;530.5;663.12;1.0;1.0;0.0;1.0;1.0;1.0;1.0;0.0;0.0;0.0;1.0;1.0;1.0;1.0;0.0;1.0;0.0;1.0;0.0;0.0;0.0;0.0;0.0;9.0;6.0;9.0;1.0;3.0;75.0;2.0;40.0;4;4.0;100.0;1.0;1.0;20.0;66.67;100.0
21248338;CENTRO DE ENSINO MARINALVA MORAIS FRAZAO;2103174;Centro Novo do Maranhão;2.0;1.0;CENSO_ESCOLAR_2024;65;38;461.84;40;450.58;40;475.78;38;473.3;40;35;87.5;550.0;628.57;1.0;1.0;0.0;1.0;1.0;1.0;0.0;0.0;0.0;0.0;1.0;1.0;0.0;1.0;1.0;1.0;0.0;1.0;0.0;0.0;0.0;0.0;1.0;9.0;7.0;0.0;1.0;3.0;75.0;1.0;20.0;4;3.0;75.0;2.0;1.0;20.0;77.78;0.0
21248354;CENTRO DE ENSINO JOAO TEIXEIRA SOUSA - ANEXO II - 21 DE ABRIL;2100550;Amapá do Maranhão;2.0;1.0;CENSO_ESCOLAR_2024;36;25;437.48;26;453.37;26;468.21;25;438.55;26;22;84.62;470.0;555.45;1.0;1.0;0.0;1.0;1.0;1.0;0.0;0.0;0.0;0.0;1.0;0.0;0.0;0.0;0.0;0.0;0.0;1.0;0.0;0.0;0.0;0.0;1.0;6.0;6.0;0.0;1.0;3.0;75.0;1.0;20.0;4;1.0;25.0;0.0;1.0;20.0;100.0;0.0
21248370;CENTRO DE ENSINO ELIAS DAS CHAGAS BITENCOURT;2106375;Maranhãozinho;2.0;1.0;CENSO_ESCOLAR_2024;52;37;454.71;37;444.72;37;495.94;37;474.95;37;32;86.49;639.46;739.38;1.0;1.0;0.0;1.0;1.0;1.0;0.0;0.0;0.0;0.0;1.0;0.0;0.0;1.0;1.0;0.0;0.0;1.0;0.0;0.0;0.0;0.0;1.0;12.0;8.0;0.0;1.0;3.0;75.0;1.0;20.0;4;2.0;50.0;1.0;1.0;20.0;66.67;0.0
21248451;CENTRO DE ENSINO LARA RIBAS;2111300;São Luís;2.0;1.0;CENSO_ESCOLAR_2024;48;34;443.26;38;419.84;38;448.49;34;456.96;38;36;94.74;561.58;592.78;1.0;1.0;1.0;1.0;1.0;1.0;1.0;1.0;1.0;1.0;1.0;1.0;0.0;1.0;10.0;3.0;0.0;1.0;1.0;1.0;1.0;0.0;0.0;8.0;7.0;8.0;1.0;4.0;100.0;5.0;100.0;4;3.0;75.0;13.0;4.0;80.0;87.5;100.0
21248559;IFMA - CAMPUS SAO JOAO DOS PATOS;2111102;São João dos Patos;1.0;1.0;CENSO_ESCOLAR_2024;92;84;468.71;84;476.1;84;500.95;84;489.62;84;79;94.05;681.43;724.56;1.0;1.0;0.0;1.0;1.0;1.0;1.0;1.0;1.0;1.0;1.0;1.0;1.0;1.0;147.0;0.0;0.0;1.0;0.0;1.0;1.0;0.0;0.0;10.0;10.0;10.0;1.0;3.0;75.0;5.0;100.0;4;4.0;100.0;147.0;3.0;60.0;100.0;100.0
21249016;CENTRO EDUCA MAIS SAO JOSE DE RIBAMAR;2111201;São José de Ribamar;2.0;1.0;CENSO_ESCOLAR_2024;104;66;435.27;72;440.49;72;454.36;66;445.01;72;58;80.56;401.67;498.62;1.0;1.0;1.0;1.0;1.0;1.0;1.0;1.0;0.0;0.0;1.0;1.0;1.0;1.0;5.0;0.0;0.0;1.0;0.0;1.0;0.0;0.0;0.0;12.0;12.0;12.0;1.0;4.0;100.0;3.0;60.0;4;4.0;100.0;5.0;2.0;40.0;100.0;100.0
21250308;CENTRO DE ENSINO LUIZ SABRY AZAR;2102036;Bom Jesus das Selvas;2.0;1.0;CENSO_ESCOLAR_2024;159;85;431.71;99;448.37;99;468.28;85;442.6;99;91;91.92;523.84;569.89;1.0;1.0;0.0;1.0;0.0;0.0;0.0;0.0;1.0;0.0;1.0;1.0;1.0;1.0;0.0;10.0;0.0;1.0;0.0;1.0;0.0;0.0;0.0;14.0;8.0;8.0;0.0;3.0;75.0;1.0;20.0;4;4.0;100.0;10.0;2.0;40.0;57.14;57.14
21250529;CENTRO DE ENSINO PROFESSORA MARCELINA NOIA ALVES;2100477;Alto Alegre do Pindaré;2.0;1.0;CENSO_ESCOLAR_2024;40;31;443.85;32;452.71;32;477.62;31;448.51;32;29;90.62;513.12;566.21;1.0;1.0;0.0;1.0;1.0;1.0;0.0;0.0;0.0;0.0;1.0;0.0;0.0;1.0;1.0;2.0;0.0;1.0;1.0;1.0;0.0;0.0;0.0;6.0;6.0;0.0;1.0;3.0;75.0;1.0;20.0;4;2.0;50.0;3.0;3.0;60.0;100.0;0.0
21250537;CENTRO EDUCA MAIS PROFESSORA CONCEICAO BRENHA RAPOSO;2111029;São João do Carú;2.0;1.0;CENSO_ESCOLAR_2024;84;44;435.2;49;422.27;49;451.0;44;439.78;49;31;63.27;390.2;616.77;1.0;1.0;0.0;1.0;1.0;1.0;0.0;0.0;0.0;0.0;1.0;0.0;0.0;1.0;1.0;3.0;0.0;1.0;0.0;1.0;0.0;0.0;0.0;6.0;2.0;6.0;1.0;3.0;75.0;1.0;20.0;4;2.0;50.0;4.0;2.0;40.0;33.33;100.0
21251274;CENTRO DE ENSINO PASTOR JOAO JONAS;2111573;São Pedro dos Crentes;2.0;1.0;CENSO_ESCOLAR_2024;36;26;438.87;26;455.34;26;455.32;26;457.52;26;25;96.15;580.77;604.0;1.0;1.0;0.0;1.0;0.0;0.0;0.0;0.0;0.0;0.0;1.0;1.0;1.0;0.0;0.0;1.0;0.0;0.0;0.0;0.0;0.0;0.0;1.0;9.0;9.0;0.0;0.0;3.0;75.0;0.0;0.0;4;3.0;75.0;1.0;0.0;0.0;100.0;0.0
21251320;CENTRO DE ENSINO PREFEITO DIONILIO GONCALVES COSTA;2106300;Magalhães de Almeida;2.0;1.0;CENSO_ESCOLAR_2024;80;67;444.52;67;444.91;67;474.83;67;455.18;67;61;91.04;602.39;661.64;1.0;1.0;1.0;1.0;0.0;0.0;0.0;0.0;1.0;0.0;1.0;0.0;1.0;1.0;10.0;0.0;0.0;1.0;0.0;1.0;0.0;0.0;0.0;24.0;6.0;6.0;0.0;4.0;100.0;1.0;20.0;4;3.0;75.0;10.0;2.0;40.0;25.0;25.0
21251355;CENTRO EDUCA MAIS CONEGO NESTOR CUNHA;2110104;Santa Quitéria do Maranhão;2.0;1.0;CENSO_ESCOLAR_2024;148;130;434.41;134;436.88;134;447.42;130;453.78;134;116;86.57;499.85;577.41;1.0;1.0;0.0;1.0;1.0;1.0;0.0;1.0;1.0;1.0;1.0;1.0;0.0;1.0;0.0;2.0;0.0;1.0;0.0;1.0;0.0;0.0;0.0;12.0;12.0;3.0;1.0;3.0;75.0;4.0;80.0;4;3.0;75.0;2.0;2.0;40.0;100.0;25.0
21252530;CENTRO EDUCA MAIS DRA AGOSTINHA MELO CORREIA LIMA;2105153;Igarapé do Meio;2.0;1.0;CENSO_ESCOLAR_2024;63;47;430.24;49;436.26;49;452.57;47;437.52;49;39;79.59;463.67;582.56;1.0;1.0;0.0;1.0;0.0;0.0;0.0;0.0;1.0;0.0;0.0;0.0;0.0;;0.0;1.0;0.0;1.0;0.0;1.0;0.0;0.0;0.0;13.0;0.0;0.0;0.0;3.0;75.0;1.0;20.0;3;0.0;0.0;1.0;2.0;40.0;0.0;0.0
21252670;CENTRO EDUCA MAIS PROFESSOR FRANCISCO NALDO POVOAS;2106326;Maracaçumé;2.0;1.0;CENSO_ESCOLAR_2024;162;94;433.11;104;419.3;104;444.19;94;454.72;104;75;72.12;417.69;579.2;1.0;1.0;0.0;1.0;1.0;1.0;0.0;0.0;0.0;0.0;1.0;1.0;1.0;1.0;0.0;3.0;0.0;1.0;0.0;1.0;0.0;0.0;0.0;8.0;8.0;0.0;1.0;3.0;75.0;1.0;20.0;4;4.0;100.0;3.0;2.0;40.0;100.0;0.0
21252688;CENTRO EDUCA MAIS MARIA IRACEMA ALVES DE SOUSA;2104677;Governador Nunes Freire;2.0;1.0;CENSO_ESCOLAR_2024;155;93;436.27;102;446.43;102;470.09;93;454.19;102;89;87.25;506.27;580.22;1.0;1.0;0.0;1.0;1.0;1.0;1.0;1.0;1.0;0.0;1.0;1.0;0.0;0.0;0.0;1.0;0.0;1.0;1.0;1.0;0.0;0.0;0.0;25.0;9.0;9.0;1.0;3.0;75.0;4.0;80.0;4;2.0;50.0;1.0;3.0;60.0;36.0;36.0
21252815;CENTRO DE ENSINO ROSALINA SA;2104073;Feira Nova do Maranhão;2.0;1.0;CENSO_ESCOLAR_2024;56;42;461.76;44;460.74;44;472.99;42;455.46;44;41;93.18;557.73;598.54;1.0;1.0;0.0;1.0;1.0;1.0;0.0;1.0;0.0;0.0;1.0;0.0;0.0;1.0;10.0;0.0;0.0;1.0;0.0;1.0;0.0;0.0;0.0;6.0;6.0;0.0;1.0;3.0;75.0;2.0;40.0;4;2.0;50.0;10.0;2.0;40.0;100.0;0.0
21253676;CENTRO DE ENSINO SANTA FILOMENA;2109759;Santa Filomena do Maranhão;2.0;1.0;CENSO_ESCOLAR_2024;19;13;420.75;13;407.55;13;445.75;13;449.19;13;11;84.62;373.85;441.82;1.0;1.0;0.0;1.0;0.0;0.0;0.0;0.0;0.0;0.0;0.0;0.0;0.0;;0.0;2.0;0.0;1.0;0.0;1.0;0.0;0.0;0.0;7.0;0.0;0.0;0.0;3.0;75.0;0.0;0.0;3;0.0;0.0;2.0;2.0;40.0;0.0;0.0
21254036;CENTRO DE ENSINO JOVIANA SILVA FARIAS;2100055;Açailândia;2.0;1.0;CENSO_ESCOLAR_2024;167;65;433.51;86;429.77;86;448.24;65;435.81;86;60;69.77;375.58;538.33;1.0;1.0;0.0;1.0;0.0;0.0;0.0;0.0;0.0;0.0;1.0;1.0;0.0;1.0;10.0;2.0;1.0;0.0;0.0;0.0;0.0;0.0;1.0;6.0;1.0;0.0;0.0;3.0;75.0;0.0;0.0;4;3.0;75.0;13.0;0.0;0.0;16.67;0.0
21254290;CENTRO DE ENSINO ALUISIO AZEVEDO;2105450;Jatobá;2.0;1.0;CENSO_ESCOLAR_2024;44;28;438.38;30;432.15;30;466.02;28;440.65;30;24;80.0;464.0;580.0;1.0;1.0;0.0;0.0;0.0;0.0;0.0;0.0;0.0;0.0;1.0;0.0;0.0;0.0;0.0;0.0;0.0;1.0;0.0;1.0;0.0;0.0;0.0;6.0;0.0;0.0;0.0;2.0;50.0;0.0;0.0;4;1.0;25.0;0.0;2.0;40.0;0.0;0.0
21254338;CENTRO DE ENSINO ISA RAPOSO BORBA GUIMARAES - ANEXO III - COCOS;2106706;Mirador;2.0;2.0;CENSO_ESCOLAR_2024;23;14;443.53;14;406.9;14;440.92;14;455.25;14;12;85.71;488.57;570.0;1.0;1.0;0.0;1.0;1.0;1.0;0.0;0.0;0.0;0.0;0.0;0.0;0.0;;0.0;0.0;0.0;1.0;0.0;0.0;0.0;0.0;1.0;7.0;0.0;0.0;1.0;3.0;75.0;1.0;20.0;3;0.0;0.0;0.0;1.0;20.0;0.0;0.0
21254397;CENTRO DE ENSINO VEREADOR JOAQUIM SILVA SOUSA;2100477;Alto Alegre do Pindaré;2.0;2.0;CENSO_ESCOLAR_2024;17;10;452.88;11;410.35;11;459.95;10;458.46;11;9;81.82;405.45;495.56;1.0;1.0;1.0;1.0;0.0;0.0;0.0;0.0;1.0;0.0;1.0;1.0;0.0;1.0;0.0;0.0;0.0;1.0;0.0;1.0;0.0;0.0;0.0;8.0;8.0;8.0;0.0;4.0;100.0;1.0;20.0;4;3.0;75.0;0.0;2.0;40.0;100.0;100.0
21254400;CENTRO DE ENSINO DRº ADONIAS LUCAS DE LACERDA - ANEXO I - VARZEA;2111904;Sucupira do Norte;2.0;2.0;CENSO_ESCOLAR_2024;10;5;414.4;5;422.76;5;434.0;5;433.12;5;5;100.0;448.0;448.0;1.0;1.0;0.0;0.0;0.0;0.0;0.0;0.0;0.0;0.0;1.0;0.0;1.0;0.0;0.0;0.0;0.0;0.0;0.0;0.0;0.0;0.0;1.0;3.0;0.0;0.0;0.0;2.0;50.0;0.0;0.0;4;2.0;50.0;0.0;0.0;0.0;0.0;0.0
21255253;CENTRO DE ENSINO MARINALVA MORAIS FRAZAO - ANEXO I-CHEGA TUDO;2103174;Centro Novo do Maranhão;2.0;2.0;CENSO_ESCOLAR_2024;45;29;440.19;30;431.07;30;451.18;29;441.23;30;21;70.0;367.33;524.76;1.0;1.0;0.0;0.0;0.0;0.0;0.0;1.0;0.0;0.0;1.0;1.0;0.0;1.0;2.0;4.0;0.0;0.0;0.0;1.0;0.0;0.0;0.0;11.0;0.0;8.0;0.0;2.0;50.0;1.0;20.0;4;3.0;75.0;6.0;1.0;20.0;0.0;72.73
21255261;CENTRO DE ENSINO LUIS CHEIVAN;2104628;Governador Luiz Rocha;2.0;1.0;CENSO_ESCOLAR_2024;90;55;433.17;56;426.63;56;457.02;55;447.19;56;47;83.93;496.07;591.06;1.0;1.0;0.0;1.0;0.0;1.0;0.0;1.0;0.0;0.0;1.0;1.0;0.0;1.0;1.0;0.0;0.0;1.0;0.0;1.0;0.0;0.0;0.0;6.0;6.0;6.0;1.0;3.0;75.0;2.0;40.0;4;3.0;75.0;1.0;2.0;40.0;100.0;100.0
21256357;CENTRO DE ENSINO ODORICO MENDES - ANEXO I - BOM VIVER;2108603;Pinheiro;2.0;2.0;CENSO_ESCOLAR_2024;22;17;416.68;17;424.76;17;441.55;17;433.2;17;16;94.12;531.76;565.0;1.0;1.0;0.0;1.0;0.0;0.0;0.0;0.0;1.0;0.0;1.0;0.0;0.0;1.0;1.0;0.0;0.0;0.0;0.0;0.0;0.0;0.0;1.0;6.0;6.0;0.0;0.0;3.0;75.0;1.0;20.0;4;2.0;50.0;1.0;0.0;0.0;100.0;0.0
21256608;CENTRO DE ENSINO JOSE BRUNO DE MORAIS;2103000;Caxias;2.0;2.0;CENSO_ESCOLAR_2024;32;17;436.88;18;396.75;18;442.78;17;445.79;18;14;77.78;375.56;482.86;1.0;1.0;0.0;1.0;1.0;1.0;0.0;1.0;0.0;0.0;1.0;1.0;1.0;1.0;6.0;0.0;0.0;0.0;0.0;1.0;0.0;0.0;0.0;6.0;0.0;6.0;1.0;3.0;75.0;2.0;40.0;4;4.0;100.0;6.0;1.0;20.0;0.0;100.0
21256616;CENTRO DE ENSINO THALES RIBEIRO GONCALVES - ANEXO II - BREJINHO;2103000;Caxias;2.0;2.0;CENSO_ESCOLAR_2024;31;20;432.36;20;420.02;20;462.72;20;453.51;20;17;85.0;422.0;496.47;1.0;1.0;0.0;1.0;0.0;1.0;0.0;0.0;0.0;0.0;1.0;0.0;0.0;1.0;0.0;0.0;0.0;1.0;0.0;1.0;0.0;0.0;0.0;6.0;0.0;6.0;1.0;3.0;75.0;1.0;20.0;4;2.0;50.0;0.0;2.0;40.0;0.0;100.0
21257248;CENTRO DE ENSINO ANTONIO CORREA - ANEXO III - PALMEIRAL;2104008;Esperantinópolis;2.0;2.0;CENSO_ESCOLAR_2024;13;8;430.61;8;459.65;8;465.75;8;477.92;8;7;87.5;570.0;651.43;1.0;1.0;0.0;0.0;0.0;0.0;0.0;1.0;0.0;0.0;0.0;0.0;0.0;;0.0;0.0;0.0;0.0;0.0;0.0;0.0;0.0;1.0;4.0;0.0;0.0;0.0;2.0;50.0;1.0;20.0;3;0.0;0.0;0.0;0.0;0.0;0.0;0.0
21257582;CENTRO EDUCA MAIS PAULO VI;2111300;São Luís;2.0;1.0;CENSO_ESCOLAR_2024;99;76;451.74;87;444.6;87;480.72;76;453.01;87;77;88.51;535.17;604.68;1.0;1.0;1.0;1.0;1.0;1.0;1.0;0.0;1.0;1.0;1.0;1.0;1.0;1.0;2.0;0.0;0.0;1.0;1.0;1.0;0.0;0.0;0.0;10.0;10.0;10.0;1.0;4.0;100.0;4.0;80.0;4;4.0;100.0;2.0;3.0;60.0;100.0;100.0
21258236;CENTRO DE ENSINO HOSANO GOMES FERREIRA - ANEXO I - SAO JOAO DA MATA;2105948;Lago dos Rodrigues;2.0;2.0;CENSO_ESCOLAR_2024;12;10;467.76;10;469.65;10;495.09;10;452.18;10;10;100.0;564.0;564.0;1.0;1.0;0.0;0.0;0.0;0.0;0.0;0.0;0.0;0.0;1.0;1.0;0.0;1.0;0.0;0.0;0.0;1.0;0.0;1.0;0.0;0.0;0.0;3.0;3.0;0.0;0.0;2.0;50.0;0.0;0.0;4;3.0;75.0;0.0;2.0;40.0;100.0;0.0
21258392;CENTRO DE ENSINO CRISTOVAO COLOMBO - ANEXO III - TRES LAGOS;2105708;Lago da Pedra;2.0;2.0;CENSO_ESCOLAR_2024;17;7;457.61;8;454.98;8;470.2;7;450.04;8;7;87.5;567.5;648.57;1.0;1.0;0.0;0.0;0.0;0.0;0.0;0.0;0.0;0.0;1.0;0.0;0.0;1.0;1.0;0.0;0.0;0.0;0.0;0.0;0.0;0.0;1.0;12.0;0.0;0.0;0.0;2.0;50.0;0.0;0.0;4;2.0;50.0;1.0;0.0;0.0;0.0;0.0
21258422;CENTRO DE ENSINO JOSE MALAQUIAS - ANEXO I - LUDOVICO;2105807;Lago do Junco;2.0;2.0;CENSO_ESCOLAR_2024;15;5;423.94;7;457.06;7;476.83;5;437.48;7;7;100.0;574.29;574.29;1.0;1.0;0.0;0.0;0.0;0.0;0.0;0.0;0.0;0.0;1.0;0.0;0.0;0.0;0.0;1.0;0.0;1.0;0.0;1.0;0.0;0.0;0.0;5.0;0.0;5.0;0.0;2.0;50.0;0.0;0.0;4;1.0;25.0;1.0;2.0;40.0;0.0;100.0
21258880;CENTRO DE ENSINO SAO CRISTOVAO - ANEXO III - SAO BERNARDO;2111300;São Luís;2.0;1.0;CENSO_ESCOLAR_2024;14;11;430.62;12;437.58;12;487.84;11;423.46;12;12;100.0;583.33;583.33;1.0;1.0;1.0;1.0;1.0;1.0;0.0;0.0;0.0;0.0;1.0;1.0;1.0;1.0;1.0;0.0;0.0;0.0;0.0;1.0;0.0;0.0;0.0;5.0;5.0;5.0;1.0;4.0;100.0;1.0;20.0;4;4.0;100.0;1.0;1.0;20.0;100.0;100.0
21259372;CENTRO DE ENSINO SAO FRANCISCO;2110237;Santana do Maranhão;2.0;1.0;CENSO_ESCOLAR_2024;46;41;452.55;41;444.62;41;468.89;41;465.87;41;35;85.37;466.83;546.86;1.0;1.0;0.0;1.0;0.0;0.0;0.0;0.0;0.0;0.0;1.0;0.0;0.0;1.0;1.0;1.0;0.0;0.0;0.0;0.0;0.0;0.0;1.0;6.0;6.0;0.0;0.0;3.0;75.0;0.0;0.0;4;2.0;50.0;2.0;0.0;0.0;100.0;0.0
21259445;CENTRO EDUCA MAIS INACIO ROCHA;2111078;São João do Soter;2.0;1.0;CENSO_ESCOLAR_2024;84;67;431.28;65;434.26;65;458.59;67;452.55;65;57;87.69;482.77;550.53;1.0;1.0;0.0;1.0;1.0;1.0;0.0;0.0;0.0;0.0;1.0;1.0;0.0;1.0;1.0;0.0;20.0;0.0;1.0;0.0;0.0;0.0;0.0;10.0;10.0;10.0;1.0;3.0;75.0;1.0;20.0;4;3.0;75.0;21.0;1.0;20.0;100.0;100.0
21259836;CENTRO DE ENSINO ESTADO DO RIO DE JANEIRO - ANEXO I - SAO JOSE;2104206;Fortuna;2.0;2.0;CENSO_ESCOLAR_2024;27;12;438.14;12;446.69;12;434.85;12;440.77;12;10;83.33;518.33;622.0;1.0;1.0;0.0;0.0;0.0;0.0;0.0;0.0;0.0;0.0;1.0;0.0;0.0;1.0;0.0;0.0;0.0;0.0;0.0;0.0;0.0;0.0;1.0;7.0;0.0;0.0;0.0;2.0;50.0;0.0;0.0;4;2.0;50.0;0.0;0.0;0.0;0.0;0.0
21259879;CENTRO DE ENSINO VALNICE BERTOLDO LIMA CORDEIRO - ANEXO I - SANTA ROSA;2102754;Capinzal do Norte;2.0;2.0;CENSO_ESCOLAR_2024;10;7;411.61;8;455.74;8;469.85;7;420.77;8;8;100.0;630.0;630.0;1.0;1.0;1.0;1.0;0.0;0.0;0.0;0.0;0.0;0.0;0.0;0.0;0.0;;0.0;0.0;0.0;0.0;0.0;1.0;0.0;0.0;0.0;3.0;0.0;0.0;0.0;4.0;100.0;0.0;0.0;3;0.0;0.0;0.0;1.0;20.0;0.0;0.0
21259895;CENTRO DE ENSINO DIAS CARNEIRO - ANEXO I - SOCORRO;2104602;Governador Eugênio Barros;2.0;2.0;CENSO_ESCOLAR_2024;16;16;447.48;16;477.16;16;503.16;16;477.26;16;16;100.0;690.0;690.0;1.0;1.0;0.0;1.0;0.0;0.0;0.0;0.0;0.0;0.0;0.0;0.0;0.0;;0.0;0.0;0.0;0.0;0.0;1.0;0.0;0.0;0.0;3.0;3.0;0.0;0.0;3.0;75.0;0.0;0.0;3;0.0;0.0;0.0;1.0;20.0;100.0;0.0
21259933;CENTRO DE ENSINO THALES RIBEIRO GONCALVES - ANEXO IV - POVOADO SANTO ANTONIO;2103000;Caxias;2.0;2.0;CENSO_ESCOLAR_2024;35;26;414.18;26;416.58;26;438.65;26;430.77;26;19;73.08;421.54;576.84;1.0;1.0;0.0;0.0;1.0;1.0;0.0;1.0;0.0;0.0;0.0;0.0;0.0;;0.0;0.0;0.0;1.0;0.0;0.0;0.0;0.0;0.0;6.0;0.0;0.0;1.0;2.0;50.0;2.0;40.0;3;0.0;0.0;0.0;1.0;20.0;0.0;0.0
21259950;CENTRO DE ENSINO MARIA PINHEIRO DE SOUSA - ANEXO I - TRECHO SECO;2110856;São Francisco do Brejão;2.0;2.0;CENSO_ESCOLAR_2024;24;16;459.29;17;453.05;17;462.79;16;443.99;17;14;82.35;414.12;502.86;1.0;1.0;0.0;1.0;1.0;1.0;0.0;1.0;0.0;0.0;0.0;0.0;0.0;;0.0;0.0;0.0;1.0;0.0;0.0;0.0;0.0;1.0;6.0;6.0;0.0;1.0;3.0;75.0;2.0;40.0;3;0.0;0.0;0.0;1.0;20.0;100.0;0.0
21259968;CENTRO DE ENSINO DARCY RIBEIRO - ANEXO II - PLANO DA SERRA;2100055;Açailândia;2.0;2.0;CENSO_ESCOLAR_2024;14;12;450.23;13;434.76;13;467.22;12;434.28;13;12;92.31;490.77;531.67;1.0;1.0;0.0;1.0;0.0;0.0;0.0;0.0;0.0;0.0;1.0;0.0;1.0;1.0;1.0;3.0;0.0;0.0;0.0;1.0;0.0;0.0;0.0;6.0;0.0;6.0;0.0;3.0;75.0;0.0;0.0;4;3.0;75.0;4.0;1.0;20.0;0.0;100.0
21259976;CENTRO DE ENSINO DARCY RIBEIRO - ANEXO I - NOVO BACABAL;2100055;Açailândia;2.0;2.0;CENSO_ESCOLAR_2024;14;9;417.49;12;455.49;12;456.94;9;454.2;12;8;66.67;381.67;572.5;1.0;1.0;1.0;1.0;0.0;0.0;0.0;0.0;0.0;0.0;1.0;1.0;0.0;1.0;1.0;0.0;0.0;0.0;0.0;1.0;0.0;0.0;0.0;6.0;0.0;0.0;0.0;4.0;100.0;0.0;0.0;4;3.0;75.0;1.0;1.0;20.0;0.0;0.0
21259992;CENTRO DE ENSINO DOM MARCELINO BICEGO - ANEXO I - ASSENTAMENTO CALIFORNIA;2100055;Açailândia;2.0;2.0;CENSO_ESCOLAR_2024;12;7;421.43;7;447.16;7;454.5;7;457.66;7;7;100.0;511.43;511.43;1.0;1.0;0.0;1.0;0.0;0.0;0.0;0.0;0.0;0.0;0.0;0.0;0.0;;0.0;0.0;0.0;0.0;0.0;0.0;0.0;0.0;1.0;3.0;0.0;0.0;0.0;3.0;75.0;0.0;0.0;3;0.0;0.0;0.0;0.0;0.0;0.0;0.0
21260087;CENTRO DE ENSINO DR FERNANDO CASTRO - ANEXO I - FERNANDO CASTRO;2102325;Buriticupu;2.0;2.0;CENSO_ESCOLAR_2024;23;8;488.49;10;438.68;10;461.23;8;428.89;10;8;80.0;382.0;477.5;1.0;1.0;0.0;1.0;0.0;0.0;0.0;0.0;1.0;0.0;1.0;0.0;0.0;1.0;1.0;0.0;0.0;1.0;0.0;1.0;0.0;0.0;0.0;12.0;0.0;12.0;0.0;3.0;75.0;1.0;20.0;4;2.0;50.0;1.0;2.0;40.0;0.0;100.0
21260109;CENTRO DE ENSINO DR FERNANDO CASTRO - ANEXO III - SEGUNDO NUCLEO;2102325;Buriticupu;2.0;2.0;CENSO_ESCOLAR_2024;48;17;450.88;19;425.69;19;438.68;17;439.13;19;12;63.16;284.21;450.0;1.0;1.0;0.0;1.0;0.0;0.0;0.0;0.0;0.0;0.0;1.0;0.0;0.0;1.0;2.0;0.0;0.0;0.0;1.0;0.0;0.0;0.0;1.0;12.0;0.0;0.0;0.0;3.0;75.0;0.0;0.0;4;2.0;50.0;2.0;1.0;20.0;0.0;0.0
21260125;CENTRO DE ENSINO LUIZ SABRY AZAR - ANEXO I - VALE;2102036;Bom Jesus das Selvas;2.0;2.0;CENSO_ESCOLAR_2024;11;9;408.4;9;437.17;9;452.89;9;436.82;9;8;88.89;482.22;542.5;1.0;1.0;0.0;1.0;0.0;0.0;0.0;0.0;1.0;0.0;1.0;0.0;0.0;1.0;0.0;0.0;0.0;0.0;0.0;1.0;0.0;0.0;0.0;8.0;0.0;8.0;0.0;3.0;75.0;1.0;20.0;4;2.0;50.0;0.0;1.0;20.0;0.0;100.0
21260257;CENTRO DE ENSINO GREGORIO ALVES TORRES;2105351;Itaipava do Grajaú;2.0;1.0;CENSO_ESCOLAR_2024;46;26;437.43;28;436.21;28;455.98;26;442.23;28;25;89.29;497.14;556.8;1.0;1.0;0.0;1.0;0.0;0.0;0.0;0.0;0.0;0.0;1.0;1.0;1.0;1.0;0.0;0.0;0.0;1.0;0.0;1.0;0.0;0.0;0.0;6.0;1.0;0.0;0.0;3.0;75.0;0.0;0.0;4;4.0;100.0;0.0;2.0;40.0;16.67;0.0
21260273;CENTRO DE ENSINO PROFESSOR GALENO EDGAR BRANDES - ANEXO V - FERNANDO FALCAO;2104081;Fernando Falcão;2.0;1.0;CENSO_ESCOLAR_2024;14;6;413.07;6;456.2;6;440.82;6;409.65;6;5;83.33;433.33;520.0;1.0;1.0;0.0;1.0;0.0;0.0;0.0;0.0;0.0;0.0;1.0;0.0;0.0;0.0;1.0;0.0;0.0;0.0;0.0;0.0;0.0;0.0;0.0;6.0;0.0;0.0;0.0;3.0;75.0;0.0;0.0;4;1.0;25.0;1.0;0.0;0.0;0.0;0.0
21261563;CENTRO EDUCA MAIS PROFESSOR MARIO MARTINS MEIRELES;2111300;São Luís;2.0;2.0;CENSO_ESCOLAR_2024;48;38;450.7;41;460.1;41;481.09;38;454.67;41;38;92.68;673.66;726.84;1.0;1.0;0.0;1.0;1.0;1.0;1.0;1.0;1.0;0.0;1.0;1.0;0.0;1.0;0.0;2.0;0.0;1.0;1.0;0.0;1.0;0.0;0.0;8.0;8.0;8.0;1.0;3.0;75.0;4.0;80.0;4;3.0;75.0;2.0;3.0;60.0;100.0;100.0
21261830;CENTRO DE EDUCACAO QUILOMBOLA ROSEMARY MEDEIROS MUNIZ DA SILVA;2105401;Itapecuru Mirim;2.0;2.0;CENSO_ESCOLAR_2024;15;9;444.29;10;446.98;10;455.75;9;424.03;10;9;90.0;448.0;497.78;1.0;1.0;0.0;0.0;0.0;0.0;0.0;0.0;0.0;0.0;1.0;0.0;1.0;1.0;2.0;1.0;1.0;0.0;0.0;0.0;0.0;0.0;1.0;14.0;1.0;1.0;0.0;2.0;50.0;0.0;0.0;4;3.0;75.0;4.0;0.0;0.0;7.14;7.14
21262047;CENTRO DE ENSINO GOVERNADOR JACKSON LAGO - ANEXO I - MONTE CASTELO;2111631;São Raimundo do Doca Bezerra;2.0;2.0;CENSO_ESCOLAR_2024;11;10;419.15;10;457.65;10;435.89;10;456.76;10;10;100.0;560.0;560.0;1.0;1.0;0.0;1.0;0.0;0.0;0.0;0.0;0.0;0.0;1.0;1.0;0.0;1.0;0.0;0.0;0.0;0.0;0.0;0.0;0.0;0.0;1.0;3.0;0.0;0.0;0.0;3.0;75.0;0.0;0.0;4;3.0;75.0;0.0;0.0;0.0;0.0;0.0
21263361;CENTRO DE ENSINO ANTERO CAMARA PENHA;2108306;Penalva;2.0;2.0;CENSO_ESCOLAR_2024;40;19;424.61;20;434.71;20;454.6;19;457.69;20;18;90.0;534.0;593.33;1.0;1.0;0.0;1.0;0.0;0.0;0.0;0.0;0.0;0.0;1.0;1.0;1.0;1.0;1.0;2.0;1.0;1.0;0.0;1.0;0.0;0.0;0.0;4.0;4.0;0.0;0.0;3.0;75.0;0.0;0.0;4;4.0;100.0;4.0;2.0;40.0;100.0;0.0
21263590;CENTRO DE ENSINO MANOEL BEZERRA DE OLIVEIRA;2109551;Ribamar Fiquene;2.0;1.0;CENSO_ESCOLAR_2024;36;32;422.16;33;446.83;33;473.82;32;458.84;33;33;100.0;571.52;571.52;1.0;1.0;0.0;1.0;1.0;1.0;0.0;0.0;0.0;0.0;1.0;1.0;1.0;1.0;0.0;1.0;0.0;1.0;0.0;0.0;0.0;0.0;1.0;6.0;6.0;0.0;1.0;3.0;75.0;1.0;20.0;4;4.0;100.0;1.0;1.0;20.0;100.0;0.0
21263620;CENTRO DE ENSINO PROFESSOR CARLOS ALBERTO MONTEIRO DE MACEDO;2105989;Lajeado Novo;2.0;1.0;CENSO_ESCOLAR_2024;73;55;435.97;55;435.31;55;456.15;55;450.38;55;50;90.91;532.0;585.2;1.0;1.0;0.0;1.0;1.0;1.0;0.0;0.0;0.0;0.0;1.0;0.0;1.0;0.0;1.0;0.0;0.0;1.0;0.0;1.0;0.0;0.0;0.0;8.0;8.0;0.0;1.0;3.0;75.0;1.0;20.0;4;2.0;50.0;1.0;2.0;40.0;100.0;0.0
21266921;CENTRO EDUCA MAIS JOAO PAULO II;2107605;Palmeirândia;2.0;1.0;CENSO_ESCOLAR_2024;29;15;420.09;18;411.65;18;437.33;15;440.27;18;15;83.33;378.89;454.67;1.0;1.0;0.0;1.0;1.0;1.0;0.0;1.0;0.0;0.0;1.0;1.0;1.0;0.0;10.0;1.0;0.0;1.0;0.0;1.0;0.0;0.0;0.0;6.0;0.0;3.0;1.0;3.0;75.0;2.0;40.0;4;3.0;75.0;11.0;2.0;40.0;0.0;50.0
21266948;CENTRO DE ENSINO FLAUDISMAR ALVES DE SOUSA;2102358;Buritirana;2.0;1.0;CENSO_ESCOLAR_2024;69;60;437.61;62;436.26;62;456.23;60;449.26;62;57;91.94;519.68;565.26;1.0;1.0;0.0;1.0;1.0;1.0;1.0;0.0;0.0;0.0;1.0;0.0;1.0;1.0;0.0;0.0;0.0;1.0;0.0;1.0;0.0;0.0;0.0;8.0;8.0;8.0;1.0;3.0;75.0;2.0;40.0;4;3.0;75.0;0.0;2.0;40.0;100.0;100.0
21268754;CENTRO DE ENSINO ELEUTERIO ROCHA - ANEXO I - CANELEIRINHO;2101939;Bernardo do Mearim;2.0;2.0;CENSO_ESCOLAR_2024;14;9;429.16;9;446.99;9;468.33;9;461.68;9;7;77.78;413.33;531.43;1.0;1.0;0.0;1.0;0.0;0.0;0.0;0.0;0.0;0.0;0.0;0.0;0.0;;0.0;0.0;0.0;0.0;0.0;0.0;0.0;0.0;1.0;3.0;0.0;0.0;0.0;3.0;75.0;0.0;0.0;3;0.0;0.0;0.0;0.0;0.0;0.0;0.0
21269220;CENTRO DE ENSINO ESTADO DE SAO PAULO - ANEXO I - MIMOSO;2110906;São Francisco do Maranhão;2.0;2.0;CENSO_ESCOLAR_2024;12;5;460.82;7;420.6;7;416.67;5;469.78;7;4;57.14;285.71;500.0;1.0;1.0;0.0;0.0;0.0;0.0;0.0;0.0;0.0;0.0;0.0;0.0;0.0;;1.0;1.0;0.0;1.0;0.0;1.0;0.0;0.0;0.0;5.0;0.0;5.0;0.0;2.0;50.0;0.0;0.0;3;0.0;0.0;2.0;2.0;40.0;0.0;100.0
21269289;CENTRO DE ENSINO DR FERNANDO CASTRO - ANEXO II - VILA PINDARE;2102325;Buriticupu;2.0;2.0;CENSO_ESCOLAR_2024;13;3;429.03;3;425.0;3;440.33;3;433.33;3;2;66.67;400.0;600.0;1.0;1.0;0.0;0.0;0.0;0.0;0.0;1.0;1.0;0.0;1.0;0.0;0.0;1.0;1.0;0.0;0.0;0.0;0.0;0.0;0.0;0.0;1.0;10.0;0.0;0.0;0.0;2.0;50.0;2.0;40.0;4;2.0;50.0;1.0;0.0;0.0;0.0;0.0
21269408;CENTRO DE ENSINO ISAURA AMORIM - ANEXO I - SAO JOAO DO ANDIROBAL;2103257;Cidelândia;2.0;2.0;CENSO_ESCOLAR_2024;17;11;449.41;12;466.49;12;472.52;11;450.28;12;12;100.0;575.0;575.0;1.0;1.0;0.0;0.0;0.0;0.0;0.0;0.0;0.0;0.0;1.0;0.0;0.0;1.0;0.0;0.0;0.0;0.0;0.0;0.0;0.0;0.0;1.0;4.0;4.0;0.0;0.0;2.0;50.0;0.0;0.0;4;2.0;50.0;0.0;0.0;0.0;100.0;0.0
21269467;CENTRO DE ENSINO PIO XI - ANEXO I - BARRO BRANCO;2101608;Barra do Corda;2.0;2.0;CENSO_ESCOLAR_2024;24;11;430.83;12;418.02;12;455.77;11;461.65;12;12;100.0;481.67;481.67;1.0;1.0;0.0;0.0;0.0;0.0;0.0;1.0;0.0;0.0;0.0;0.0;0.0;;4.0;0.0;0.0;0.0;0.0;1.0;0.0;0.0;0.0;5.0;0.0;0.0;0.0;2.0;50.0;1.0;20.0;3;0.0;0.0;4.0;1.0;20.0;0.0;0.0
21269815;CENTRO DE ENSINO LUZENIR MATTA ROMA - ANEXO I - CAJAZEIRAS;2103307;Codó;2.0;2.0;CENSO_ESCOLAR_2024;10;6;430.7;6;402.55;6;435.15;6;412.23;6;6;100.0;453.33;453.33;1.0;1.0;0.0;0.0;0.0;0.0;0.0;0.0;1.0;0.0;0.0;0.0;0.0;;0.0;0.0;0.0;1.0;0.0;0.0;0.0;0.0;1.0;6.0;0.0;0.0;0.0;2.0;50.0;1.0;20.0;3;0.0;0.0;0.0;1.0;20.0;0.0;0.0
21272000;CENTRO EDUCA MAIS MARIA DO SOCORRO COELHO CABRAL;2101400;Balsas;2.0;1.0;CENSO_ESCOLAR_2024;125;91;451.27;95;459.21;95;484.73;91;469.5;95;85;89.47;559.58;625.41;1.0;1.0;0.0;1.0;0.0;0.0;0.0;0.0;0.0;0.0;1.0;0.0;1.0;1.0;0.0;10.0;0.0;1.0;1.0;1.0;0.0;0.0;0.0;8.0;5.0;8.0;0.0;3.0;75.0;0.0;0.0;4;3.0;75.0;10.0;3.0;60.0;62.5;100.0
21272247;CENTRO DE ENSINO ASTOLFO SEABRA DE CARVALHO;2112308;Tuntum;2.0;2.0;CENSO_ESCOLAR_2024;24;15;452.4;17;450.82;17;472.54;15;439.86;17;13;76.47;407.06;532.31;1.0;1.0;0.0;0.0;1.0;1.0;1.0;1.0;1.0;1.0;1.0;1.0;0.0;0.0;0.0;1.0;0.0;1.0;0.0;0.0;0.0;0.0;1.0;6.0;6.0;0.0;1.0;2.0;50.0;5.0;100.0;4;2.0;50.0;1.0;1.0;20.0;100.0;0.0
21272352;CENTRO DE ENSINO PROFESSORA MARCELINA NOIA ALVES - ANEXO I - CELESTINO;2100477;Alto Alegre do Pindaré;2.0;2.0;CENSO_ESCOLAR_2024;15;12;432.72;14;413.94;14;422.04;12;442.92;14;10;71.43;271.43;380.0;1.0;1.0;0.0;1.0;0.0;0.0;0.0;0.0;0.0;0.0;0.0;0.0;0.0;;0.0;0.0;0.0;0.0;0.0;1.0;0.0;0.0;0.0;6.0;6.0;0.0;0.0;3.0;75.0;0.0;0.0;3;0.0;0.0;0.0;1.0;20.0;100.0;0.0
21272360;CENTRO DE ENSINO PROFESSORA MARCELINA NOIA ALVES - ANEXO III - MORADA NOVA;2100477;Alto Alegre do Pindaré;2.0;2.0;CENSO_ESCOLAR_2024;10;8;432.28;8;351.62;8;436.4;8;434.49;8;8;100.0;442.5;442.5;1.0;1.0;0.0;0.0;0.0;0.0;0.0;0.0;0.0;0.0;0.0;0.0;0.0;;0.0;0.0;0.0;0.0;0.0;1.0;0.0;0.0;0.0;4.0;4.0;4.0;0.0;2.0;50.0;0.0;0.0;3;0.0;0.0;0.0;1.0;20.0;100.0;100.0
21272379;CENTRO DE ENSINO VEREADOR JOAQUIM SILVA SOUSA - ANEXO I - ASSENTAMENTO ALTAMIRA;2100477;Alto Alegre do Pindaré;2.0;2.0;CENSO_ESCOLAR_2024;10;4;434.5;4;484.52;4;503.02;4;447.48;4;4;100.0;660.0;660.0;1.0;1.0;1.0;0.0;0.0;0.0;0.0;0.0;1.0;0.0;1.0;0.0;0.0;1.0;0.0;0.0;0.0;1.0;0.0;1.0;0.0;0.0;0.0;8.0;0.0;8.0;0.0;3.0;75.0;1.0;20.0;4;2.0;50.0;0.0;2.0;40.0;0.0;100.0
21272387;CENTRO DE ENSINO PROFESSOR VALMIR DA PAIXAO SANTOS - ANEXO II - FLORESTA;2110005;Santa Luzia;2.0;2.0;CENSO_ESCOLAR_2024;19;4;426.85;7;369.23;7;434.11;4;457.08;7;2;28.57;128.57;450.0;1.0;1.0;0.0;0.0;0.0;0.0;0.0;0.0;0.0;0.0;0.0;0.0;0.0;;0.0;0.0;0.0;0.0;0.0;0.0;0.0;0.0;1.0;4.0;0.0;0.0;0.0;2.0;50.0;0.0;0.0;3;0.0;0.0;0.0;0.0;0.0;0.0;0.0
21272395;CENTRO DE ENSINO PROFESSOR VALMIR DA PAIXAO SANTOS - ANEXO IV - FERRO VELHO;2110005;Santa Luzia;2.0;2.0;CENSO_ESCOLAR_2024;18;6;429.3;11;394.43;11;444.57;6;490.5;11;5;45.45;256.36;564.0;1.0;1.0;0.0;0.0;0.0;0.0;0.0;0.0;0.0;0.0;0.0;0.0;0.0;;0.0;0.0;0.0;0.0;0.0;0.0;0.0;0.0;1.0;4.0;0.0;0.0;0.0;2.0;50.0;0.0;0.0;3;0.0;0.0;0.0;0.0;0.0;0.0;0.0
21272492;CENTRO DE EDUCACAO QUILOMBOLA PROFESSOR NEWTON NEVES - ANEXO V - MAGNIFICAT;2105401;Itapecuru Mirim;2.0;2.0;CENSO_ESCOLAR_2024;10;5;384.1;6;398.12;6;392.17;5;442.8;6;5;83.33;320.0;384.0;1.0;1.0;0.0;0.0;1.0;1.0;0.0;0.0;0.0;1.0;1.0;0.0;0.0;0.0;4.0;1.0;40.0;1.0;0.0;1.0;0.0;0.0;0.0;3.0;0.0;0.0;1.0;2.0;50.0;2.0;40.0;4;1.0;25.0;45.0;2.0;40.0;0.0;0.0
21272662;CENTRO DE ENSINO PROFESSOR FRANCISCO XAVIER RODRIGUES DO CARMO;2110039;Santa Luzia do Paruá;2.0;1.0;CENSO_ESCOLAR_2024;48;21;431.75;24;445.7;24;457.0;21;447.16;24;20;83.33;470.83;565.0;1.0;1.0;0.0;1.0;0.0;0.0;0.0;0.0;0.0;0.0;0.0;0.0;0.0;;0.0;0.0;0.0;1.0;0.0;1.0;0.0;0.0;0.0;6.0;6.0;6.0;0.0;3.0;75.0;0.0;0.0;3;0.0;0.0;0.0;2.0;40.0;100.0;100.0
21272670;CENTRO DE ENSINO JOAQUIM SOEIRO DE CARVALHO - ANEXO II - VARAS;2101707;Barreirinhas;2.0;1.0;CENSO_ESCOLAR_2024;21;16;431.98;16;437.19;16;432.23;16;424.12;16;11;68.75;358.75;521.82;1.0;1.0;0.0;0.0;0.0;0.0;0.0;0.0;0.0;0.0;0.0;0.0;0.0;;0.0;0.0;0.0;0.0;0.0;0.0;0.0;0.0;1.0;4.0;0.0;0.0;0.0;2.0;50.0;0.0;0.0;3;0.0;0.0;0.0;0.0;0.0;0.0;0.0
21272689;CENTRO DE ENSINO PLINIO PORTUGAL DA ROCHA;2101707;Barreirinhas;2.0;1.0;CENSO_ESCOLAR_2024;30;16;436.96;17;416.59;17;446.13;16;412.93;17;16;94.12;482.35;512.5;1.0;1.0;0.0;1.0;0.0;1.0;0.0;0.0;0.0;0.0;1.0;0.0;0.0;1.0;0.0;0.0;0.0;0.0;0.0;0.0;1.0;0.0;0.0;15.0;6.0;0.0;1.0;3.0;75.0;1.0;20.0;4;2.0;50.0;0.0;1.0;20.0;40.0;0.0
21272719;CENTRO DE ENSINO HUMBERTO DE CAMPOS - ANEXO I - RAMPA;2105005;Humberto de Campos;2.0;2.0;CENSO_ESCOLAR_2024;25;16;433.85;16;405.42;16;460.79;16;435.44;16;15;93.75;590.0;629.33;0.0;1.0;0.0;0.0;0.0;1.0;0.0;0.0;0.0;0.0;1.0;0.0;0.0;1.0;0.0;1.0;0.0;1.0;0.0;0.0;0.0;0.0;1.0;6.0;0.0;0.0;1.0;1.0;25.0;1.0;20.0;4;2.0;50.0;1.0;1.0;20.0;0.0;0.0
21272735;CENTRO DE ENSINO RAIMUNDA NONATA PAIXAO;2105104;Icatu;2.0;2.0;CENSO_ESCOLAR_2024;32;20;438.33;24;436.86;24;459.07;20;454.76;24;22;91.67;489.17;533.64;1.0;1.0;0.0;0.0;0.0;0.0;0.0;0.0;0.0;0.0;1.0;0.0;1.0;1.0;0.0;1.0;0.0;1.0;0.0;1.0;0.0;0.0;0.0;6.0;0.0;6.0;0.0;2.0;50.0;0.0;0.0;4;3.0;75.0;1.0;2.0;40.0;0.0;100.0
21272751;CENTRO DE ENSINO PROFESSOR JOAQUIM SANTOS - ANEXO I - SAO MIGUEL;2109601;Rosário;2.0;2.0;CENSO_ESCOLAR_2024;41;14;418.98;18;378.93;18;409.13;14;436.22;18;12;66.67;282.22;423.33;1.0;1.0;0.0;1.0;0.0;0.0;0.0;0.0;0.0;0.0;1.0;0.0;0.0;0.0;0.0;1.0;0.0;0.0;0.0;0.0;0.0;0.0;1.0;5.0;0.0;0.0;0.0;3.0;75.0;0.0;0.0;4;1.0;25.0;1.0;0.0;0.0;0.0;0.0
21272778;CENTRO DE EDUCACAO QUILOMBOLA PATRICIO DA CUNHA COSTA;2102101;Brejo;2.0;2.0;CENSO_ESCOLAR_2024;12;9;391.99;10;399.31;10;429.17;9;413.89;10;9;90.0;498.0;553.33;1.0;1.0;0.0;0.0;1.0;1.0;0.0;1.0;0.0;0.0;1.0;0.0;0.0;1.0;1.0;1.0;0.0;1.0;0.0;1.0;0.0;0.0;0.0;6.0;0.0;6.0;1.0;2.0;50.0;2.0;40.0;4;2.0;50.0;2.0;2.0;40.0;0.0;100.0
21272794;EC DOM JOAO ANTONIO FARINA;2112704;Vargem Grande;3.0;1.0;CENSO_ESCOLAR_2024;20;20;477.96;20;486.1;20;520.1;20;509.34;20;20;100.0;688.0;688.0;1.0;1.0;0.0;1.0;0.0;0.0;0.0;0.0;1.0;0.0;1.0;0.0;1.0;0.0;1.0;4.0;0.0;0.0;0.0;1.0;0.0;0.0;0.0;6.0;6.0;4.0;0.0;3.0;75.0;1.0;20.0;4;2.0;50.0;5.0;1.0;20.0;100.0;66.67
21275092;CENTRO DE ENSINO JOAO PAULO I - ANEXO I - SANTO ANTONIO;2106607;Matões;2.0;2.0;CENSO_ESCOLAR_2024;19;14;414.89;14;396.23;14;436.91;14;465.67;14;12;85.71;391.43;456.67;1.0;1.0;0.0;0.0;0.0;0.0;0.0;0.0;0.0;0.0;1.0;0.0;0.0;1.0;0.0;0.0;0.0;0.0;0.0;1.0;0.0;0.0;0.0;5.0;0.0;0.0;0.0;2.0;50.0;0.0;0.0;4;2.0;50.0;0.0;1.0;20.0;0.0;0.0
21275106;CENTRO DE ENSINO MESTRE TIBERIO - ANEXO I - OLHO D AGUA DO NOGA;2107803;Parnarama;2.0;2.0;CENSO_ESCOLAR_2024;61;44;430.93;44;410.46;44;440.29;44;438.08;44;34;77.27;415.91;538.24;1.0;1.0;0.0;1.0;0.0;0.0;0.0;0.0;0.0;0.0;1.0;0.0;1.0;1.0;0.0;0.0;0.0;0.0;0.0;1.0;0.0;0.0;0.0;24.0;0.0;0.0;0.0;3.0;75.0;0.0;0.0;4;3.0;75.0;0.0;1.0;20.0;0.0;0.0
21275548;INSTITUTO ESTADUAL DE EDUCACAO CIENCIA E TECNOLOGIA DO MA - IEMA PLENO SAO LUIS CENTRO;2111300;São Luís;2.0;1.0;CENSO_ESCOLAR_2024;184;174;460.8;175;481.07;175;508.91;174;492.52;175;171;97.71;648.46;663.63;1.0;1.0;1.0;1.0;1.0;1.0;1.0;1.0;1.0;1.0;1.0;1.0;1.0;1.0;40.0;4.0;10.0;1.0;1.0;1.0;1.0;0.0;0.0;18.0;18.0;3.0;1.0;4.0;100.0;5.0;100.0;4;4.0;100.0;54.0;4.0;80.0;100.0;16.67
21275610;CENTRO DE ENSINO MARINALVA MORAIS FRAZAO - ANEXO II - LIMAO;2103174;Centro Novo do Maranhão;2.0;2.0;CENSO_ESCOLAR_2024;11;4;423.1;4;395.4;4;420.58;4;456.38;4;1;25.0;120.0;480.0;1.0;1.0;0.0;1.0;0.0;0.0;0.0;0.0;0.0;0.0;1.0;1.0;0.0;1.0;0.0;0.0;0.0;0.0;0.0;1.0;0.0;0.0;0.0;8.0;0.0;0.0;0.0;3.0;75.0;0.0;0.0;4;3.0;75.0;0.0;1.0;20.0;0.0;0.0
21277770;CENTRO DE ENSINO CARLOS MELO;2111201;São José de Ribamar;2.0;2.0;CENSO_ESCOLAR_2024;24;15;435.37;17;456.68;17;469.34;15;421.72;17;17;100.0;514.12;514.12;1.0;1.0;1.0;1.0;1.0;1.0;0.0;0.0;0.0;0.0;1.0;1.0;1.0;1.0;1.0;2.0;0.0;1.0;0.0;1.0;0.0;0.0;0.0;6.0;1.0;6.0;1.0;4.0;100.0;1.0;20.0;4;4.0;100.0;3.0;2.0;40.0;16.67;100.0
21278407;CENTRO DE EDUCACAO QUILOMBOLA FLAVIANO PINTO NETO;2111706;São Vicente Ferrer;2.0;2.0;CENSO_ESCOLAR_2024;10;5;430.38;9;404.56;9;397.21;5;446.26;9;7;77.78;357.78;460.0;1.0;1.0;0.0;0.0;0.0;0.0;0.0;0.0;0.0;0.0;1.0;1.0;1.0;1.0;3.0;0.0;20.0;0.0;0.0;0.0;0.0;0.0;1.0;6.0;0.0;0.0;0.0;2.0;50.0;0.0;0.0;4;4.0;100.0;23.0;0.0;0.0;0.0;0.0
21278458;IFMA - CAMPUS COELHO NETO;2103406;Coelho Neto;1.0;1.0;CENSO_ESCOLAR_2024;115;109;490.77;111;507.18;111;514.96;109;525.84;111;110;99.1;737.84;744.55;1.0;1.0;0.0;1.0;1.0;1.0;1.0;1.0;1.0;0.0;1.0;1.0;1.0;1.0;104.0;0.0;10.0;1.0;0.0;1.0;1.0;0.0;0.0;8.0;8.0;0.0;1.0;3.0;75.0;4.0;80.0;4;4.0;100.0;114.0;3.0;60.0;100.0;0.0
21279403;CENTRO DE ENSINO HUMBERTO DE CAMPOS - ANEXO I - CARNAUBEIRAS;2100907;Araioses;2.0;2.0;CENSO_ESCOLAR_2024;11;8;401.28;8;446.76;8;448.82;8;433.85;8;6;75.0;362.5;483.33;0.0;1.0;0.0;0.0;0.0;0.0;0.0;0.0;0.0;0.0;0.0;0.0;0.0;;0.0;0.0;0.0;0.0;0.0;1.0;0.0;0.0;0.0;3.0;0.0;0.0;0.0;1.0;25.0;0.0;0.0;3;0.0;0.0;0.0;1.0;20.0;0.0;0.0
21279764;IFMA - CAMPUS SAO JOSE DE RIBAMAR;2111201;São José de Ribamar;1.0;1.0;CENSO_ESCOLAR_2024;113;108;517.4;110;514.66;110;529.8;108;525.99;110;109;99.09;664.0;670.09;1.0;1.0;1.0;1.0;1.0;1.0;1.0;1.0;0.0;1.0;1.0;1.0;1.0;1.0;24.0;40.0;0.0;1.0;1.0;1.0;1.0;0.0;0.0;9.0;9.0;9.0;1.0;4.0;100.0;4.0;80.0;4;4.0;100.0;64.0;4.0;80.0;100.0;100.0
21280835;INSTITUTO ESTADUAL DE EDUCACAO CIENCIA E TECNOLOGIA DO MA - IEMA PLENO PINDARE-MIRIM;2108504;Pindaré-Mirim;2.0;1.0;CENSO_ESCOLAR_2024;104;93;461.52;94;481.68;94;503.63;93;483.83;94;90;95.74;710.21;741.78;1.0;1.0;0.0;1.0;1.0;1.0;1.0;1.0;1.0;1.0;1.0;1.0;1.0;1.0;15.0;5.0;0.0;1.0;1.0;1.0;1.0;0.0;0.0;12.0;12.0;12.0;1.0;3.0;75.0;5.0;100.0;4;4.0;100.0;20.0;4.0;80.0;100.0;100.0
21280843;INSTITUTO ESTADUAL DE EDUCACAO CIENCIA E TECNOLOGIA DO MA - IEMA PLENO BACABEIRA;2101251;Bacabeira;2.0;1.0;CENSO_ESCOLAR_2024;129;97;441.49;102;455.7;102;473.08;97;468.61;102;94;92.16;572.35;621.06;1.0;1.0;0.0;1.0;1.0;1.0;1.0;1.0;1.0;1.0;1.0;1.0;1.0;1.0;18.0;2.0;0.0;1.0;1.0;1.0;1.0;0.0;0.0;12.0;12.0;12.0;1.0;3.0;75.0;5.0;100.0;4;4.0;100.0;20.0;4.0;80.0;100.0;100.0
21281637;IFMA - CAMPUS VIANA;2112803;Viana;1.0;2.0;CENSO_ESCOLAR_2024;76;64;487.68;65;474.09;65;501.85;64;507.13;65;62;95.38;694.77;728.39;1.0;1.0;0.0;1.0;1.0;1.0;1.0;1.0;0.0;1.0;1.0;1.0;1.0;1.0;20.0;2.0;1.0;1.0;0.0;1.0;0.0;0.0;0.0;11.0;11.0;11.0;1.0;3.0;75.0;4.0;80.0;4;4.0;100.0;23.0;2.0;40.0;100.0;100.0
21281645;IFMA - CAMPUS AVANCADO ROSARIO;2109601;Rosário;1.0;2.0;CENSO_ESCOLAR_2024;78;69;489.4;72;519.78;72;522.44;69;519.25;72;71;98.61;727.78;738.03;1.0;1.0;1.0;0.0;1.0;1.0;1.0;1.0;0.0;0.0;1.0;1.0;1.0;1.0;36.0;4.0;0.0;1.0;1.0;0.0;0.0;0.0;0.0;12.0;8.0;4.0;1.0;3.0;75.0;3.0;60.0;4;4.0;100.0;40.0;2.0;40.0;66.67;33.33
21281653;IFMA - CAMPUS GRAJAU;2104800;Grajaú;1.0;1.0;CENSO_ESCOLAR_2024;84;79;492.72;80;477.31;80;518.54;79;503.08;80;78;97.5;675.75;693.08;1.0;1.0;0.0;1.0;1.0;1.0;1.0;1.0;0.0;1.0;1.0;1.0;1.0;1.0;90.0;0.0;0.0;1.0;0.0;1.0;1.0;0.0;0.0;9.0;9.0;9.0;1.0;3.0;75.0;4.0;80.0;4;4.0;100.0;90.0;3.0;60.0;100.0;100.0
21281661;IFMA - CAMPUS PEDREIRAS;2108207;Pedreiras;1.0;1.0;CENSO_ESCOLAR_2024;295;268;500.43;279;507.5;279;528.42;268;545.72;279;273;97.85;730.82;746.89;1.0;1.0;0.0;1.0;1.0;1.0;1.0;1.0;0.0;0.0;1.0;1.0;0.0;1.0;60.0;10.0;9.0;1.0;0.0;1.0;0.0;0.0;0.0;10.0;10.0;10.0;1.0;3.0;75.0;3.0;60.0;4;3.0;75.0;79.0;2.0;40.0;100.0;100.0
21281785;IFMA - CAMPUS AVANCADO PORTO FRANCO;2109007;Porto Franco;1.0;1.0;CENSO_ESCOLAR_2024;54;52;499.51;52;538.08;52;524.83;52;531.23;52;52;100.0;735.38;735.38;1.0;1.0;1.0;1.0;0.0;1.0;1.0;1.0;1.0;0.0;1.0;1.0;1.0;1.0;40.0;6.0;0.0;1.0;0.0;1.0;0.0;0.0;0.0;6.0;6.0;0.0;1.0;4.0;100.0;4.0;80.0;4;4.0;100.0;46.0;2.0;40.0;100.0;0.0
21282137;INSTITUTO ESTADUAL DE EDUCACAO CIENCIA E TECNOLOGIA DO MA - IEMA PLENO AXIXA;2101103;Axixá;2.0;2.0;CENSO_ESCOLAR_2024;142;129;455.05;132;444.2;132;466.12;129;465.16;132;128;96.97;610.91;630.0;1.0;1.0;0.0;1.0;1.0;1.0;1.0;1.0;1.0;1.0;1.0;1.0;1.0;1.0;35.0;1.0;2.0;1.0;1.0;1.0;0.0;0.0;0.0;13.0;13.0;13.0;1.0;3.0;75.0;5.0;100.0;4;4.0;100.0;38.0;3.0;60.0;100.0;100.0
21282145;INSTITUTO ESTADUAL DE EDUCACAO CIENCIA E TECNOLOGIA DO MA - IEMA PLENO COROATA;2103604;Coroatá;2.0;1.0;CENSO_ESCOLAR_2024;36;30;440.4;32;478.67;32;479.56;30;509.65;32;31;96.88;707.5;730.32;1.0;1.0;1.0;1.0;1.0;1.0;1.0;1.0;1.0;1.0;1.0;1.0;1.0;1.0;29.0;1.0;0.0;1.0;1.0;1.0;0.0;0.0;0.0;12.0;12.0;0.0;1.0;4.0;100.0;5.0;100.0;4;4.0;100.0;30.0;3.0;60.0;100.0;0.0
21282153;INSTITUTO ESTADUAL DE EDUCACAO CIENCIA E TECNOLOGIA DO MA - IEMA PLENO SAO JOSE DE RIBAMAR;2111201;São José de Ribamar;2.0;1.0;CENSO_ESCOLAR_2024;104;81;463.11;89;453.76;89;492.01;81;459.48;89;84;94.38;610.34;646.67;1.0;1.0;0.0;1.0;1.0;1.0;1.0;1.0;1.0;1.0;1.0;1.0;1.0;1.0;20.0;0.0;0.0;1.0;1.0;1.0;1.0;0.0;0.0;12.0;12.0;12.0;1.0;3.0;75.0;5.0;100.0;4;4.0;100.0;20.0;4.0;80.0;100.0;100.0
21282161;INSTITUTO ESTADUAL DE EDUCACAO CIENCIA E TECNOLOGIA DO MA - IEMA PLENO TIMON;2112209;Timon;2.0;1.0;CENSO_ESCOLAR_2024;167;153;460.19;154;489.24;154;505.94;153;480.25;154;150;97.4;658.05;675.6;1.0;1.0;1.0;1.0;1.0;1.0;1.0;1.0;0.0;0.0;1.0;1.0;1.0;1.0;20.0;0.0;0.0;1.0;1.0;1.0;0.0;0.0;0.0;13.0;13.0;0.0;1.0;4.0;100.0;3.0;60.0;4;4.0;100.0;20.0;3.0;60.0;100.0;0.0
21283290;IFMA - CAMPUS PRESIDENTE DUTRA;2109106;Presidente Dutra;1.0;2.0;CENSO_ESCOLAR_2024;34;34;506.65;34;580.66;34;553.86;34;625.59;34;34;100.0;842.94;842.94;1.0;1.0;0.0;1.0;1.0;1.0;1.0;1.0;0.0;0.0;1.0;1.0;1.0;1.0;48.0;0.0;0.0;1.0;0.0;1.0;0.0;0.0;0.0;10.0;10.0;10.0;1.0;3.0;75.0;3.0;60.0;4;4.0;100.0;48.0;2.0;40.0;100.0;100.0
21283303;IFMA - CAMPUS ITAPECURU MIRIM;2105401;Itapecuru Mirim;1.0;1.0;CENSO_ESCOLAR_2024;67;64;496.12;65;517.23;65;527.46;64;525.96;65;65;100.0;742.46;742.46;1.0;1.0;1.0;1.0;1.0;1.0;1.0;1.0;1.0;0.0;1.0;1.0;1.0;1.0;22.0;0.0;0.0;1.0;0.0;1.0;0.0;0.0;0.0;7.0;7.0;7.0;1.0;4.0;100.0;4.0;80.0;4;4.0;100.0;22.0;2.0;40.0;100.0;100.0
21283850;CENTRO DE ENSINO MATIAS COSTA;2105104;Icatu;2.0;2.0;CENSO_ESCOLAR_2024;30;23;419.69;24;416.63;24;426.28;23;423.57;24;22;91.67;447.5;488.18;1.0;1.0;0.0;0.0;0.0;0.0;0.0;0.0;0.0;0.0;1.0;0.0;1.0;1.0;0.0;2.0;0.0;1.0;0.0;1.0;0.0;0.0;0.0;5.0;5.0;5.0;0.0;2.0;50.0;0.0;0.0;4;3.0;75.0;2.0;2.0;40.0;100.0;100.0
21283869;INSTITUTO ESTADUAL DE EDUCACAO CIENCIA E TECNOLOGIA DO MA - IEMA PLENO BREJO;2102101;Brejo;2.0;2.0;CENSO_ESCOLAR_2024;95;90;438.29;90;446.61;90;470.15;90;451.44;90;84;93.33;581.11;622.62;1.0;1.0;0.0;0.0;1.0;1.0;1.0;1.0;0.0;1.0;1.0;1.0;1.0;1.0;35.0;1.0;0.0;1.0;1.0;1.0;0.0;0.0;0.0;13.0;9.0;13.0;1.0;2.0;50.0;4.0;80.0;4;4.0;100.0;36.0;3.0;60.0;69.23;100.0
21283877;INSTITUTO ESTADUAL DE EDUCACAO CIENCIA E TECNOLOGIA DO MA - IEMA PLENO CURURUPU;2103703;Cururupu;2.0;1.0;CENSO_ESCOLAR_2024;134;110;461.9;118;466.23;118;496.46;110;492.06;118;106;89.83;600.51;668.49;1.0;1.0;0.0;1.0;1.0;1.0;1.0;1.0;1.0;1.0;1.0;1.0;1.0;1.0;49.0;0.0;0.0;1.0;1.0;1.0;1.0;0.0;0.0;13.0;13.0;13.0;1.0;3.0;75.0;5.0;100.0;4;4.0;100.0;49.0;4.0;80.0;100.0;100.0
21283885;INSTITUTO ESTADUAL DE EDUCACAO CIENCIA E TECNOLOGIA DO MA - IEMA PLENO SAO LUIS ITAQUI BACANGA;2111300;São Luís;2.0;1.0;CENSO_ESCOLAR_2024;160;143;461.54;147;464.41;147;494.98;143;473.24;147;137;93.2;534.83;573.87;1.0;1.0;1.0;1.0;1.0;1.0;1.0;1.0;1.0;1.0;1.0;1.0;1.0;1.0;25.0;1.0;0.0;1.0;0.0;1.0;0.0;0.0;0.0;14.0;13.0;2.0;1.0;4.0;100.0;5.0;100.0;4;4.0;100.0;26.0;2.0;40.0;92.86;14.29
21283893;INSTITUTO ESTADUAL DE EDUCACAO CIENCIA E TECNOLOGIA DO MA - IEMA PLENO MATOES;2106607;Matões;2.0;1.0;CENSO_ESCOLAR_2024;103;89;462.02;93;447.46;93;467.76;89;464.2;93;85;91.4;592.9;648.71;1.0;1.0;1.0;1.0;1.0;1.0;1.0;1.0;1.0;1.0;1.0;1.0;1.0;1.0;22.0;0.0;0.0;1.0;0.0;1.0;1.0;0.0;0.0;12.0;12.0;0.0;1.0;4.0;100.0;5.0;100.0;4;4.0;100.0;22.0;3.0;60.0;100.0;0.0
21283907;INSTITUTO ESTADUAL DE EDUCACAO CIENCIA E TECNOLOGIA DO MA - IEMA PLENO PRESIDENTE DUTRA;2109106;Presidente Dutra;2.0;2.0;CENSO_ESCOLAR_2024;111;104;482.86;107;505.76;107;513.4;104;512.08;107;106;99.07;730.84;737.74;1.0;1.0;1.0;1.0;1.0;1.0;1.0;1.0;1.0;1.0;1.0;0.0;1.0;1.0;18.0;0.0;0.0;1.0;0.0;1.0;1.0;0.0;0.0;12.0;9.0;12.0;1.0;4.0;100.0;5.0;100.0;4;3.0;75.0;18.0;3.0;60.0;75.0;100.0
21283915;INSTITUTO ESTADUAL DE EDUCACAO CIENCIA E TECNOLOGIA DO MA - IEMA PLENO SANTA INES;2109908;Santa Inês;2.0;1.0;CENSO_ESCOLAR_2024;121;102;471.35;109;476.21;109;496.5;102;469.3;109;107;98.17;700.37;713.46;1.0;1.0;0.0;1.0;1.0;1.0;1.0;1.0;1.0;1.0;1.0;1.0;1.0;1.0;20.0;2.0;0.0;1.0;0.0;1.0;1.0;0.0;0.0;12.0;12.0;0.0;1.0;3.0;75.0;5.0;100.0;4;4.0;100.0;22.0;3.0;60.0;100.0;0.0
21284334;IFMA - CAMPUS ARAIOSES;2100907;Araioses;1.0;1.0;CENSO_ESCOLAR_2024;47;40;466.69;43;458.67;43;483.65;40;465.94;43;40;93.02;568.84;611.5;1.0;1.0;0.0;1.0;1.0;1.0;1.0;1.0;1.0;0.0;1.0;1.0;1.0;1.0;60.0;6.0;13.0;1.0;0.0;1.0;0.0;0.0;0.0;9.0;9.0;0.0;1.0;3.0;75.0;4.0;80.0;4;4.0;100.0;79.0;2.0;40.0;100.0;0.0
21284970;CENTRO DE ENSINO RAFAEL BRAGA DE OLIVEIRA - ANEXO I POVOADO CORDEIRO;2108702;Pio XII;2.0;2.0;CENSO_ESCOLAR_2024;54;35;428.68;43;411.92;43;432.84;35;440.37;43;33;76.74;382.79;498.79;1.0;1.0;0.0;0.0;1.0;1.0;0.0;1.0;0.0;0.0;1.0;0.0;0.0;0.0;1.0;4.0;0.0;1.0;0.0;0.0;0.0;0.0;0.0;6.0;6.0;0.0;1.0;2.0;50.0;2.0;40.0;4;1.0;25.0;5.0;1.0;20.0;100.0;0.0
21284989;CENTRO EDUCA MAIS ROBSON PARENTES NOLETO SILVA;2112209;Timon;2.0;1.0;CENSO_ESCOLAR_2024;25;19;449.5;20;452.66;20;458.29;19;453.38;20;18;90.0;524.0;582.22;1.0;1.0;1.0;1.0;0.0;1.0;0.0;0.0;0.0;0.0;1.0;0.0;0.0;1.0;1.0;1.0;0.0;1.0;0.0;1.0;0.0;0.0;0.0;6.0;6.0;6.0;1.0;4.0;100.0;1.0;20.0;4;2.0;50.0;2.0;2.0;40.0;100.0;100.0
21285012;COLEGIO MILITAR 2 DE JULHO - UNIDADE XI - C E PROF RAIMUNDO JOSE PEREIRA DA SILVA;2101608;Barra do Corda;2.0;1.0;CENSO_ESCOLAR_2024;52;45;481.17;47;479.63;47;504.85;45;498.33;47;43;91.49;633.19;692.09;1.0;1.0;0.0;1.0;1.0;1.0;0.0;0.0;1.0;0.0;1.0;1.0;0.0;1.0;2.0;0.0;0.0;1.0;0.0;0.0;0.0;0.0;0.0;12.0;10.0;12.0;1.0;3.0;75.0;2.0;40.0;4;3.0;75.0;2.0;1.0;20.0;83.33;100.0
21285250;CENTRO DE ENSINO ANTILHON TEOPLO RAMOS ROCHA;2114007;Zé Doca;2.0;1.0;CENSO_ESCOLAR_2024;38;24;448.18;27;425.78;27;450.52;24;459.42;27;25;92.59;511.11;552.0;1.0;1.0;0.0;1.0;0.0;0.0;0.0;0.0;0.0;0.0;1.0;1.0;1.0;1.0;1.0;8.0;0.0;1.0;0.0;0.0;0.0;0.0;0.0;6.0;6.0;0.0;0.0;3.0;75.0;0.0;0.0;4;4.0;100.0;9.0;1.0;20.0;100.0;0.0
21285268;CENTRO EDUCA MAIS PROFESSOR JOSE RIBAMAR SANTOS SILVA;2107456;Olinda Nova do Maranhão;2.0;2.0;CENSO_ESCOLAR_2024;58;45;453.83;46;446.93;46;463.39;45;450.81;46;42;91.3;543.48;595.24;1.0;1.0;0.0;1.0;0.0;0.0;0.0;0.0;0.0;0.0;1.0;0.0;0.0;1.0;10.0;2.0;0.0;1.0;0.0;1.0;0.0;0.0;0.0;6.0;6.0;6.0;0.0;3.0;75.0;0.0;0.0;4;2.0;50.0;12.0;2.0;40.0;100.0;100.0
21286000;CENTRO DE ENSINO LUSO ROCHA - ANEXO II - BACURI;2109502;Riachão;2.0;2.0;CENSO_ESCOLAR_2024;15;5;445.32;5;432.58;5;460.36;5;411.56;5;5;100.0;636.0;636.0;1.0;1.0;0.0;1.0;0.0;0.0;0.0;0.0;1.0;0.0;0.0;0.0;0.0;;0.0;0.0;0.0;0.0;0.0;1.0;0.0;0.0;0.0;3.0;3.0;3.0;0.0;3.0;75.0;1.0;20.0;3;0.0;0.0;0.0;1.0;20.0;100.0;100.0
21286183;INSTITUTO ESTADUAL DE EDUCACAO CIENCIA E TECNOLOGIA DO MA - IEMA PLENO SAO VICENTE FERRER;2111706;São Vicente Ferrer;2.0;2.0;CENSO_ESCOLAR_2024;94;83;455.27;88;435.12;88;473.51;83;454.16;88;81;92.05;606.82;659.26;1.0;1.0;0.0;1.0;1.0;1.0;1.0;1.0;1.0;1.0;0.0;0.0;0.0;;8.0;1.0;13.0;1.0;1.0;1.0;1.0;0.0;0.0;12.0;12.0;12.0;1.0;3.0;75.0;5.0;100.0;3;0.0;0.0;22.0;4.0;80.0;100.0;100.0
21286736;CENTRO DE ENSINO ESTADO DO PARANA;2107902;Passagem Franca;2.0;1.0;CENSO_ESCOLAR_2024;71;35;440.44;36;458.19;36;475.41;35;458.85;36;28;77.78;542.22;697.14;1.0;1.0;0.0;1.0;0.0;0.0;0.0;0.0;0.0;0.0;1.0;0.0;1.0;1.0;0.0;2.0;0.0;0.0;0.0;1.0;0.0;0.0;0.0;11.0;1.0;4.0;0.0;3.0;75.0;0.0;0.0;4;3.0;75.0;2.0;1.0;20.0;9.09;36.36
21287422;INSTITUTO ESTADUAL DE EDUCACAO CIENCIA E TECNOLOGIA DO MA - IEMA PLENO CODO;2103307;Codó;2.0;1.0;CENSO_ESCOLAR_2024;142;130;458.59;133;470.98;133;501.71;130;482.43;133;128;96.24;625.11;649.53;1.0;1.0;0.0;1.0;1.0;1.0;1.0;1.0;1.0;1.0;1.0;1.0;0.0;1.0;15.0;0.0;0.0;1.0;1.0;1.0;0.0;0.0;0.0;12.0;12.0;12.0;1.0;3.0;75.0;5.0;100.0;4;3.0;75.0;15.0;3.0;60.0;100.0;100.0
21287430;INSTITUTO ESTADUAL DE EDUCACAO CIENCIA E TECNOLOGIA DO MA - IEMA PLENO AMARANTE DO MARANHAO;2100600;Amarante do Maranhão;2.0;1.0;CENSO_ESCOLAR_2024;86;76;448.78;80;461.46;80;483.01;76;455.77;80;76;95.0;657.75;692.37;1.0;1.0;0.0;1.0;1.0;1.0;1.0;1.0;1.0;0.0;1.0;1.0;1.0;1.0;14.0;0.0;0.0;1.0;0.0;1.0;0.0;0.0;0.0;12.0;12.0;12.0;1.0;3.0;75.0;4.0;80.0;4;4.0;100.0;14.0;2.0;40.0;100.0;100.0
21287449;INSTITUTO ESTADUAL DE EDUCACAO CIENCIA E TECNOLOGIA DO MA - IEMA PLENO BACABAL;2101202;Bacabal;2.0;1.0;CENSO_ESCOLAR_2024;127;116;467.71;120;460.1;120;478.11;116;468.17;120;103;85.83;544.17;633.98;1.0;1.0;1.0;1.0;1.0;1.0;1.0;1.0;1.0;1.0;1.0;1.0;1.0;1.0;20.0;3.0;0.0;1.0;1.0;1.0;0.0;0.0;0.0;12.0;12.0;3.0;1.0;4.0;100.0;5.0;100.0;4;4.0;100.0;23.0;3.0;60.0;100.0;25.0
21287457;INSTITUTO ESTADUAL DE EDUCACAO CIENCIA E TECNOLOGIA DO MA - IEMA PLENO SANTA LUZIA DO PARUA;2110039;Santa Luzia do Paruá;2.0;1.0;CENSO_ESCOLAR_2024;92;83;479.43;84;481.41;84;502.06;83;497.37;84;80;95.24;672.14;705.75;1.0;1.0;0.0;1.0;1.0;1.0;0.0;1.0;1.0;0.0;1.0;0.0;1.0;1.0;10.0;0.0;0.0;1.0;0.0;1.0;0.0;0.0;0.0;12.0;12.0;0.0;1.0;3.0;75.0;3.0;60.0;4;3.0;75.0;10.0;2.0;40.0;100.0;0.0
21287465;INSTITUTO ESTADUAL DE EDUCACAO CIENCIA E TECNOLOGIA DO MA - IEMA PLENO VARGEM GRANDE;2112704;Vargem Grande;2.0;1.0;CENSO_ESCOLAR_2024;97;89;456.01;93;456.41;93;478.37;89;459.09;93;86;92.47;606.02;655.35;1.0;1.0;0.0;1.0;1.0;1.0;1.0;1.0;1.0;1.0;1.0;1.0;1.0;1.0;6.0;0.0;0.0;1.0;1.0;1.0;1.0;0.0;0.0;12.0;12.0;12.0;1.0;3.0;75.0;5.0;100.0;4;4.0;100.0;6.0;4.0;80.0;100.0;100.0
21288747;INSTITUTO ESTADUAL DE EDUCACAO CIENCIA E TECNOLOGIA DO MA - IEMA PLENO CHAPADINHA;2103208;Chapadinha;2.0;1.0;CENSO_ESCOLAR_2024;134;118;460.38;124;471.52;124;485.85;118;484.44;124;118;95.16;673.55;707.8;1.0;1.0;1.0;1.0;1.0;1.0;1.0;1.0;1.0;1.0;1.0;0.0;0.0;1.0;10.0;0.0;0.0;1.0;0.0;1.0;1.0;0.0;0.0;12.0;12.0;0.0;1.0;4.0;100.0;5.0;100.0;4;2.0;50.0;10.0;3.0;60.0;100.0;0.0
21288755;INSTITUTO ESTADUAL DE EDUCACAO CIENCIA E TECNOLOGIA DO MA - IEMA PLENO SAO LUIS TAMANCAO;2111300;São Luís;2.0;1.0;CENSO_ESCOLAR_2024;45;42;451.49;42;476.03;42;503.45;42;462.62;42;41;97.62;599.52;614.15;1.0;1.0;1.0;1.0;1.0;1.0;1.0;1.0;0.0;1.0;1.0;1.0;1.0;1.0;15.0;1.0;0.0;1.0;1.0;1.0;0.0;0.0;0.0;5.0;5.0;4.0;1.0;4.0;100.0;4.0;80.0;4;4.0;100.0;16.0;3.0;60.0;100.0;80.0
21288763;INSTITUTO ESTADUAL DE EDUCACAO CIENCIA E TECNOLOGIA DO MA - IEMA PLENO CARUTAPERA;2102903;Carutapera;2.0;1.0;CENSO_ESCOLAR_2024;119;106;466.16;109;472.46;109;498.3;106;475.43;109;106;97.25;580.92;597.36;1.0;1.0;0.0;1.0;1.0;1.0;1.0;1.0;1.0;1.0;1.0;1.0;1.0;1.0;0.0;3.0;0.0;1.0;0.0;1.0;1.0;0.0;0.0;12.0;12.0;12.0;1.0;3.0;75.0;5.0;100.0;4;4.0;100.0;3.0;3.0;60.0;100.0;100.0
21288771;INSTITUTO ESTADUAL DE EDUCACAO CIENCIA E TECNOLOGIA DO MA - IEMA PLENO BALSAS;2101400;Balsas;2.0;1.0;CENSO_ESCOLAR_2024;108;85;462.02;92;478.6;92;504.87;85;478.08;92;89;96.74;635.87;657.3;1.0;1.0;0.0;1.0;1.0;1.0;1.0;1.0;1.0;1.0;1.0;0.0;1.0;1.0;20.0;1.0;0.0;1.0;1.0;1.0;1.0;0.0;0.0;12.0;12.0;12.0;1.0;3.0;75.0;5.0;100.0;4;3.0;75.0;21.0;4.0;80.0;100.0;100.0
21288780;INSTITUTO ESTADUAL DE EDUCACAO CIENCIA E TECNOLOGIA DO MA - IEMA PLENO COELHO NETO;2103406;Coelho Neto;2.0;1.0;CENSO_ESCOLAR_2024;132;120;445.24;121;469.64;121;489.89;120;467.27;121;112;92.56;651.4;703.75;1.0;1.0;0.0;1.0;1.0;1.0;1.0;1.0;1.0;1.0;1.0;1.0;1.0;1.0;16.0;0.0;0.0;1.0;1.0;1.0;1.0;0.0;0.0;12.0;12.0;12.0;1.0;3.0;75.0;5.0;100.0;4;4.0;100.0;16.0;4.0;80.0;100.0;100.0
21288810;INSTITUTO ESTADUAL DE EDUCACAO CIENCIA E TECNOLOGIA DO MA - IEMA PLENO COLINAS;2103505;Colinas;2.0;2.0;CENSO_ESCOLAR_2024;102;87;449.46;90;480.46;90;497.24;87;483.91;90;86;95.56;634.44;663.95;1.0;1.0;0.0;1.0;1.0;1.0;1.0;1.0;1.0;1.0;1.0;0.0;1.0;1.0;33.0;3.0;0.0;1.0;1.0;1.0;1.0;0.0;0.0;12.0;12.0;12.0;1.0;3.0;75.0;5.0;100.0;4;3.0;75.0;36.0;4.0;80.0;100.0;100.0
21288828;CENTRO DE ENSINO RAIMUNDO PINHEIRO PIRES;2103307;Codó;2.0;2.0;CENSO_ESCOLAR_2024;43;21;427.07;23;418.65;23;430.47;21;429.96;23;18;78.26;320.87;410.0;1.0;1.0;1.0;1.0;0.0;0.0;0.0;0.0;1.0;0.0;1.0;0.0;0.0;1.0;0.0;1.0;0.0;1.0;0.0;1.0;0.0;0.0;0.0;6.0;0.0;0.0;0.0;4.0;100.0;1.0;20.0;4;2.0;50.0;1.0;2.0;40.0;0.0;0.0
21288879;INSTITUTO ESTADUAL DE EDUCACAO CIENCIA E TECNOLOGIA DO MA - IEMA PLENO ALTO ALEGRE DO PINDARE;2100477;Alto Alegre do Pindaré;2.0;1.0;CENSO_ESCOLAR_2024;88;73;437.52;72;451.4;72;479.16;73;469.28;72;67;93.06;558.33;600.0;1.0;1.0;0.0;1.0;0.0;0.0;1.0;0.0;0.0;0.0;1.0;1.0;1.0;1.0;0.0;10.0;0.0;1.0;0.0;1.0;0.0;0.0;0.0;9.0;9.0;9.0;0.0;3.0;75.0;1.0;20.0;4;4.0;100.0;10.0;2.0;40.0;100.0;100.0
21289280;CENTRO EDUCA MAIS VICENTE GARRETO DE VASCONCELOS;2100808;Anapurus;2.0;1.0;CENSO_ESCOLAR_2024;39;32;453.78;33;464.12;33;481.07;32;453.41;33;30;90.91;571.52;628.67;1.0;1.0;0.0;1.0;0.0;0.0;1.0;0.0;0.0;0.0;0.0;0.0;0.0;;1.0;10.0;0.0;1.0;0.0;1.0;0.0;0.0;0.0;6.0;6.0;6.0;0.0;3.0;75.0;1.0;20.0;3;0.0;0.0;11.0;2.0;40.0;100.0;100.0
21289379;CENTRO EDUCA MAIS ALFREDO RODRIGUES LIMA;2100436;Alto Alegre do Maranhão;2.0;1.0;CENSO_ESCOLAR_2024;92;57;426.31;62;427.05;62;446.65;57;450.1;62;50;80.65;427.1;529.6;1.0;1.0;0.0;1.0;1.0;1.0;1.0;1.0;0.0;0.0;1.0;0.0;1.0;1.0;0.0;0.0;0.0;1.0;0.0;1.0;0.0;0.0;0.0;6.0;0.0;0.0;1.0;3.0;75.0;3.0;60.0;4;3.0;75.0;0.0;2.0;40.0;0.0;0.0
21291373;CENTRO DE ENSINO POETA CUNHA SANTOS;2111201;São José de Ribamar;2.0;1.0;CENSO_ESCOLAR_2024;88;73;452.32;75;458.74;75;494.27;73;470.03;75;67;89.33;547.47;612.84;1.0;1.0;0.0;1.0;1.0;1.0;0.0;0.0;1.0;0.0;1.0;1.0;0.0;1.0;4.0;1.0;44.0;1.0;0.0;0.0;0.0;0.0;0.0;8.0;8.0;8.0;1.0;3.0;75.0;2.0;40.0;4;3.0;75.0;49.0;1.0;20.0;100.0;100.0
21292051;CENTRO EDUCA MAIS QUILOMBOLA ROSALINO DE LIMA MARTINS;2104909;Guimarães;2.0;2.0;CENSO_ESCOLAR_2024;17;9;441.47;9;434.87;9;451.42;9;435.54;9;8;88.89;455.56;512.5;1.0;1.0;0.0;0.0;1.0;1.0;0.0;1.0;0.0;0.0;1.0;0.0;1.0;0.0;0.0;0.0;34.0;1.0;0.0;1.0;0.0;0.0;0.0;4.0;0.0;4.0;1.0;2.0;50.0;2.0;40.0;4;2.0;50.0;34.0;2.0;40.0;0.0;100.0
21296804;CENTRO DE ENSINO PROFESSORA MARIA ANITA OLIVEIRA NEPOMUCENO - ANEXO I - JACAREZINHO;2105476;Jenipapo dos Vieiras;2.0;2.0;CENSO_ESCOLAR_2024;11;10;444.02;10;444.54;10;454.04;10;452.06;10;8;80.0;514.0;642.5;1.0;1.0;0.0;0.0;0.0;0.0;0.0;0.0;0.0;0.0;1.0;0.0;1.0;0.0;0.0;0.0;0.0;0.0;0.0;1.0;0.0;0.0;0.0;3.0;0.0;0.0;0.0;2.0;50.0;0.0;0.0;4;2.0;50.0;0.0;1.0;20.0;0.0;0.0
21297002;CENTRO DE ENSINO PROFESSORA MARIA ANITA OLIVEIRA NEPOMUCENO - ANEXO IV - LAGOA DO COCO;2105476;Jenipapo dos Vieiras;2.0;2.0;CENSO_ESCOLAR_2024;13;6;438.42;8;470.59;8;472.76;6;438.5;8;7;87.5;537.5;614.29;0.0;1.0;0.0;0.0;0.0;0.0;0.0;0.0;0.0;0.0;1.0;0.0;1.0;0.0;0.0;0.0;0.0;0.0;0.0;1.0;0.0;0.0;0.0;4.0;0.0;0.0;0.0;1.0;25.0;0.0;0.0;4;2.0;50.0;0.0;1.0;20.0;0.0;0.0
21306605;CENTRO DE ENSINO DR JOAO LULA - ANEXO I - CAMPO GRANDE;2112209;Timon;2.0;2.0;CENSO_ESCOLAR_2024;29;15;430.66;17;439.19;17;465.27;15;440.89;17;13;76.47;454.12;593.85;1.0;1.0;0.0;1.0;0.0;0.0;0.0;0.0;0.0;0.0;0.0;0.0;0.0;;0.0;0.0;0.0;1.0;0.0;0.0;0.0;0.0;1.0;5.0;0.0;0.0;0.0;3.0;75.0;0.0;0.0;3;0.0;0.0;0.0;1.0;20.0;0.0;0.0
21313202;CENTRO DE ENSINO DR HENRIQUE COUTO - ANEXO I - BAIXA GRANDE;2110609;São Bernardo;2.0;2.0;CENSO_ESCOLAR_2024;21;12;422.6;14;418.41;14;412.69;12;412.86;14;9;64.29;338.57;526.67;0.0;1.0;0.0;0.0;1.0;1.0;0.0;0.0;1.0;0.0;0.0;0.0;0.0;;0.0;0.0;0.0;0.0;0.0;1.0;0.0;0.0;0.0;3.0;0.0;0.0;1.0;1.0;25.0;2.0;40.0;3;0.0;0.0;0.0;1.0;20.0;0.0;0.0
21313407;CENTRO DE ENSINO DEBORA CORREIA LIMA - ANEXO I - COQUEIRO;2110609;São Bernardo;2.0;2.0;CENSO_ESCOLAR_2024;29;23;445.4;23;426.71;23;441.1;23;452.87;23;17;73.91;433.04;585.88;1.0;1.0;0.0;0.0;0.0;0.0;0.0;0.0;0.0;0.0;1.0;0.0;0.0;0.0;0.0;0.0;0.0;0.0;0.0;0.0;0.0;0.0;1.0;3.0;0.0;0.0;0.0;2.0;50.0;0.0;0.0;4;1.0;25.0;0.0;0.0;0.0;0.0;0.0
21314004;CENTRO DE ENSINO FRANCISCO MACATRAO - ANEXO I - PALESTINA;2102101;Brejo;2.0;2.0;CENSO_ESCOLAR_2024;36;28;422.2;29;404.06;29;429.13;28;444.42;29;27;93.1;578.62;621.48;1.0;1.0;0.0;0.0;1.0;1.0;0.0;0.0;0.0;0.0;1.0;0.0;1.0;1.0;0.0;2.0;0.0;1.0;0.0;1.0;0.0;0.0;0.0;6.0;6.0;6.0;1.0;2.0;50.0;1.0;20.0;4;3.0;75.0;2.0;2.0;40.0;100.0;100.0
21314209;CENTRO DE ENSINO PAULO RAMOS - ANEXO IV - PORTO SANTO;2112407;Turiaçu;2.0;2.0;CENSO_ESCOLAR_2024;18;13;451.2;14;438.26;14;432.44;13;431.94;14;11;78.57;432.86;550.91;1.0;1.0;0.0;0.0;0.0;0.0;0.0;0.0;0.0;0.0;0.0;0.0;0.0;;0.0;0.0;0.0;0.0;0.0;1.0;0.0;0.0;0.0;5.0;0.0;5.0;0.0;2.0;50.0;0.0;0.0;3;0.0;0.0;0.0;1.0;20.0;0.0;100.0
21316201;CENTRO DE EDUCACAO QUILOMBOLA ANGELO DA CONCEICAO DA GUARDA;2112902;Vitória do Mearim;2.0;2.0;CENSO_ESCOLAR_2024;21;11;429.15;11;400.55;11;439.31;11;432.68;11;10;90.91;480.0;528.0;1.0;1.0;0.0;0.0;0.0;0.0;0.0;0.0;0.0;0.0;1.0;1.0;1.0;0.0;0.0;1.0;0.0;1.0;0.0;1.0;1.0;0.0;0.0;4.0;0.0;0.0;0.0;2.0;50.0;0.0;0.0;4;3.0;75.0;1.0;3.0;60.0;0.0;0.0
21323224;CENTRO DE ENSINO DR JACKSON LAGO - ANEXO I - TRES FUROS;2109270;Presidente Sarney;2.0;2.0;CENSO_ESCOLAR_2024;35;21;417.31;23;432.65;23;447.19;21;447.64;23;18;78.26;377.39;482.22;0.0;1.0;0.0;1.0;0.0;0.0;0.0;0.0;0.0;1.0;0.0;0.0;0.0;;0.0;0.0;0.0;0.0;0.0;1.0;0.0;0.0;0.0;8.0;8.0;0.0;0.0;2.0;50.0;1.0;20.0;3;0.0;0.0;0.0;1.0;20.0;100.0;0.0
21323232;CENTRO DE ENSINO TEREZINHA DE JESUS SILVA BORGES - ANEXO II - CAJU;2108256;Pedro do Rosário;2.0;2.0;CENSO_ESCOLAR_2024;12;1;487.9;1;386.8;1;369.7;1;502.6;1;1;100.0;580.0;580.0;0.0;1.0;0.0;0.0;0.0;0.0;0.0;0.0;0.0;0.0;1.0;0.0;0.0;1.0;0.0;0.0;0.0;0.0;0.0;0.0;0.0;0.0;1.0;2.0;0.0;0.0;0.0;1.0;25.0;0.0;0.0;4;2.0;50.0;0.0;0.0;0.0;0.0;0.0
21325235;CENTRO DE ENSINO PAULO RAMOS - ANEXO V - NOVA CAXIAS;2112407;Turiaçu;2.0;2.0;CENSO_ESCOLAR_2024;10;3;402.53;4;455.02;4;429.28;3;409.93;4;4;100.0;540.0;540.0;1.0;1.0;0.0;0.0;0.0;0.0;0.0;0.0;0.0;0.0;0.0;0.0;0.0;;0.0;0.0;0.0;0.0;0.0;0.0;0.0;0.0;0.0;2.0;0.0;2.0;0.0;2.0;50.0;0.0;0.0;3;0.0;0.0;0.0;0.0;0.0;0.0;100.0
21326401;CENTRO EDUCA MAIS DEPUTADO REMY SOARES;2109106;Presidente Dutra;2.0;1.0;CENSO_ESCOLAR_2024;51;37;480.25;38;502.37;38;515.61;37;499.21;38;36;94.74;625.79;660.56;1.0;1.0;0.0;1.0;1.0;1.0;1.0;1.0;1.0;0.0;1.0;1.0;0.0;1.0;7.0;2.0;0.0;1.0;1.0;1.0;0.0;0.0;0.0;13.0;7.0;13.0;1.0;3.0;75.0;4.0;80.0;4;3.0;75.0;9.0;3.0;60.0;53.85;100.0
21326410;CENTRO EDUCA MAIS - VERIANO MORAES;2103802;Dom Pedro;2.0;1.0;CENSO_ESCOLAR_2024;18;11;469.2;12;460.93;12;478.42;11;458.35;12;9;75.0;528.33;704.44;1.0;1.0;0.0;1.0;0.0;1.0;0.0;0.0;1.0;0.0;1.0;0.0;1.0;1.0;0.0;0.0;0.0;1.0;0.0;1.0;0.0;0.0;0.0;6.0;6.0;6.0;1.0;3.0;75.0;2.0;40.0;4;3.0;75.0;0.0;2.0;40.0;100.0;100.0
21326428;CENTRO DE ENSINO ALCIDES CESAR MENESES;2111748;Senador Alexandre Costa;2.0;1.0;CENSO_ESCOLAR_2024;90;62;441.89;67;434.74;67;460.79;62;452.45;67;56;83.58;434.93;520.36;1.0;1.0;0.0;1.0;1.0;1.0;0.0;0.0;1.0;0.0;1.0;0.0;0.0;1.0;0.0;0.0;0.0;1.0;0.0;1.0;1.0;0.0;0.0;6.0;6.0;0.0;1.0;3.0;75.0;2.0;40.0;4;2.0;50.0;0.0;3.0;60.0;100.0;0.0
21326606;CENTRO EDUCA MAIS VALNICE BERTOLDO LIMA CORDEIRO;2102754;Capinzal do Norte;2.0;1.0;CENSO_ESCOLAR_2024;54;50;439.77;50;439.61;50;458.45;50;454.79;50;44;88.0;548.8;623.64;1.0;1.0;1.0;1.0;1.0;1.0;0.0;0.0;1.0;0.0;1.0;1.0;0.0;0.0;0.0;1.0;0.0;1.0;0.0;1.0;0.0;0.0;0.0;4.0;0.0;0.0;1.0;4.0;100.0;2.0;40.0;4;2.0;50.0;1.0;2.0;40.0;0.0;0.0
21331693;CENTRO DE ENSINO LUSO ROCHA - ANEXO I - ALTO BONITO;2109502;Riachão;2.0;2.0;CENSO_ESCOLAR_2024;13;12;431.72;13;439.65;13;448.98;12;465.12;13;12;92.31;583.08;631.67;1.0;1.0;0.0;1.0;0.0;0.0;0.0;0.0;1.0;0.0;0.0;0.0;0.0;;1.0;0.0;0.0;0.0;0.0;1.0;0.0;0.0;0.0;3.0;0.0;3.0;0.0;3.0;75.0;1.0;20.0;3;0.0;0.0;1.0;1.0;20.0;0.0;100.0
21333203;CENTRO DE ENSINO MARIA DO SOCORRO COELHO CABRAL - ANEXO I - EURICO BOGEA;2101400;Balsas;2.0;1.0;CENSO_ESCOLAR_2024;13;5;424.08;7;428.29;7;446.8;5;441.38;7;6;85.71;405.71;473.33;1.0;1.0;0.0;1.0;0.0;0.0;0.0;0.0;0.0;0.0;1.0;0.0;0.0;0.0;0.0;0.0;0.0;0.0;0.0;0.0;0.0;0.0;1.0;3.0;3.0;0.0;0.0;3.0;75.0;0.0;0.0;4;1.0;25.0;0.0;0.0;0.0;100.0;0.0
21333211;CENTRO DE ENSINO ANTONIO SIRLEY DE ARRUDA LIMA - ANEXO I - SIBIL;2104099;Formosa da Serra Negra;2.0;2.0;CENSO_ESCOLAR_2024;26;21;458.05;20;435.58;20;470.58;21;478.5;20;20;100.0;608.0;608.0;1.0;1.0;0.0;0.0;0.0;0.0;0.0;0.0;0.0;0.0;1.0;0.0;0.0;1.0;0.0;0.0;0.0;0.0;0.0;1.0;0.0;0.0;0.0;6.0;6.0;6.0;0.0;2.0;50.0;0.0;0.0;4;2.0;50.0;0.0;1.0;20.0;100.0;100.0
21333408;CENTRO DE ENSINO ANTONIO SIRLEY DE ARRUDA LIMA - ANEXO II - SOARA;2104099;Formosa da Serra Negra;2.0;2.0;CENSO_ESCOLAR_2024;16;12;433.02;12;417.72;12;414.23;12;442.66;12;11;91.67;433.33;472.73;1.0;1.0;0.0;0.0;0.0;0.0;0.0;1.0;0.0;0.0;1.0;0.0;0.0;1.0;1.0;0.0;0.0;0.0;0.0;1.0;0.0;0.0;0.0;6.0;6.0;6.0;0.0;2.0;50.0;1.0;20.0;4;2.0;50.0;1.0;1.0;20.0;100.0;100.0
21335214;CENTRO DE ENSINO ARLINDO FERREIRA DE LUCENA;2101608;Barra do Corda;2.0;1.0;CENSO_ESCOLAR_2024;100;84;463.12;86;466.48;86;483.06;84;481.85;86;80;93.02;647.91;696.5;1.0;1.0;0.0;1.0;1.0;1.0;1.0;1.0;1.0;0.0;1.0;1.0;0.0;1.0;5.0;1.0;0.0;1.0;1.0;1.0;0.0;0.0;0.0;6.0;6.0;1.0;1.0;3.0;75.0;4.0;80.0;4;3.0;75.0;6.0;3.0;60.0;100.0;16.67
21335419;CENTRO DE ENSINO JOSUE DINIZ ALVES;2109908;Santa Inês;2.0;1.0;CENSO_ESCOLAR_2024;109;85;456.8;87;470.47;87;494.07;85;479.22;87;85;97.7;630.57;645.41;1.0;1.0;1.0;1.0;1.0;1.0;1.0;1.0;1.0;0.0;1.0;1.0;0.0;1.0;7.0;0.0;0.0;1.0;0.0;0.0;0.0;0.0;1.0;7.0;7.0;0.0;1.0;4.0;100.0;4.0;80.0;4;3.0;75.0;7.0;1.0;20.0;100.0;0.0
21335605;CENTRO EDUCA MAIS JOSE MOTA AMARAL;2106904;Monção;2.0;1.0;CENSO_ESCOLAR_2024;51;38;430.35;42;427.01;42;453.2;38;441.35;42;39;92.86;488.57;526.15;0.0;1.0;1.0;1.0;1.0;1.0;1.0;1.0;1.0;0.0;1.0;0.0;1.0;0.0;5.0;10.0;0.0;1.0;0.0;1.0;0.0;0.0;0.0;6.0;6.0;0.0;1.0;3.0;75.0;4.0;80.0;4;2.0;50.0;15.0;2.0;40.0;100.0;0.0
21335630;CENTRO EDUCA MAIS NEWTON SERRA;2102002;Bom Jardim;2.0;1.0;CENSO_ESCOLAR_2024;55;47;432.56;49;443.99;49;468.73;47;461.27;49;45;91.84;546.53;595.11;1.0;1.0;0.0;1.0;1.0;1.0;0.0;0.0;1.0;0.0;1.0;0.0;0.0;0.0;0.0;0.0;0.0;1.0;0.0;1.0;1.0;0.0;0.0;8.0;0.0;0.0;1.0;3.0;75.0;2.0;40.0;4;1.0;25.0;0.0;3.0;60.0;0.0;0.0
21335800;CENTRO DE ENSINO PROFESSOR RAFAEL BRAGA DE OLIVEIRA;2108702;Pio XII;2.0;1.0;CENSO_ESCOLAR_2024;63;37;426.93;41;424.73;41;452.73;37;445.31;41;35;85.37;445.37;521.71;1.0;1.0;0.0;1.0;0.0;0.0;1.0;1.0;1.0;1.0;0.0;0.0;0.0;;0.0;0.0;0.0;1.0;1.0;1.0;1.0;0.0;0.0;6.0;6.0;6.0;0.0;3.0;75.0;4.0;80.0;3;0.0;0.0;0.0;4.0;80.0;100.0;100.0
21335818;CENTRO DE ENSINO ARDALIAO AMERICO PIRES - ANEXO I - SAO GONCALO;2101608;Barra do Corda;2.0;2.0;CENSO_ESCOLAR_2024;13;6;464.85;6;415.97;6;460.28;6;443.43;6;5;83.33;460.0;552.0;1.0;1.0;0.0;0.0;0.0;0.0;0.0;0.0;1.0;0.0;1.0;0.0;1.0;1.0;2.0;0.0;0.0;1.0;1.0;1.0;0.0;0.0;0.0;6.0;3.0;6.0;0.0;2.0;50.0;1.0;20.0;4;3.0;75.0;2.0;3.0;60.0;50.0;100.0
21335826;CENTRO DE ENSINO PROFESSOR GALENO EDGAR BRANDES - ANEXO IV - LEANDRO;2104081;Fernando Falcão;2.0;2.0;CENSO_ESCOLAR_2024;15;11;454.97;11;476.71;11;487.88;11;456.73;11;11;100.0;741.82;741.82;1.0;1.0;0.0;1.0;0.0;0.0;0.0;1.0;0.0;0.0;1.0;0.0;1.0;1.0;2.0;0.0;0.0;0.0;0.0;1.0;0.0;0.0;0.0;6.0;0.0;0.0;0.0;3.0;75.0;1.0;20.0;4;3.0;75.0;2.0;1.0;20.0;0.0;0.0
21335834;CENTRO DE ENSINO PARSONDAS DE CARVALHO - ANEXO I - BOA LEMBRANCA;2111805;Sítio Novo;2.0;2.0;CENSO_ESCOLAR_2024;16;12;408.12;12;444.07;12;461.74;12;423.22;12;12;100.0;526.67;526.67;1.0;1.0;0.0;1.0;0.0;0.0;0.0;0.0;0.0;0.0;1.0;0.0;0.0;0.0;0.0;0.0;0.0;0.0;0.0;1.0;0.0;0.0;0.0;12.0;0.0;12.0;0.0;3.0;75.0;0.0;0.0;4;1.0;25.0;0.0;1.0;20.0;0.0;100.0
21336407;CENTRO DE ENSINO PROFESSOR JOAO PEDRO FREITAS DA SILVA;2101608;Barra do Corda;2.0;1.0;CENSO_ESCOLAR_2024;74;53;446.47;53;439.9;53;469.02;53;453.2;53;46;86.79;492.45;567.39;1.0;1.0;0.0;1.0;1.0;1.0;1.0;0.0;1.0;0.0;1.0;0.0;1.0;0.0;10.0;0.0;0.0;1.0;0.0;0.0;0.0;0.0;0.0;13.0;7.0;12.0;1.0;3.0;75.0;3.0;60.0;4;2.0;50.0;10.0;1.0;20.0;53.85;92.31
21336806;CENTRO DE ENSINO PROFESSORA MARIA LUIZA RODRIGUES DE SOUSA - ANEXO I - POVOADO CASSIMIRO;2102002;Bom Jardim;2.0;2.0;CENSO_ESCOLAR_2024;41;25;435.09;28;427.19;28;460.29;25;441.0;28;25;89.29;530.0;593.6;1.0;1.0;0.0;0.0;0.0;0.0;0.0;0.0;0.0;0.0;1.0;0.0;0.0;0.0;1.0;0.0;0.0;1.0;0.0;1.0;0.0;0.0;0.0;12.0;0.0;8.0;0.0;2.0;50.0;0.0;0.0;4;1.0;25.0;1.0;2.0;40.0;0.0;66.67
21337209;CENTRO EDUCA MAIS DEPUTADO JOSE RIBAMAR ELOUF;2112209;Timon;2.0;1.0;CENSO_ESCOLAR_2024;42;24;433.25;28;425.23;28;454.98;24;449.52;28;25;89.29;502.86;563.2;1.0;1.0;0.0;1.0;1.0;1.0;0.0;0.0;1.0;0.0;1.0;1.0;0.0;1.0;0.0;8.0;1.0;1.0;0.0;1.0;1.0;0.0;0.0;6.0;6.0;0.0;1.0;3.0;75.0;2.0;40.0;4;3.0;75.0;9.0;3.0;60.0;100.0;0.0
21337403;CENTRO DE ENSINO DR GETULIO VARGAS - ANEXO I - CASTELO;2106904;Monção;2.0;2.0;CENSO_ESCOLAR_2024;12;9;400.76;9;400.22;9;405.98;9;443.9;9;7;77.78;368.89;474.29;1.0;1.0;0.0;0.0;0.0;0.0;0.0;0.0;0.0;0.0;0.0;0.0;0.0;;0.0;0.0;0.0;0.0;0.0;0.0;0.0;0.0;1.0;3.0;0.0;0.0;0.0;2.0;50.0;0.0;0.0;3;0.0;0.0;0.0;0.0;0.0;0.0;0.0
21339210;CENTRO DE ENSINO HUMBERTO DE CAMPOS - ANEXO II - ILHAS CANARIAS;2100907;Araioses;2.0;1.0;CENSO_ESCOLAR_2024;15;11;479.38;11;478.1;11;478.45;11;488.35;11;9;81.82;563.64;688.89;1.0;1.0;0.0;0.0;0.0;0.0;0.0;0.0;0.0;0.0;0.0;0.0;0.0;;0.0;0.0;0.0;0.0;0.0;0.0;0.0;0.0;1.0;6.0;0.0;0.0;0.0;2.0;50.0;0.0;0.0;3;0.0;0.0;0.0;0.0;0.0;0.0;0.0
21339414;CENTRO DE ENSINO PREFEITO DIONILIO GONCALVES COSTA - ANEXO III - CUSTODIO LIMA;2106300;Magalhães de Almeida;2.0;2.0;CENSO_ESCOLAR_2024;13;9;459.94;9;442.48;9;478.31;9;419.7;9;7;77.78;451.11;580.0;1.0;1.0;0.0;0.0;0.0;0.0;0.0;0.0;0.0;0.0;1.0;0.0;1.0;1.0;0.0;0.0;0.0;0.0;0.0;1.0;0.0;0.0;0.0;4.0;0.0;0.0;0.0;2.0;50.0;0.0;0.0;4;3.0;75.0;0.0;1.0;20.0;0.0;0.0
21339430;CENTRO DE EDUCACAO QUILOMBOLA ELOI FERREIRA DOS REIS;2106409;Mata Roma;2.0;2.0;CENSO_ESCOLAR_2024;19;10;401.84;11;396.53;11;419.06;10;444.57;11;9;81.82;403.64;493.33;1.0;1.0;0.0;0.0;0.0;0.0;0.0;0.0;0.0;0.0;1.0;0.0;0.0;0.0;0.0;2.0;0.0;0.0;0.0;0.0;0.0;0.0;1.0;5.0;0.0;0.0;0.0;2.0;50.0;0.0;0.0;4;1.0;25.0;2.0;0.0;0.0;0.0;0.0
21339805;CENTRO DE ENSINO PREFEITO DIONILIO GONCALVES COSTA - ANEXO IV - BACURI;2106300;Magalhães de Almeida;2.0;2.0;CENSO_ESCOLAR_2024;11;9;435.4;10;420.3;10;432.47;9;461.88;10;8;80.0;510.0;637.5;1.0;1.0;0.0;0.0;0.0;0.0;0.0;0.0;0.0;0.0;1.0;0.0;1.0;1.0;0.0;0.0;0.0;0.0;0.0;1.0;0.0;0.0;0.0;6.0;0.0;0.0;0.0;2.0;50.0;0.0;0.0;4;3.0;75.0;0.0;1.0;20.0;0.0;0.0
21340005;CENTRO DE ENSINO SAO FRANCISCO - ANEXO I - SAO JOAO;2110237;Santana do Maranhão;2.0;2.0;CENSO_ESCOLAR_2024;22;15;433.71;16;410.03;16;461.11;15;432.41;16;12;75.0;402.5;536.67;0.0;1.0;0.0;1.0;0.0;0.0;0.0;0.0;0.0;0.0;1.0;0.0;0.0;1.0;0.0;0.0;0.0;1.0;0.0;1.0;0.0;0.0;0.0;6.0;0.0;0.0;0.0;2.0;50.0;0.0;0.0;4;2.0;50.0;0.0;2.0;40.0;0.0;0.0
21340617;CENTRO DE ENSINO ALFREDO DUAILIBE - ANEXO II - SAO JOSE;2108058;Paulino Neves;2.0;2.0;CENSO_ESCOLAR_2024;13;13;443.08;13;426.48;13;457.62;13;445.23;13;13;100.0;540.0;540.0;1.0;1.0;0.0;1.0;0.0;0.0;0.0;0.0;0.0;0.0;0.0;0.0;0.0;;0.0;0.0;0.0;0.0;0.0;1.0;0.0;0.0;0.0;5.0;0.0;5.0;0.0;3.0;75.0;0.0;0.0;3;0.0;0.0;0.0;1.0;20.0;0.0;100.0
21346240;CENTRO DE ENSINO REITOR RIBAMAR CARVALHO;2103307;Codó;2.0;1.0;CENSO_ESCOLAR_2024;92;57;425.99;58;428.54;58;455.19;57;447.42;58;53;91.38;511.38;559.62;1.0;1.0;0.0;1.0;1.0;1.0;1.0;1.0;1.0;1.0;1.0;1.0;1.0;1.0;3.0;1.0;0.0;1.0;0.0;0.0;0.0;0.0;0.0;10.0;4.0;0.0;1.0;3.0;75.0;5.0;100.0;4;4.0;100.0;4.0;1.0;20.0;40.0;0.0
21346259;CENTRO DE ENSINO NEY BRAGA - ANEXO I - RODAGEM;2101509;Barão de Grajaú;2.0;2.0;CENSO_ESCOLAR_2024;42;34;423.54;34;448.55;34;451.21;34;426.48;34;29;85.29;442.35;518.62;1.0;1.0;0.0;0.0;0.0;0.0;0.0;0.0;0.0;0.0;0.0;0.0;0.0;;0.0;0.0;0.0;0.0;0.0;0.0;0.0;0.0;1.0;9.0;0.0;0.0;0.0;2.0;50.0;0.0;0.0;3;0.0;0.0;0.0;0.0;0.0;0.0;0.0
21349401;CENTRO DE ENSINO PROFESSOR JOSE CESARIO DA SILVA;2100055;Açailândia;2.0;1.0;CENSO_ESCOLAR_2024;79;52;459.99;56;447.84;56;468.94;52;447.81;56;44;78.57;486.43;619.09;1.0;1.0;0.0;1.0;0.0;0.0;1.0;1.0;1.0;0.0;1.0;1.0;1.0;1.0;2.0;0.0;0.0;1.0;1.0;1.0;0.0;0.0;0.0;6.0;6.0;6.0;0.0;3.0;75.0;3.0;60.0;4;4.0;100.0;2.0;3.0;60.0;100.0;100.0
21353000;CENTRO DE ENSINO DOUTOR JOSE NEIVA - ANEXO I - SANTA FE;2108009;Pastos Bons;2.0;2.0;CENSO_ESCOLAR_2024;23;9;432.78;9;398.62;9;451.78;9;420.17;9;7;77.78;368.89;474.29;1.0;1.0;0.0;0.0;0.0;0.0;0.0;0.0;0.0;0.0;1.0;0.0;0.0;1.0;0.0;0.0;0.0;1.0;0.0;1.0;0.0;0.0;0.0;6.0;0.0;0.0;0.0;2.0;50.0;0.0;0.0;4;2.0;50.0;0.0;2.0;40.0;0.0;0.0
21355002;CENTRO DE ENSINO DEPUTADO JOSE RIBAMAR DOMINICI;2111003;São João Batista;2.0;1.0;CENSO_ESCOLAR_2024;51;21;417.13;26;409.0;26;430.48;21;436.18;26;22;84.62;409.23;483.64;1.0;1.0;0.0;1.0;1.0;1.0;0.0;0.0;0.0;0.0;0.0;0.0;0.0;;0.0;0.0;0.0;1.0;0.0;0.0;0.0;0.0;1.0;6.0;6.0;0.0;1.0;3.0;75.0;1.0;20.0;3;0.0;0.0;0.0;1.0;20.0;100.0;0.0
21355207;CENTRO DE ENSINO MARIA DA CONCEICAO TEOFILO SILVA - ANEXO I - VERTENTE;2112209;Timon;2.0;2.0;CENSO_ESCOLAR_2024;36;26;416.0;27;422.51;27;446.23;26;446.89;27;20;74.07;385.19;520.0;1.0;1.0;0.0;0.0;0.0;0.0;0.0;0.0;0.0;0.0;1.0;0.0;0.0;0.0;1.0;0.0;0.0;1.0;0.0;1.0;0.0;0.0;0.0;20.0;20.0;20.0;0.0;2.0;50.0;0.0;0.0;4;1.0;25.0;1.0;2.0;40.0;100.0;100.0
21358206;CENTRO DE EDUCACAO QUILOMBOLA PROFESSOR AQUILES BATISTA VIEIRA - OITIUA;2100204;Alcântara;2.0;2.0;CENSO_ESCOLAR_2024;38;20;411.29;21;400.0;21;439.49;20;438.56;21;13;61.9;334.29;540.0;1.0;1.0;0.0;1.0;0.0;0.0;0.0;0.0;0.0;0.0;1.0;1.0;1.0;1.0;0.0;0.0;0.0;0.0;0.0;1.0;0.0;0.0;0.0;12.0;1.0;1.0;0.0;3.0;75.0;0.0;0.0;4;4.0;100.0;0.0;1.0;20.0;8.33;8.33
21358214;CENTRO DE ENSINO MARIA GRACIANA PINTO COSTA;2112902;Vitória do Mearim;2.0;1.0;CENSO_ESCOLAR_2024;22;16;426.31;16;441.44;16;473.49;16;449.42;16;16;100.0;602.5;602.5;1.0;1.0;0.0;1.0;1.0;1.0;1.0;1.0;1.0;0.0;1.0;0.0;1.0;1.0;2.0;10.0;0.0;1.0;0.0;1.0;0.0;0.0;0.0;6.0;6.0;0.0;1.0;3.0;75.0;4.0;80.0;4;3.0;75.0;12.0;2.0;40.0;100.0;0.0
21359202;CENTRO EDUCA MAIS ANICETO MARIANO COSTA;2106508;Matinha;2.0;1.0;CENSO_ESCOLAR_2024;118;103;444.39;106;441.72;106;472.81;103;464.41;106;90;84.91;525.28;618.67;1.0;1.0;0.0;1.0;1.0;1.0;1.0;0.0;1.0;0.0;1.0;1.0;1.0;1.0;1.0;0.0;0.0;1.0;1.0;1.0;0.0;0.0;0.0;5.0;5.0;5.0;1.0;3.0;75.0;3.0;60.0;4;4.0;100.0;1.0;3.0;60.0;100.0;100.0
21361207;CENTRO DE ENSINO PROFESSOR VALMIR DA PAIXAO SANTOS - ANEXO - VI -FAISA;2110005;Santa Luzia;2.0;2.0;CENSO_ESCOLAR_2024;17;7;413.39;8;420.58;8;427.06;7;424.2;8;7;87.5;370.0;422.86;1.0;1.0;0.0;0.0;0.0;0.0;0.0;0.0;0.0;0.0;0.0;0.0;0.0;;0.0;0.0;0.0;0.0;0.0;0.0;0.0;0.0;1.0;10.0;0.0;0.0;0.0;2.0;50.0;0.0;0.0;3;0.0;0.0;0.0;0.0;0.0;0.0;0.0
21364206;CENTRO DE ENSINO DR ANTONIO JORGE DINO - ANEXO I - ASSENTAMENTO PAVIO;2103505;Colinas;2.0;2.0;CENSO_ESCOLAR_2024;11;0;;0;;0;;0;;0;0;;;;1.0;1.0;1.0;0.0;0.0;0.0;0.0;0.0;0.0;0.0;1.0;0.0;0.0;0.0;1.0;1.0;0.0;0.0;0.0;0.0;0.0;0.0;1.0;6.0;0.0;0.0;0.0;3.0;75.0;0.0;0.0;4;1.0;25.0;2.0;0.0;0.0;0.0;0.0
21370206;CENTRO DE ENSINO JOSE LOPES DE SOUSA;2110104;Santa Quitéria do Maranhão;2.0;2.0;CENSO_ESCOLAR_2024;26;12;420.03;13;416.85;13;451.88;12;434.15;13;12;92.31;447.69;485.0;0.0;1.0;0.0;0.0;0.0;0.0;0.0;0.0;0.0;0.0;1.0;0.0;0.0;1.0;0.0;0.0;0.0;0.0;0.0;1.0;0.0;0.0;0.0;21.0;0.0;0.0;0.0;1.0;25.0;0.0;0.0;4;2.0;50.0;0.0;1.0;20.0;0.0;0.0
21371202;CENTRO DE ENSINO ALFREDO DUAILIBE - ANEXO V - SAO FRANCISCO;2108058;Paulino Neves;2.0;2.0;CENSO_ESCOLAR_2024;28;14;439.88;16;424.05;16;440.79;14;435.34;16;12;75.0;365.0;486.67;1.0;1.0;0.0;0.0;0.0;0.0;0.0;0.0;0.0;0.0;0.0;0.0;0.0;;0.0;0.0;0.0;0.0;0.0;1.0;0.0;0.0;0.0;12.0;0.0;0.0;0.0;2.0;50.0;0.0;0.0;3;0.0;0.0;0.0;1.0;20.0;0.0;0.0
21374201;CENTRO DE ENSINO ESTER FLORA DE ARAUJO - ANEXO II - MANGABEIRA;2112605;Urbano Santos;2.0;2.0;CENSO_ESCOLAR_2024;10;5;419.0;5;407.88;5;415.78;5;430.46;5;3;60.0;280.0;466.67;1.0;1.0;0.0;0.0;0.0;0.0;0.0;0.0;0.0;0.0;0.0;0.0;0.0;;0.0;0.0;0.0;0.0;0.0;1.0;0.0;0.0;0.0;8.0;1.0;1.0;0.0;2.0;50.0;0.0;0.0;3;0.0;0.0;0.0;1.0;20.0;12.5;12.5
21375208;CENTRO DE ENSINO ESTER FLORA DE ARAUJO - ANEXO III - CAJUEIRO;2112605;Urbano Santos;2.0;2.0;CENSO_ESCOLAR_2024;22;15;433.91;15;367.01;15;426.19;15;432.07;15;11;73.33;345.33;470.91;1.0;1.0;1.0;0.0;0.0;0.0;0.0;0.0;0.0;0.0;1.0;0.0;0.0;1.0;0.0;0.0;0.0;0.0;0.0;1.0;0.0;0.0;0.0;6.0;0.0;0.0;0.0;3.0;75.0;0.0;0.0;4;2.0;50.0;0.0;1.0;20.0;0.0;0.0
21376204;CENTRO DE ENSINO MAJOR ERICO GOMES BRAGA - ANEXO I - ASSENTAMENTO BALAIADA;2107209;Nina Rodrigues;2.0;2.0;CENSO_ESCOLAR_2024;15;6;455.3;6;455.83;6;462.0;6;444.43;6;6;100.0;516.67;516.67;1.0;1.0;0.0;0.0;0.0;0.0;0.0;0.0;0.0;0.0;1.0;0.0;1.0;0.0;3.0;4.0;40.0;0.0;0.0;1.0;0.0;0.0;0.0;6.0;3.0;3.0;0.0;2.0;50.0;0.0;0.0;4;2.0;50.0;47.0;1.0;20.0;50.0;50.0
21382204;CENTRO DE ENSINO NOSSA SENHORA DA CONCEICAO - ANEXO I - ESTRADA DE RAFAEL;2112803;Viana;2.0;2.0;CENSO_ESCOLAR_2024;15;8;444.85;8;415.29;8;455.25;8;428.4;8;7;87.5;410.0;468.57;1.0;1.0;0.0;0.0;0.0;0.0;0.0;0.0;0.0;0.0;1.0;0.0;1.0;0.0;0.0;0.0;0.0;0.0;0.0;1.0;0.0;0.0;0.0;7.0;7.0;7.0;0.0;2.0;50.0;0.0;0.0;4;2.0;50.0;0.0;1.0;20.0;100.0;100.0
21385203;CENTRO EDUCA MAIS DJALMA CRUZ- ANEXO I - BARAO DE TROMAI;2102606;Cândido Mendes;2.0;2.0;CENSO_ESCOLAR_2024;29;24;435.41;25;402.26;25;450.14;24;442.66;25;20;80.0;443.2;554.0;1.0;1.0;0.0;0.0;0.0;0.0;0.0;0.0;0.0;0.0;0.0;0.0;0.0;;0.0;0.0;0.0;0.0;0.0;1.0;0.0;0.0;0.0;13.0;13.0;0.0;0.0;2.0;50.0;0.0;0.0;3;0.0;0.0;0.0;1.0;20.0;100.0;0.0
21404208;CENTRO DE ENSINO PROFESSOR ANTENOR BOGEA - ANEXO I - ALTO DA CRUZ;2106631;Matões do Norte;2.0;2.0;CENSO_ESCOLAR_2024;13;6;447.83;7;387.13;7;403.33;6;458.68;7;4;57.14;282.86;495.0;1.0;1.0;0.0;0.0;0.0;0.0;0.0;0.0;0.0;0.0;1.0;0.0;0.0;0.0;0.0;1.0;0.0;1.0;0.0;0.0;0.0;0.0;1.0;6.0;0.0;0.0;0.0;2.0;50.0;0.0;0.0;4;1.0;25.0;1.0;1.0;20.0;0.0;0.0
21424209;CENTRO DE ENSINO INACIO ROCHA - ANEXO I - PEDRAS;2111078;São João do Soter;2.0;2.0;CENSO_ESCOLAR_2024;26;19;440.55;19;440.09;19;460.46;19;450.78;19;16;84.21;452.63;537.5;1.0;1.0;0.0;0.0;0.0;0.0;0.0;0.0;0.0;0.0;1.0;0.0;0.0;1.0;0.0;0.0;0.0;0.0;0.0;0.0;0.0;0.0;1.0;4.0;0.0;0.0;0.0;2.0;50.0;0.0;0.0;4;2.0;50.0;0.0;0.0;0.0;0.0;0.0
21428204;CENTRO DE ENSINO JOSE DE MATOS OLIVEIRA - ANEXO I - CENTRO DO JOSE RODRIGUES;2107407;Olho d'Água das Cunhãs;2.0;2.0;CENSO_ESCOLAR_2024;12;9;463.33;9;468.89;9;480.6;9;490.54;9;9;100.0;606.67;606.67;1.0;1.0;1.0;1.0;1.0;1.0;0.0;0.0;0.0;0.0;1.0;1.0;1.0;1.0;0.0;0.0;0.0;0.0;0.0;0.0;0.0;0.0;1.0;906.0;9.0;0.0;1.0;4.0;100.0;1.0;20.0;4;4.0;100.0;0.0;0.0;0.0;0.99;0.0
21435200;IFMA - CAMPUS SANTA INES;2109908;Santa Inês;1.0;1.0;CENSO_ESCOLAR_2024;199;171;494.38;172;506.9;172;526.28;171;527.11;172;167;97.09;709.07;730.3;1.0;1.0;0.0;1.0;1.0;1.0;1.0;1.0;1.0;1.0;1.0;1.0;1.0;1.0;103.0;10.0;10.0;1.0;1.0;1.0;0.0;0.0;0.0;25.0;25.0;25.0;1.0;3.0;75.0;5.0;100.0;4;4.0;100.0;123.0;3.0;60.0;100.0;100.0
21436207;IFMA - CAMPUS ALCANTARA;2100204;Alcântara;1.0;1.0;CENSO_ESCOLAR_2024;29;27;470.51;28;484.38;28;491.95;27;476.6;28;27;96.43;660.71;685.19;1.0;1.0;0.0;1.0;1.0;1.0;1.0;1.0;1.0;1.0;1.0;1.0;1.0;1.0;20.0;0.0;0.0;1.0;0.0;0.0;0.0;0.0;0.0;6.0;6.0;0.0;1.0;3.0;75.0;5.0;100.0;4;4.0;100.0;20.0;1.0;20.0;100.0;0.0
21436215;IFMA - CAMPUS SAO LUIS CENTRO HISTORICO;2111300;São Luís;1.0;1.0;CENSO_ESCOLAR_2024;147;137;485.67;139;500.73;139;518.85;137;500.52;139;128;92.09;631.8;686.09;1.0;1.0;1.0;0.0;1.0;1.0;1.0;1.0;0.0;0.0;1.0;1.0;1.0;1.0;70.0;28.0;56.0;1.0;1.0;1.0;0.0;0.0;0.0;17.0;15.0;17.0;1.0;3.0;75.0;3.0;60.0;4;4.0;100.0;154.0;3.0;60.0;88.24;100.0
21437203;IFMA - CAMPUS BURITICUPU;2102325;Buriticupu;1.0;1.0;CENSO_ESCOLAR_2024;121;104;490.77;107;491.17;107;502.96;104;484.61;107;103;96.26;634.58;659.22;1.0;1.0;0.0;1.0;1.0;1.0;1.0;1.0;1.0;1.0;1.0;1.0;1.0;1.0;55.0;0.0;0.0;1.0;0.0;1.0;0.0;0.0;0.0;20.0;20.0;20.0;1.0;3.0;75.0;5.0;100.0;4;4.0;100.0;55.0;2.0;40.0;100.0;100.0
21438200;IFMA - CAMPUS ACAILANDIA;2100055;Açailândia;1.0;1.0;CENSO_ESCOLAR_2024;158;141;500.06;146;508.37;146;523.34;141;507.95;146;142;97.26;642.88;660.99;1.0;1.0;0.0;1.0;1.0;1.0;1.0;1.0;1.0;0.0;1.0;1.0;0.0;1.0;48.0;0.0;0.0;1.0;1.0;1.0;1.0;0.0;0.0;14.0;14.0;14.0;1.0;3.0;75.0;4.0;80.0;4;3.0;75.0;48.0;4.0;80.0;100.0;100.0
21490201;CENTRO EDUCA MAIS AYRTON SENNA;2105401;Itapecuru Mirim;2.0;1.0;CENSO_ESCOLAR_2024;42;29;442.58;31;428.99;31;459.49;29;461.9;31;27;87.1;545.81;626.67;1.0;1.0;0.0;1.0;1.0;1.0;1.0;0.0;1.0;0.0;1.0;1.0;1.0;1.0;0.0;0.0;0.0;1.0;1.0;1.0;0.0;0.0;0.0;8.0;0.0;0.0;1.0;3.0;75.0;3.0;60.0;4;4.0;100.0;0.0;3.0;60.0;0.0;0.0
21490210;CENTRO EDUCA MAIS TERESA LEITE MIRANDA;2102077;Bom Lugar;2.0;1.0;CENSO_ESCOLAR_2024;48;32;449.74;32;439.88;32;464.08;32;456.42;32;28;87.5;541.25;618.57;1.0;1.0;0.0;1.0;1.0;1.0;0.0;0.0;1.0;0.0;1.0;0.0;1.0;1.0;0.0;0.0;0.0;0.0;0.0;1.0;1.0;0.0;0.0;6.0;0.0;6.0;1.0;3.0;75.0;2.0;40.0;4;3.0;75.0;0.0;2.0;40.0;0.0;100.0
21491208;CENTRO EDUCA MAIS PROFESSOR JOSE FRANCA DE SOUSA;2109452;Raposa;2.0;2.0;CENSO_ESCOLAR_2024;76;53;437.63;56;445.23;56;468.53;53;434.61;56;46;82.14;427.14;520.0;1.0;1.0;0.0;1.0;1.0;1.0;0.0;1.0;1.0;0.0;1.0;1.0;1.0;1.0;4.0;5.0;0.0;1.0;0.0;0.0;0.0;0.0;0.0;9.0;9.0;9.0;1.0;3.0;75.0;3.0;60.0;4;4.0;100.0;9.0;1.0;20.0;100.0;100.0
21492298;CENTRO DE ENSINO PROFESSORA MARIA DO CARMO BEZERRA PAIVA - ASSENTAMENTO CAXIRIMBU;2103000;Caxias;2.0;2.0;CENSO_ESCOLAR_2024;77;52;420.7;54;432.12;54;433.19;52;426.7;54;47;87.04;480.37;551.91;1.0;1.0;0.0;0.0;1.0;1.0;0.0;0.0;1.0;1.0;1.0;1.0;0.0;1.0;7.0;3.0;40.0;1.0;1.0;0.0;0.0;0.0;1.0;6.0;6.0;0.0;1.0;2.0;50.0;3.0;60.0;4;3.0;75.0;50.0;2.0;40.0;100.0;0.0
21498822;CENTRO DE EDUCACAO DO CAMPO ROSELI NUNES - ASSENTAMENTO CIGRA;2105963;Lagoa Grande do Maranhão;2.0;2.0;CENSO_ESCOLAR_2024;12;8;476.38;8;462.26;8;485.09;8;453.45;8;8;100.0;490.0;490.0;1.0;1.0;0.0;0.0;1.0;1.0;0.0;0.0;0.0;1.0;1.0;1.0;0.0;1.0;4.0;2.0;40.0;1.0;0.0;1.0;0.0;0.0;0.0;6.0;0.0;0.0;1.0;2.0;50.0;2.0;40.0;4;3.0;75.0;46.0;2.0;40.0;0.0;0.0
21548668;CENTRO DE ENSINO PROFESSORA MARCELINA NOIA ALVES - ANEXO V - POVOADO NOVA BRASILIA;2100477;Alto Alegre do Pindaré;2.0;2.0;CENSO_ESCOLAR_2024;14;9;447.01;9;387.39;9;449.64;9;422.56;9;5;55.56;288.89;520.0;1.0;1.0;1.0;1.0;1.0;1.0;0.0;0.0;0.0;0.0;0.0;0.0;0.0;;0.0;1.0;0.0;0.0;0.0;1.0;0.0;0.0;0.0;3.0;3.0;0.0;1.0;4.0;100.0;1.0;20.0;3;0.0;0.0;1.0;1.0;20.0;100.0;0.0
21577676;CENTRO EDUCA MAIS ANTONIO REINALDO PORTO;2107902;Passagem Franca;2.0;1.0;CENSO_ESCOLAR_2024;87;74;434.71;76;448.5;76;476.54;74;488.21;76;57;75.0;517.89;690.53;1.0;1.0;0.0;1.0;1.0;1.0;1.0;1.0;1.0;0.0;1.0;1.0;1.0;1.0;2.0;2.0;0.0;1.0;0.0;1.0;0.0;0.0;0.0;12.0;12.0;12.0;1.0;3.0;75.0;4.0;80.0;4;4.0;100.0;4.0;2.0;40.0;100.0;100.0
21577684;CENTRO DE ENSINO PROFESSORA ZULEICA SANTOS - ANEXO I - JUCARA;2102309;Buriti Bravo;2.0;2.0;CENSO_ESCOLAR_2024;10;6;419.0;6;415.77;6;413.38;6;412.42;6;5;83.33;403.33;484.0;1.0;1.0;0.0;0.0;0.0;0.0;0.0;0.0;0.0;0.0;1.0;0.0;0.0;1.0;1.0;0.0;0.0;0.0;0.0;0.0;0.0;0.0;0.0;3.0;0.0;3.0;0.0;2.0;50.0;0.0;0.0;4;2.0;50.0;1.0;0.0;0.0;0.0;100.0
